{
  "resourceType" : "PackagedProductDefinition",
  "id" : "CanifugCremolum-EE-PPD-1033692",
  "meta" : {
    "profile" : ["http://unicom-project.eu/fhir/StructureDefinition/PPLPackagedProductDefinition"]
  },
  "text" : {
    "status" : "generated",
    "div" : "<div xmlns=\"http://www.w3.org/1999/xhtml\"><p><b>Generated Narrative: PackagedProductDefinition</b><a name=\"CanifugCremolum-EE-PPD-1033692\"> </a></p><div style=\"display: inline-block; background-color: #d9e0e7; padding: 6px; margin: 4px; border: 1px solid #8da1b4; border-radius: 5px; line-height: 60%\"><p style=\"margin-bottom: 0px\">Resource PackagedProductDefinition &quot;CanifugCremolum-EE-PPD-1033692&quot; </p><p style=\"margin-bottom: 0px\">Profile: <a href=\"StructureDefinition-PPLPackagedProductDefinition.html\">PPL Packaged Product profile</a></p></div><p><b>identifier</b>: id:\u00a0EE-100004795-10280-1033692</p><p><b>packageFor</b>: <a href=\"MedicinalProductDefinition-CanifugCremolum-EE-MPD.html\">MedicinalProductDefinition/CanifugCremolum-EE-MPD</a></p><p><b>containedItemQuantity</b>: 6 Pessary<span style=\"background: LightGoldenRodYellow\"> (Details: https://spor.ema.europa.eu/v1/lists/200000000014 code 200000002137 = 'Pessary')</span>, 1 Tube<span style=\"background: LightGoldenRodYellow\"> (Details: https://spor.ema.europa.eu/v1/lists/200000000014 code 200000002156 = 'Tube')</span></p><p><b>description</b>: Alu/PE-fooliumist valmistatud ribapakend, mis on asetatud väliskarpi. Kreem on alumiiniumtuubis ja omakorda pappkarbis. Kombineeritud pakend sisaldab: 6 vaginaalsuposiiti ja 20 g kreemi</p><h3>MarketingStatuses</h3><table class=\"grid\"><tr><td style=\"display: none\">-</td><td><b>Country</b></td><td><b>Status</b></td></tr><tr><td style=\"display: none\">*</td><td>Republic of Estonia <span style=\"background: LightGoldenRodYellow; margin: 4px; border: 1px solid khaki\"> (<a href=\"CodeSystem-country-ema-cs.html\">Country EMA</a>#100000000388)</span></td><td>Marketed <span style=\"background: LightGoldenRodYellow; margin: 4px; border: 1px solid khaki\"> (<a href=\"CodeSystem-Marketing-Status-ema-cs.html\">Marketing Status EMA</a>#100000072083)</span></td></tr></table><blockquote><p><b>packaging</b></p><p><b>type</b>: Box <span style=\"background: LightGoldenRodYellow; margin: 4px; border: 1px solid khaki\"> (<a href=\"CodeSystem-packaging-ema-cs.html\">Packaging EMA SPOR</a>#100000073498)</span></p><p><b>quantity</b>: 1</p><p><b>material</b>: Cardboard <span style=\"background: LightGoldenRodYellow; margin: 4px; border: 1px solid khaki\"> (<a href=\"CodeSystem-material-ema-cs.html\">Material EMA</a>#200000003529)</span></p><blockquote><p><b>packaging</b></p><p><b>type</b>: Strip <span style=\"background: LightGoldenRodYellow; margin: 4px; border: 1px solid khaki\"> (<a href=\"CodeSystem-packaging-ema-cs.html\">Packaging EMA SPOR</a>#100000073559)</span></p><p><b>quantity</b>: 1</p><p><b>material</b>: Aluminium <span style=\"background: LightGoldenRodYellow; margin: 4px; border: 1px solid khaki\"> (<a href=\"CodeSystem-material-ema-cs.html\">Material EMA</a>#200000003200)</span>, PolyEthylene <span style=\"background: LightGoldenRodYellow; margin: 4px; border: 1px solid khaki\"> (<a href=\"CodeSystem-material-ema-cs.html\">Material EMA</a>#200000003214)</span></p><blockquote><p><b>containedItem</b></p></blockquote></blockquote><blockquote><p><b>packaging</b></p><p><b>type</b>: Tube <span style=\"background: LightGoldenRodYellow; margin: 4px; border: 1px solid khaki\"> (<a href=\"CodeSystem-packaging-ema-cs.html\">Packaging EMA SPOR</a>#100000073561)</span></p><p><b>quantity</b>: 1</p><p><b>material</b>: Aluminium <span style=\"background: LightGoldenRodYellow; margin: 4px; border: 1px solid khaki\"> (<a href=\"CodeSystem-material-ema-cs.html\">Material EMA</a>#200000003200)</span></p><blockquote><p><b>containedItem</b></p></blockquote></blockquote></blockquote></div>"
  },
  "identifier" : [{
    "system" : "http://ema.europa.eu/example/pcid",
    "value" : "EE-100004795-10280-1033692"
  }],
  "packageFor" : [{
    "reference" : "MedicinalProductDefinition/CanifugCremolum-EE-MPD"
  }],
  "containedItemQuantity" : [{
    "value" : 6,
    "unit" : "Pessary",
    "system" : "https://spor.ema.europa.eu/v1/lists/200000000014",
    "code" : "200000002137"
  },
  {
    "value" : 1,
    "unit" : "Tube",
    "system" : "https://spor.ema.europa.eu/v1/lists/200000000014",
    "code" : "200000002156"
  }],
  "description" : "Alu/PE-fooliumist valmistatud ribapakend, mis on asetatud väliskarpi. Kreem on alumiiniumtuubis ja omakorda pappkarbis. Kombineeritud pakend sisaldab: 6 vaginaalsuposiiti ja 20 g kreemi",
  "marketingStatus" : [{
    "country" : {
      "coding" : [{
        "system" : "https://spor.ema.europa.eu/v1/lists/100000000002",
        "code" : "100000000388",
        "display" : "Republic of Estonia"
      }]
    },
    "status" : {
      "coding" : [{
        "system" : "https://spor.ema.europa.eu/v1/lists/100000072052",
        "code" : "100000072083",
        "display" : "Marketed"
      }]
    }
  }],
  "packaging" : {
    "type" : {
      "coding" : [{
        "system" : "https://spor.ema.europa.eu/v1/lists/100000073346",
        "code" : "100000073498",
        "display" : "Box"
      }]
    },
    "quantity" : 1,
    "material" : [{
      "coding" : [{
        "system" : "https://spor.ema.europa.eu/v1/lists/200000003199",
        "code" : "200000003529",
        "display" : "Cardboard"
      }]
    }],
    "packaging" : [{
      "type" : {
        "coding" : [{
          "system" : "https://spor.ema.europa.eu/v1/lists/100000073346",
          "code" : "100000073559",
          "display" : "Strip"
        }]
      },
      "quantity" : 1,
      "material" : [{
        "coding" : [{
          "system" : "https://spor.ema.europa.eu/v1/lists/200000003199",
          "code" : "200000003200",
          "display" : "Aluminium"
        }]
      },
      {
        "coding" : [{
          "system" : "https://spor.ema.europa.eu/v1/lists/200000003199",
          "code" : "200000003214",
          "display" : "PolyEthylene"
        }]
      }],
      "containedItem" : [{
        "item" : {
          "reference" : {
            "reference" : "ManufacturedItemDefinition/CanifugCremolum-100mg-Pessary-EE-MID"
          }
        },
        "amount" : {
          "value" : 6
        }
      }]
    },
    {
      "type" : {
        "coding" : [{
          "system" : "https://spor.ema.europa.eu/v1/lists/100000073346",
          "code" : "100000073561",
          "display" : "Tube"
        }]
      },
      "quantity" : 1,
      "material" : [{
        "coding" : [{
          "system" : "https://spor.ema.europa.eu/v1/lists/200000003199",
          "code" : "200000003200",
          "display" : "Aluminium"
        }]
      }],
      "containedItem" : [{
        "item" : {
          "reference" : {
            "reference" : "ManufacturedItemDefinition/CanifugCremolum-10mg1g-Cream-EE-MID"
          }
        },
        "amount" : {
          "value" : 20,
          "unit" : "gram(s)",
          "system" : "https://spor.ema.europa.eu/v1/lists/100000110633",
          "code" : "100000110654"
        }
      }]
    }]
  }
}