[
  {
    "id": "hl7.eu.fhir.unicom",
    "type": "ImplementationGuide",
    "url": "http://hl7-eu.github.io/unicom-ig/ImplementationGuide/hl7.eu.fhir.unicom",
    "version": "0.1.0",
    "name": "UnicomIG"
  },
  {
    "id": "CD",
    "type": "StructureDefinition",
    "url": "http://hl7-eu.github.io/unicom-ig/StructureDefinition/CD",
    "version": "0.1.0",
    "name": "CD"
  },
  {
    "id": "DT",
    "type": "StructureDefinition",
    "url": "http://hl7-eu.github.io/unicom-ig/StructureDefinition/DT",
    "version": "0.1.0",
    "name": "DT"
  },
  {
    "id": "FullMedicinalProduct",
    "type": "StructureDefinition",
    "url": "http://hl7-eu.github.io/unicom-ig/StructureDefinition/FullMedicinalProduct",
    "version": "0.1.0",
    "name": "FullMedicinalProduct"
  },
  {
    "id": "II",
    "type": "StructureDefinition",
    "url": "http://hl7-eu.github.io/unicom-ig/StructureDefinition/II",
    "version": "0.1.0",
    "name": "II"
  },
  {
    "id": "QT",
    "type": "StructureDefinition",
    "url": "http://hl7-eu.github.io/unicom-ig/StructureDefinition/QT",
    "version": "0.1.0",
    "name": "QT"
  },
  {
    "id": "ST",
    "type": "StructureDefinition",
    "url": "http://hl7-eu.github.io/unicom-ig/StructureDefinition/ST",
    "version": "0.1.0",
    "name": "ST"
  },
  {
    "id": "TS",
    "type": "StructureDefinition",
    "url": "http://hl7-eu.github.io/unicom-ig/StructureDefinition/TS",
    "version": "0.1.0",
    "name": "TS"
  },
  {
    "id": "class",
    "type": "StructureDefinition",
    "url": "http://hl7-eu.github.io/unicom-ig/StructureDefinition/class",
    "version": "0.1.0",
    "name": "class"
  },
  {
    "id": "untyped",
    "type": "StructureDefinition",
    "url": "http://hl7-eu.github.io/unicom-ig/StructureDefinition/untyped",
    "version": "0.1.0",
    "name": "untyped"
  }
]