{"resourceType":"CodeSystem","id":"combination-package-ema-cs","text":{"status":"generated","div":"<div xmlns=\"http://www.w3.org/1999/xhtml\"><p>This code system <code>http://spor.ema.europa.eu/v1/lists/200000000008</code> defines the following codes:</p><table class=\"codes\"><tr><td style=\"white-space:nowrap\"><b>Code</b></td><td><b>Display</b></td></tr><tr><td style=\"white-space:nowrap\">100000173972<a name=\"combination-package-ema-cs-100000173972\"> </a></td><td>Cream + pessary</td></tr><tr><td style=\"white-space:nowrap\">100000173973<a name=\"combination-package-ema-cs-100000173973\"> </a></td><td>Cutaneous solution + medicated sponge</td></tr><tr><td style=\"white-space:nowrap\">100000173974<a name=\"combination-package-ema-cs-100000173974\"> </a></td><td>Gastro-resistant tablet + rectal suspension</td></tr><tr><td style=\"white-space:nowrap\">100000173975<a name=\"combination-package-ema-cs-100000173975\"> </a></td><td>Vaginal capsule, soft + vaginal cream</td></tr><tr><td style=\"white-space:nowrap\">100000173976<a name=\"combination-package-ema-cs-100000173976\"> </a></td><td>Vaginal cream + vaginal tablet</td></tr><tr><td style=\"white-space:nowrap\">100000173977<a name=\"combination-package-ema-cs-100000173977\"> </a></td><td>Effervescent granules + film-coated tablet</td></tr><tr><td style=\"white-space:nowrap\">100000173978<a name=\"combination-package-ema-cs-100000173978\"> </a></td><td>Effervescent tablet + film-coated tablet</td></tr><tr><td style=\"white-space:nowrap\">100000173979<a name=\"combination-package-ema-cs-100000173979\"> </a></td><td>Tablet + vaginal tablet</td></tr><tr><td style=\"white-space:nowrap\">100000173980<a name=\"combination-package-ema-cs-100000173980\"> </a></td><td>Cream + vaginal capsule, soft</td></tr><tr><td style=\"white-space:nowrap\">100000173981<a name=\"combination-package-ema-cs-100000173981\"> </a></td><td>Cream + vaginal tablet</td></tr><tr><td style=\"white-space:nowrap\">200000028535<a name=\"combination-package-ema-cs-200000028535\"> </a></td><td>Eye drops, solution + eye ointment</td></tr><tr><td style=\"white-space:nowrap\">200000010779<a name=\"combination-package-ema-cs-200000010779\"> </a></td><td>Ointment + vaginal tablet</td></tr><tr><td style=\"white-space:nowrap\">200000002334<a name=\"combination-package-ema-cs-200000002334\"> </a></td><td>Film-coated tablet + pessary</td></tr><tr><td style=\"white-space:nowrap\">200000003175<a name=\"combination-package-ema-cs-200000003175\"> </a></td><td>Capsule, soft + tablet</td></tr><tr><td style=\"white-space:nowrap\">200000003176<a name=\"combination-package-ema-cs-200000003176\"> </a></td><td>Capsule, hard + tablet</td></tr><tr><td style=\"white-space:nowrap\">200000003177<a name=\"combination-package-ema-cs-200000003177\"> </a></td><td>Film-coated tablet + tablet</td></tr><tr><td style=\"white-space:nowrap\">200000015757<a name=\"combination-package-ema-cs-200000015757\"> </a></td><td>Effervescent granules + gastro-resistant tablet</td></tr></table></div>"},"url":"http://spor.ema.europa.eu/v1/lists/200000000008","version":"0.1.0","name":"CombinationPackage_EMA_CS","title":"Combination Package EMA","status":"draft","date":"2022-11-18T19:50:12+00:00","publisher":"UNICOM","contact":[{"name":"UNICOM","telecom":[{"system":"url","value":"http://medigree.net"}]}],"description":"Dose forms for combination packages. Based on EDQM. Re-coded with RMS codes. Only used for authorised dose form.","caseSensitive":false,"compositional":false,"content":"complete","count":17,"concept":[{"code":"100000173972","display":"Cream + pessary"},{"code":"100000173973","display":"Cutaneous solution + medicated sponge"},{"code":"100000173974","display":"Gastro-resistant tablet + rectal suspension"},{"code":"100000173975","display":"Vaginal capsule, soft + vaginal cream"},{"code":"100000173976","display":"Vaginal cream + vaginal tablet"},{"code":"100000173977","display":"Effervescent granules + film-coated tablet"},{"code":"100000173978","display":"Effervescent tablet + film-coated tablet"},{"code":"100000173979","display":"Tablet + vaginal tablet"},{"code":"100000173980","display":"Cream + vaginal capsule, soft"},{"code":"100000173981","display":"Cream + vaginal tablet"},{"code":"200000028535","display":"Eye drops, solution + eye ointment"},{"code":"200000010779","display":"Ointment + vaginal tablet"},{"code":"200000002334","display":"Film-coated tablet + pessary"},{"code":"200000003175","display":"Capsule, soft + tablet"},{"code":"200000003176","display":"Capsule, hard + tablet"},{"code":"200000003177","display":"Film-coated tablet + tablet"},{"code":"200000015757","display":"Effervescent granules + gastro-resistant tablet"}]}