{"resourceType":"ImplementationGuide","id":"hl7.eu.fhir.unicom","text":{"status":"extensions","div":"<div xmlns=\"http://www.w3.org/1999/xhtml\"><h2>UnicomIG</h2><p>The official URL for this implementation guide is: </p><pre>http://unicom-project.eu/fhir/ImplementationGuide/hl7.eu.fhir.unicom</pre><div><p>UnicomIG</p>\n</div></div>"},"url":"http://unicom-project.eu/fhir/ImplementationGuide/hl7.eu.fhir.unicom","version":"0.1.0","name":"UnicomIG","title":"UnicomIG","status":"draft","date":"2022-11-18T19:50:12+00:00","publisher":"UNICOM","contact":[{"name":"UNICOM","telecom":[{"system":"url","value":"http://medigree.net"}]}],"description":"UnicomIG","packageId":"hl7.eu.fhir.unicom","license":"CC0-1.0","fhirVersion":["4.3.0"],"dependsOn":[{"id":"hl7tx","extension":[{"url":"http://hl7.org/fhir/tools/StructureDefinition/implementationguide-dependency-comment","valueMarkdown":"Automatically added as a dependency - all IGs depend on HL7 Terminology"}],"uri":"http://terminology.hl7.org/ImplementationGuide/hl7.terminology","packageId":"hl7.terminology.r4","version":"5.0.0"}],"definition":{"extension":[{"extension":[{"url":"code","valueString":"copyrightyear"},{"url":"value","valueString":"2022+"}],"url":"http://hl7.org/fhir/tools/StructureDefinition/ig-parameter"},{"extension":[{"url":"code","valueString":"releaselabel"},{"url":"value","valueString":"ci-build"}],"url":"http://hl7.org/fhir/tools/StructureDefinition/ig-parameter"},{"extension":[{"url":"code","valueString":"autoload-resources"},{"url":"value","valueString":"true"}],"url":"http://hl7.org/fhir/tools/StructureDefinition/ig-parameter"},{"extension":[{"url":"code","valueString":"path-liquid"},{"url":"value","valueString":"template/liquid"}],"url":"http://hl7.org/fhir/tools/StructureDefinition/ig-parameter"},{"extension":[{"url":"code","valueString":"path-liquid"},{"url":"value","valueString":"input/liquid"}],"url":"http://hl7.org/fhir/tools/StructureDefinition/ig-parameter"},{"extension":[{"url":"code","valueString":"path-qa"},{"url":"value","valueString":"temp/qa"}],"url":"http://hl7.org/fhir/tools/StructureDefinition/ig-parameter"},{"extension":[{"url":"code","valueString":"path-temp"},{"url":"value","valueString":"temp/pages"}],"url":"http://hl7.org/fhir/tools/StructureDefinition/ig-parameter"},{"extension":[{"url":"code","valueString":"path-output"},{"url":"value","valueString":"output"}],"url":"http://hl7.org/fhir/tools/StructureDefinition/ig-parameter"},{"extension":[{"url":"code","valueString":"path-suppressed-warnings"},{"url":"value","valueString":"input/ignoreWarnings.txt"}],"url":"http://hl7.org/fhir/tools/StructureDefinition/ig-parameter"},{"extension":[{"url":"code","valueString":"path-history"},{"url":"value","valueString":"http://unicom-project.eu/fhir/history.html"}],"url":"http://hl7.org/fhir/tools/StructureDefinition/ig-parameter"},{"extension":[{"url":"code","valueString":"template-html"},{"url":"value","valueString":"template-page.html"}],"url":"http://hl7.org/fhir/tools/StructureDefinition/ig-parameter"},{"extension":[{"url":"code","valueString":"template-md"},{"url":"value","valueString":"template-page-md.html"}],"url":"http://hl7.org/fhir/tools/StructureDefinition/ig-parameter"},{"extension":[{"url":"code","valueString":"apply-contact"},{"url":"value","valueString":"true"}],"url":"http://hl7.org/fhir/tools/StructureDefinition/ig-parameter"},{"extension":[{"url":"code","valueString":"apply-context"},{"url":"value","valueString":"true"}],"url":"http://hl7.org/fhir/tools/StructureDefinition/ig-parameter"},{"extension":[{"url":"code","valueString":"apply-copyright"},{"url":"value","valueString":"true"}],"url":"http://hl7.org/fhir/tools/StructureDefinition/ig-parameter"},{"extension":[{"url":"code","valueString":"apply-jurisdiction"},{"url":"value","valueString":"true"}],"url":"http://hl7.org/fhir/tools/StructureDefinition/ig-parameter"},{"extension":[{"url":"code","valueString":"apply-license"},{"url":"value","valueString":"true"}],"url":"http://hl7.org/fhir/tools/StructureDefinition/ig-parameter"},{"extension":[{"url":"code","valueString":"apply-publisher"},{"url":"value","valueString":"true"}],"url":"http://hl7.org/fhir/tools/StructureDefinition/ig-parameter"},{"extension":[{"url":"code","valueString":"apply-version"},{"url":"value","valueString":"true"}],"url":"http://hl7.org/fhir/tools/StructureDefinition/ig-parameter"},{"extension":[{"url":"code","valueString":"active-tables"},{"url":"value","valueString":"true"}],"url":"http://hl7.org/fhir/tools/StructureDefinition/ig-parameter"},{"extension":[{"url":"code","valueString":"fmm-definition"},{"url":"value","valueString":"http://hl7.org/fhir/versions.html#maturity"}],"url":"http://hl7.org/fhir/tools/StructureDefinition/ig-parameter"},{"extension":[{"url":"code","valueString":"propagate-status"},{"url":"value","valueString":"true"}],"url":"http://hl7.org/fhir/tools/StructureDefinition/ig-parameter"},{"extension":[{"url":"code","valueString":"excludelogbinaryformat"},{"url":"value","valueString":"true"}],"url":"http://hl7.org/fhir/tools/StructureDefinition/ig-parameter"},{"extension":[{"url":"code","valueString":"tabbed-snapshots"},{"url":"value","valueString":"true"}],"url":"http://hl7.org/fhir/tools/StructureDefinition/ig-parameter"},{"extension":[{"url":"code","valueString":"copyrightyear"},{"url":"value","valueString":"2022+"}],"url":"http://hl7.org/fhir/tools/StructureDefinition/ig-parameter"},{"extension":[{"url":"code","valueString":"releaselabel"},{"url":"value","valueString":"ci-build"}],"url":"http://hl7.org/fhir/tools/StructureDefinition/ig-parameter"},{"extension":[{"url":"code","valueString":"autoload-resources"},{"url":"value","valueString":"true"}],"url":"http://hl7.org/fhir/tools/StructureDefinition/ig-parameter"},{"extension":[{"url":"code","valueString":"path-liquid"},{"url":"value","valueString":"template/liquid"}],"url":"http://hl7.org/fhir/tools/StructureDefinition/ig-parameter"},{"extension":[{"url":"code","valueString":"path-liquid"},{"url":"value","valueString":"input/liquid"}],"url":"http://hl7.org/fhir/tools/StructureDefinition/ig-parameter"},{"extension":[{"url":"code","valueString":"path-qa"},{"url":"value","valueString":"temp/qa"}],"url":"http://hl7.org/fhir/tools/StructureDefinition/ig-parameter"},{"extension":[{"url":"code","valueString":"path-temp"},{"url":"value","valueString":"temp/pages"}],"url":"http://hl7.org/fhir/tools/StructureDefinition/ig-parameter"},{"extension":[{"url":"code","valueString":"path-output"},{"url":"value","valueString":"output"}],"url":"http://hl7.org/fhir/tools/StructureDefinition/ig-parameter"},{"extension":[{"url":"code","valueString":"path-suppressed-warnings"},{"url":"value","valueString":"input/ignoreWarnings.txt"}],"url":"http://hl7.org/fhir/tools/StructureDefinition/ig-parameter"},{"extension":[{"url":"code","valueString":"path-history"},{"url":"value","valueString":"http://unicom-project.eu/fhir/history.html"}],"url":"http://hl7.org/fhir/tools/StructureDefinition/ig-parameter"},{"extension":[{"url":"code","valueString":"template-html"},{"url":"value","valueString":"template-page.html"}],"url":"http://hl7.org/fhir/tools/StructureDefinition/ig-parameter"},{"extension":[{"url":"code","valueString":"template-md"},{"url":"value","valueString":"template-page-md.html"}],"url":"http://hl7.org/fhir/tools/StructureDefinition/ig-parameter"},{"extension":[{"url":"code","valueString":"apply-contact"},{"url":"value","valueString":"true"}],"url":"http://hl7.org/fhir/tools/StructureDefinition/ig-parameter"},{"extension":[{"url":"code","valueString":"apply-context"},{"url":"value","valueString":"true"}],"url":"http://hl7.org/fhir/tools/StructureDefinition/ig-parameter"},{"extension":[{"url":"code","valueString":"apply-copyright"},{"url":"value","valueString":"true"}],"url":"http://hl7.org/fhir/tools/StructureDefinition/ig-parameter"},{"extension":[{"url":"code","valueString":"apply-jurisdiction"},{"url":"value","valueString":"true"}],"url":"http://hl7.org/fhir/tools/StructureDefinition/ig-parameter"},{"extension":[{"url":"code","valueString":"apply-license"},{"url":"value","valueString":"true"}],"url":"http://hl7.org/fhir/tools/StructureDefinition/ig-parameter"},{"extension":[{"url":"code","valueString":"apply-publisher"},{"url":"value","valueString":"true"}],"url":"http://hl7.org/fhir/tools/StructureDefinition/ig-parameter"},{"extension":[{"url":"code","valueString":"apply-version"},{"url":"value","valueString":"true"}],"url":"http://hl7.org/fhir/tools/StructureDefinition/ig-parameter"},{"extension":[{"url":"code","valueString":"active-tables"},{"url":"value","valueString":"true"}],"url":"http://hl7.org/fhir/tools/StructureDefinition/ig-parameter"},{"extension":[{"url":"code","valueString":"fmm-definition"},{"url":"value","valueString":"http://hl7.org/fhir/versions.html#maturity"}],"url":"http://hl7.org/fhir/tools/StructureDefinition/ig-parameter"},{"extension":[{"url":"code","valueString":"propagate-status"},{"url":"value","valueString":"true"}],"url":"http://hl7.org/fhir/tools/StructureDefinition/ig-parameter"},{"extension":[{"url":"code","valueString":"excludelogbinaryformat"},{"url":"value","valueString":"true"}],"url":"http://hl7.org/fhir/tools/StructureDefinition/ig-parameter"},{"extension":[{"url":"code","valueString":"tabbed-snapshots"},{"url":"value","valueString":"true"}],"url":"http://hl7.org/fhir/tools/StructureDefinition/ig-parameter"},{"extension":[{"url":"code","valueString":"copyrightyear"},{"url":"value","valueString":"2022+"}],"url":"http://hl7.org/fhir/tools/StructureDefinition/ig-parameter"},{"extension":[{"url":"code","valueString":"releaselabel"},{"url":"value","valueString":"ci-build"}],"url":"http://hl7.org/fhir/tools/StructureDefinition/ig-parameter"},{"extension":[{"url":"code","valueString":"autoload-resources"},{"url":"value","valueString":"true"}],"url":"http://hl7.org/fhir/tools/StructureDefinition/ig-parameter"},{"extension":[{"url":"code","valueString":"path-liquid"},{"url":"value","valueString":"template/liquid"}],"url":"http://hl7.org/fhir/tools/StructureDefinition/ig-parameter"},{"extension":[{"url":"code","valueString":"path-liquid"},{"url":"value","valueString":"input/liquid"}],"url":"http://hl7.org/fhir/tools/StructureDefinition/ig-parameter"},{"extension":[{"url":"code","valueString":"path-qa"},{"url":"value","valueString":"temp/qa"}],"url":"http://hl7.org/fhir/tools/StructureDefinition/ig-parameter"},{"extension":[{"url":"code","valueString":"path-temp"},{"url":"value","valueString":"temp/pages"}],"url":"http://hl7.org/fhir/tools/StructureDefinition/ig-parameter"},{"extension":[{"url":"code","valueString":"path-output"},{"url":"value","valueString":"output"}],"url":"http://hl7.org/fhir/tools/StructureDefinition/ig-parameter"},{"extension":[{"url":"code","valueString":"path-suppressed-warnings"},{"url":"value","valueString":"input/ignoreWarnings.txt"}],"url":"http://hl7.org/fhir/tools/StructureDefinition/ig-parameter"},{"extension":[{"url":"code","valueString":"path-history"},{"url":"value","valueString":"http://unicom-project.eu/fhir/history.html"}],"url":"http://hl7.org/fhir/tools/StructureDefinition/ig-parameter"},{"extension":[{"url":"code","valueString":"template-html"},{"url":"value","valueString":"template-page.html"}],"url":"http://hl7.org/fhir/tools/StructureDefinition/ig-parameter"},{"extension":[{"url":"code","valueString":"template-md"},{"url":"value","valueString":"template-page-md.html"}],"url":"http://hl7.org/fhir/tools/StructureDefinition/ig-parameter"},{"extension":[{"url":"code","valueString":"apply-contact"},{"url":"value","valueString":"true"}],"url":"http://hl7.org/fhir/tools/StructureDefinition/ig-parameter"},{"extension":[{"url":"code","valueString":"apply-context"},{"url":"value","valueString":"true"}],"url":"http://hl7.org/fhir/tools/StructureDefinition/ig-parameter"},{"extension":[{"url":"code","valueString":"apply-copyright"},{"url":"value","valueString":"true"}],"url":"http://hl7.org/fhir/tools/StructureDefinition/ig-parameter"},{"extension":[{"url":"code","valueString":"apply-jurisdiction"},{"url":"value","valueString":"true"}],"url":"http://hl7.org/fhir/tools/StructureDefinition/ig-parameter"},{"extension":[{"url":"code","valueString":"apply-license"},{"url":"value","valueString":"true"}],"url":"http://hl7.org/fhir/tools/StructureDefinition/ig-parameter"},{"extension":[{"url":"code","valueString":"apply-publisher"},{"url":"value","valueString":"true"}],"url":"http://hl7.org/fhir/tools/StructureDefinition/ig-parameter"},{"extension":[{"url":"code","valueString":"apply-version"},{"url":"value","valueString":"true"}],"url":"http://hl7.org/fhir/tools/StructureDefinition/ig-parameter"},{"extension":[{"url":"code","valueString":"active-tables"},{"url":"value","valueString":"true"}],"url":"http://hl7.org/fhir/tools/StructureDefinition/ig-parameter"},{"extension":[{"url":"code","valueString":"fmm-definition"},{"url":"value","valueString":"http://hl7.org/fhir/versions.html#maturity"}],"url":"http://hl7.org/fhir/tools/StructureDefinition/ig-parameter"},{"extension":[{"url":"code","valueString":"propagate-status"},{"url":"value","valueString":"true"}],"url":"http://hl7.org/fhir/tools/StructureDefinition/ig-parameter"},{"extension":[{"url":"code","valueString":"excludelogbinaryformat"},{"url":"value","valueString":"true"}],"url":"http://hl7.org/fhir/tools/StructureDefinition/ig-parameter"},{"extension":[{"url":"code","valueString":"tabbed-snapshots"},{"url":"value","valueString":"true"}],"url":"http://hl7.org/fhir/tools/StructureDefinition/ig-parameter"}],"grouping":[{"id":"-str-logicalmodel","name":"Structures: Logical Models","description":"These define data models that represent the domain covered by this implementation guide in more business-friendly terms than the underlying FHIR resources."},{"id":"-str-profile","name":"Structures: Resource Profiles","description":"These define constraints on FHIR resources for systems conforming to this implementation guide."},{"id":"-str-datatype","name":"Structures: Data Type Profiles","description":"These define constraints on FHIR data types for systems conforming to this implementation guide."},{"id":"-term-valueset","name":"Terminology: Value Sets","description":"These define sets of codes used by systems conforming to this implementation guide."},{"id":"-term-codesystem","name":"Terminology: Code Systems","description":"These define new code systems used by systems conforming to this implementation guide."},{"id":"-ex-example","name":"Example: Example Instances","description":"These are example instances that show what data produced and consumed by systems conforming with this implementation guide might look like."}],"resource":[{"extension":[{"url":"http://hl7.org/fhir/StructureDefinition/implementationguide-page","valueUri":"StructureDefinition-CD.html"}],"reference":{"reference":"StructureDefinition/CD"},"name":"CD","description":"Concept descriptor","exampleBoolean":false,"groupingId":"-str-datatype"},{"extension":[{"url":"http://hl7.org/fhir/StructureDefinition/implementationguide-page","valueUri":"StructureDefinition-DT.html"}],"reference":{"reference":"StructureDefinition/DT"},"name":"DT","description":"Date","exampleBoolean":false,"groupingId":"-str-datatype"},{"extension":[{"url":"http://hl7.org/fhir/StructureDefinition/implementationguide-page","valueUri":"StructureDefinition-II.html"}],"reference":{"reference":"StructureDefinition/II"},"name":"II","description":"Instance Identifier","exampleBoolean":false,"groupingId":"-str-datatype"},{"extension":[{"url":"http://hl7.org/fhir/StructureDefinition/implementationguide-page","valueUri":"StructureDefinition-PPLAdministrableProductDefinition.html"}],"reference":{"reference":"StructureDefinition/PPLAdministrableProductDefinition"},"name":"PPL Administrable Product profile","description":"Administrable product profile defines the ISO IDMP Pharmaceutical Product concept","exampleBoolean":false,"groupingId":"-str-profile"},{"extension":[{"url":"http://hl7.org/fhir/StructureDefinition/implementationguide-page","valueUri":"StructureDefinition-PPLIngredient.html"}],"reference":{"reference":"StructureDefinition/PPLIngredient"},"name":"PPL Ingredient profile","description":"Ingredient for the medicinal product, pharmaceutical product and/or manufactured item","exampleBoolean":false,"groupingId":"-str-profile"},{"extension":[{"url":"http://hl7.org/fhir/StructureDefinition/implementationguide-page","valueUri":"StructureDefinition-PPLManufacturedItemDefinition.html"}],"reference":{"reference":"StructureDefinition/PPLManufacturedItemDefinition"},"name":"PPL Manufactured Item profile","description":"Manufactured item is the countable element inside the package","exampleBoolean":false,"groupingId":"-str-profile"},{"extension":[{"url":"http://hl7.org/fhir/StructureDefinition/implementationguide-page","valueUri":"StructureDefinition-PPLMedicinalProductDefinition.html"}],"reference":{"reference":"StructureDefinition/PPLMedicinalProductDefinition"},"name":"PPL Medicinal Product profile","description":"Medicinal Product as defined in ISO IDMP","exampleBoolean":false,"groupingId":"-str-profile"},{"extension":[{"url":"http://hl7.org/fhir/StructureDefinition/implementationguide-page","valueUri":"StructureDefinition-PPLOrganization.html"}],"reference":{"reference":"StructureDefinition/PPLOrganization"},"name":"PPL Organization","description":"Organization","exampleBoolean":false,"groupingId":"-str-profile"},{"extension":[{"url":"http://hl7.org/fhir/StructureDefinition/implementationguide-page","valueUri":"StructureDefinition-PPLPackagedProductDefinition.html"}],"reference":{"reference":"StructureDefinition/PPLPackagedProductDefinition"},"name":"PPL Packaged Product profile","description":"Packaged Product","exampleBoolean":false,"groupingId":"-str-profile"},{"extension":[{"url":"http://hl7.org/fhir/StructureDefinition/implementationguide-page","valueUri":"StructureDefinition-PPLRegulatedAuthorization.html"}],"reference":{"reference":"StructureDefinition/PPLRegulatedAuthorization"},"name":"PPL Marketing Authorisation profile","description":"Regulated Authorization profile defines the Marketing Authorisation on product or package level","exampleBoolean":false,"groupingId":"-str-profile"},{"extension":[{"url":"http://hl7.org/fhir/StructureDefinition/implementationguide-page","valueUri":"StructureDefinition-QT.html"}],"reference":{"reference":"StructureDefinition/QT"},"name":"QT","description":"Quantity","exampleBoolean":false,"groupingId":"-str-datatype"},{"extension":[{"url":"http://hl7.org/fhir/StructureDefinition/implementationguide-page","valueUri":"StructureDefinition-ST.html"}],"reference":{"reference":"StructureDefinition/ST"},"name":"ST","description":"String","exampleBoolean":false,"groupingId":"-str-datatype"},{"extension":[{"url":"http://hl7.org/fhir/StructureDefinition/implementationguide-page","valueUri":"StructureDefinition-TS.html"}],"reference":{"reference":"StructureDefinition/TS"},"name":"TS","description":"Time stamp","exampleBoolean":false,"groupingId":"-str-datatype"},{"extension":[{"url":"http://hl7.org/fhir/StructureDefinition/implementationguide-page","valueUri":"StructureDefinition-class.html"}],"reference":{"reference":"StructureDefinition/class"},"name":"class","description":"Class of data elements","exampleBoolean":false,"groupingId":"-str-datatype"},{"extension":[{"url":"http://hl7.org/fhir/StructureDefinition/implementationguide-page","valueUri":"StructureDefinition-untyped.html"}],"reference":{"reference":"StructureDefinition/untyped"},"name":"untyped","description":"No data type defined","exampleBoolean":false,"groupingId":"-str-datatype"},{"extension":[{"url":"http://hl7.org/fhir/StructureDefinition/implementationguide-page","valueUri":"StructureDefinition-FullMedicinalProduct.html"}],"reference":{"reference":"StructureDefinition/FullMedicinalProduct"},"name":"Medicinal Product","description":"Medicinal Product","exampleBoolean":false,"groupingId":"-str-logicalmodel"},{"extension":[{"url":"http://hl7.org/fhir/StructureDefinition/implementationguide-page","valueUri":"ValueSet-all-units-vs.html"}],"reference":{"reference":"ValueSet/all-units-vs"},"name":"All Units Combined","description":"Value set for presentation strength denominator unit, combines units of measurement and units of presentation.","exampleBoolean":false,"groupingId":"-term-valueset"},{"extension":[{"url":"http://hl7.org/fhir/StructureDefinition/implementationguide-page","valueUri":"ValueSet-authorised-doseform-vs.html"}],"reference":{"reference":"ValueSet/authorised-doseform-vs"},"name":"Authorised Dose Form","description":"Value set for authorised dose form. Combines 4 SPOR/EDQM lists: Pharmaceutical dose form, Combined pharmaceutical dose form, Combined term, Combination package.","exampleBoolean":false,"groupingId":"-term-valueset"},{"extension":[{"url":"http://hl7.org/fhir/StructureDefinition/implementationguide-page","valueUri":"CodeSystem-combination-package-ema-cs.html"}],"reference":{"reference":"CodeSystem/combination-package-ema-cs"},"name":"Combination Package EMA","description":"Dose forms for combination packages. Based on EDQM. Re-coded with RMS codes. Only used for authorised dose form.","exampleBoolean":false,"groupingId":"-term-codesystem"},{"extension":[{"url":"http://hl7.org/fhir/StructureDefinition/implementationguide-page","valueUri":"CodeSystem-combined-pharmaceutical-dose-form-ema-cs.html"}],"reference":{"reference":"CodeSystem/combined-pharmaceutical-dose-form-ema-cs"},"name":"Combined Pharmaceutical Dose Form EMA","description":"Combined Pharmaceutical Dose Form. Based on EDQM. Re-coded with RMS codes. Used only for authorised dose form.","exampleBoolean":false,"groupingId":"-term-codesystem"},{"extension":[{"url":"http://hl7.org/fhir/StructureDefinition/implementationguide-page","valueUri":"CodeSystem-combined-term-ema-cs.html"}],"reference":{"reference":"CodeSystem/combined-term-ema-cs"},"name":"Combined Term EMA","description":"Combined Term. Based on EDQM. Re-coded with RMS codes. Only used for authorised dose form.","exampleBoolean":false,"groupingId":"-term-codesystem"},{"extension":[{"url":"http://hl7.org/fhir/StructureDefinition/implementationguide-page","valueUri":"CodeSystem-pharmaceutical-dose-form-ema-cs.html"}],"reference":{"reference":"CodeSystem/pharmaceutical-dose-form-ema-cs"},"name":"Pharmaceutical Dose Form EMA","description":"Pharmaceutical dose form. Based on EDQM, re-coded with RMS codes.","exampleBoolean":false,"groupingId":"-term-codesystem"},{"extension":[{"url":"http://hl7.org/fhir/StructureDefinition/implementationguide-page","valueUri":"CodeSystem-unit-of-measurement-ema-cs.html"}],"reference":{"reference":"CodeSystem/unit-of-measurement-ema-cs"},"name":"Unit of Measurement EMA","description":"Unit of Measurement. Based on UCUM. Re-coded with RMS codes.","exampleBoolean":false,"groupingId":"-term-codesystem"},{"extension":[{"url":"http://hl7.org/fhir/StructureDefinition/implementationguide-page","valueUri":"CodeSystem-unit-of-presentation-ema-cs.html"}],"reference":{"reference":"CodeSystem/unit-of-presentation-ema-cs"},"name":"Unit of Presentation EMA","description":"Unit of presentation list from EMA SPOR. List id 200000000014. Content based on EDQM, re-coded with RMS codes.","exampleBoolean":false,"groupingId":"-term-codesystem"},{"extension":[{"url":"http://hl7.org/fhir/StructureDefinition/implementationguide-page","valueUri":"Bundle-001-Agen5mg-EE-FullProduct.html"}],"reference":{"reference":"Bundle/001-Agen5mg-EE-FullProduct"},"name":"001-Agen5mg-EE-FullProduct","description":"Agen 5mg Tablet. Estonia. Simple example of one full product as a bundle. Packages, PCIDs, differ by material.","exampleBoolean":true,"groupingId":"-ex-example"},{"extension":[{"url":"http://hl7.org/fhir/StructureDefinition/implementationguide-page","valueUri":"Bundle-002-Agen10mg-EE-FullProduct.html"}],"reference":{"reference":"Bundle/002-Agen10mg-EE-FullProduct"},"name":"002-Agen10mg-EE-FullProduct","description":"Agen 10mg Tablet. Estonia. Simple example of one full product as a bundle. Packages, PCIDs, differ by material.","exampleBoolean":true,"groupingId":"-ex-example"},{"extension":[{"url":"http://hl7.org/fhir/StructureDefinition/implementationguide-page","valueUri":"Bundle-003-CefuroximStragen-1.5g-Powder-SE-FullProduct.html"}],"reference":{"reference":"Bundle/003-CefuroximStragen-1.5g-Powder-SE-FullProduct"},"name":"003-CefuroximStragen-1.5g-Powder-SE-FullProduct","description":"Cefuroxim Stragen 1.5g Powder for solution for injection/infusion. Sweden. Strength in grams; man. item quantity unknown; transformation before administration.","exampleBoolean":true,"groupingId":"-ex-example"},{"extension":[{"url":"http://hl7.org/fhir/StructureDefinition/implementationguide-page","valueUri":"Bundle-004-Cefuroxime-MIP-1500mg-EE-FullProduct.html"}],"reference":{"reference":"Bundle/004-Cefuroxime-MIP-1500mg-EE-FullProduct"},"name":"004-Cefuroxime-MIP-1500mg-EE-FullProduct","description":"Cefuroxime MIP 1500mg Powder for solution for injection/infusion. Estonia. Strength in milligrams; man. item quantity unknown; transformation before administration.","exampleBoolean":true,"groupingId":"-ex-example"},{"extension":[{"url":"http://hl7.org/fhir/StructureDefinition/implementationguide-page","valueUri":"Bundle-005-CanifugCremolum-EE-FullProduct.html"}],"reference":{"reference":"Bundle/005-CanifugCremolum-EE-FullProduct"},"name":"005-CanifugCremolum-EE-FullProduct","description":"Canifug Cremolum. Estonia. Combination package of clotrimazole 10mg/g creme and six 100mg pessaries.","exampleBoolean":true,"groupingId":"-ex-example"},{"extension":[{"url":"http://hl7.org/fhir/StructureDefinition/implementationguide-page","valueUri":"AdministrableProductDefinition-Agen-5mg-Tablet-EE-APD.html"}],"reference":{"reference":"AdministrableProductDefinition/Agen-5mg-Tablet-EE-APD"},"name":"Agen-5mg-Tablet-EE-APD","description":"Administrable/Pharmaceutical Product Definition: simple tablets","exampleCanonical":"http://unicom-project.eu/fhir/StructureDefinition/PPLAdministrableProductDefinition","groupingId":"-ex-example"},{"extension":[{"url":"http://hl7.org/fhir/StructureDefinition/implementationguide-page","valueUri":"Ingredient-Agen-5mg-Tablet-EE-I.html"}],"reference":{"reference":"Ingredient/Agen-5mg-Tablet-EE-I"},"name":"Agen-5mg-Tablet-EE-I","description":"Ingredient: amlodipine besilate, presentation strength; amlodipine, reference strength","exampleCanonical":"http://unicom-project.eu/fhir/StructureDefinition/PPLIngredient","groupingId":"-ex-example"},{"extension":[{"url":"http://hl7.org/fhir/StructureDefinition/implementationguide-page","valueUri":"ManufacturedItemDefinition-Agen-5mg-Tablet-EE-MID.html"}],"reference":{"reference":"ManufacturedItemDefinition/Agen-5mg-Tablet-EE-MID"},"name":"Agen-5mg-Tablet-EE-MID","description":"Manufactured Item: simple tablet","exampleCanonical":"http://unicom-project.eu/fhir/StructureDefinition/PPLManufacturedItemDefinition","groupingId":"-ex-example"},{"extension":[{"url":"http://hl7.org/fhir/StructureDefinition/implementationguide-page","valueUri":"MedicinalProductDefinition-Agen-5mg-Tablet-EE-MPD.html"}],"reference":{"reference":"MedicinalProductDefinition/Agen-5mg-Tablet-EE-MPD"},"name":"Agen-5mg-Tablet-EE-MPD","description":"Medicinal Product Definition: simple tablets","exampleCanonical":"http://unicom-project.eu/fhir/StructureDefinition/PPLMedicinalProductDefinition","groupingId":"-ex-example"},{"extension":[{"url":"http://hl7.org/fhir/StructureDefinition/implementationguide-page","valueUri":"PackagedProductDefinition-Agen-5mg-Tablet-EE-PPD-1109887-A.html"}],"reference":{"reference":"PackagedProductDefinition/Agen-5mg-Tablet-EE-PPD-1109887-A"},"name":"Agen-5mg-Tablet-EE-PPD-1109887-A","description":"Packaged Product Definition: simple tablets","exampleCanonical":"http://unicom-project.eu/fhir/StructureDefinition/PPLPackagedProductDefinition","groupingId":"-ex-example"},{"extension":[{"url":"http://hl7.org/fhir/StructureDefinition/implementationguide-page","valueUri":"PackagedProductDefinition-Agen-5mg-Tablet-EE-PPD-1109887-B.html"}],"reference":{"reference":"PackagedProductDefinition/Agen-5mg-Tablet-EE-PPD-1109887-B"},"name":"Agen-5mg-Tablet-EE-PPD-1109887-B","description":"Packaged Product Definition: simple tablets","exampleCanonical":"http://unicom-project.eu/fhir/StructureDefinition/PPLPackagedProductDefinition","groupingId":"-ex-example"},{"extension":[{"url":"http://hl7.org/fhir/StructureDefinition/implementationguide-page","valueUri":"RegulatedAuthorization-Agen-5mg-Tablet-EE-RA.html"}],"reference":{"reference":"RegulatedAuthorization/Agen-5mg-Tablet-EE-RA"},"name":"Agen-5mg-Tablet-EE-RA","description":"Marketing Authorisation","exampleCanonical":"http://unicom-project.eu/fhir/StructureDefinition/PPLRegulatedAuthorization","groupingId":"-ex-example"},{"extension":[{"url":"http://hl7.org/fhir/StructureDefinition/implementationguide-page","valueUri":"AdministrableProductDefinition-CanifugCremolum-100mg-Pessary-EE-APD.html"}],"reference":{"reference":"AdministrableProductDefinition/CanifugCremolum-100mg-Pessary-EE-APD"},"name":"CanifugCremolum-100mg-Pessary-EE-APD","description":"Administrable/Pharmaceutical Product Definition: pessaries","exampleCanonical":"http://unicom-project.eu/fhir/StructureDefinition/PPLAdministrableProductDefinition","groupingId":"-ex-example"},{"extension":[{"url":"http://hl7.org/fhir/StructureDefinition/implementationguide-page","valueUri":"Ingredient-CanifugCremolum-100mg-Pessary-EE-I.html"}],"reference":{"reference":"Ingredient/CanifugCremolum-100mg-Pessary-EE-I"},"name":"CanifugCremolum-100mg-Pessary-EE-I","description":"Ingredient: clotrimazole, presentation strength","exampleCanonical":"http://unicom-project.eu/fhir/StructureDefinition/PPLIngredient","groupingId":"-ex-example"},{"extension":[{"url":"http://hl7.org/fhir/StructureDefinition/implementationguide-page","valueUri":"ManufacturedItemDefinition-CanifugCremolum-100mg-Pessary-EE-MID.html"}],"reference":{"reference":"ManufacturedItemDefinition/CanifugCremolum-100mg-Pessary-EE-MID"},"name":"CanifugCremolum-100mg-Pessary-EE-MID","description":"Manufactured Item: pessary","exampleCanonical":"http://unicom-project.eu/fhir/StructureDefinition/PPLManufacturedItemDefinition","groupingId":"-ex-example"},{"extension":[{"url":"http://hl7.org/fhir/StructureDefinition/implementationguide-page","valueUri":"AdministrableProductDefinition-CanifugCremolum-10mg1g-Cream-EE-APD.html"}],"reference":{"reference":"AdministrableProductDefinition/CanifugCremolum-10mg1g-Cream-EE-APD"},"name":"CanifugCremolum-10mg1g-Cream-EE-APD","description":"Administrable/Pharmaceutical Product Definition: creme","exampleCanonical":"http://unicom-project.eu/fhir/StructureDefinition/PPLAdministrableProductDefinition","groupingId":"-ex-example"},{"extension":[{"url":"http://hl7.org/fhir/StructureDefinition/implementationguide-page","valueUri":"Ingredient-CanifugCremolum-10mg1g-Cream-EE-I.html"}],"reference":{"reference":"Ingredient/CanifugCremolum-10mg1g-Cream-EE-I"},"name":"CanifugCremolum-10mg1g-Cream-EE-I","description":"Ingredient: clotrimazole, concentration strength","exampleCanonical":"http://unicom-project.eu/fhir/StructureDefinition/PPLIngredient","groupingId":"-ex-example"},{"extension":[{"url":"http://hl7.org/fhir/StructureDefinition/implementationguide-page","valueUri":"ManufacturedItemDefinition-CanifugCremolum-10mg1g-Cream-EE-MID.html"}],"reference":{"reference":"ManufacturedItemDefinition/CanifugCremolum-10mg1g-Cream-EE-MID"},"name":"CanifugCremolum-10mg1g-Cream-EE-MID","description":"Manufactured Item: cream in tube","exampleCanonical":"http://unicom-project.eu/fhir/StructureDefinition/PPLManufacturedItemDefinition","groupingId":"-ex-example"},{"extension":[{"url":"http://hl7.org/fhir/StructureDefinition/implementationguide-page","valueUri":"MedicinalProductDefinition-CanifugCremolum-EE-MPD.html"}],"reference":{"reference":"MedicinalProductDefinition/CanifugCremolum-EE-MPD"},"name":"CanifugCremolum-EE-MPD","description":"Medicinal Product Definition: combination product of creme and pessaries","exampleCanonical":"http://unicom-project.eu/fhir/StructureDefinition/PPLMedicinalProductDefinition","groupingId":"-ex-example"},{"extension":[{"url":"http://hl7.org/fhir/StructureDefinition/implementationguide-page","valueUri":"PackagedProductDefinition-CanifugCremolum-EE-PPD-1033692.html"}],"reference":{"reference":"PackagedProductDefinition/CanifugCremolum-EE-PPD-1033692"},"name":"CanifugCremolum-EE-PPD-1033692","description":"Packaged Product Definition: combination package of creme and pessaries","exampleCanonical":"http://unicom-project.eu/fhir/StructureDefinition/PPLPackagedProductDefinition","groupingId":"-ex-example"},{"extension":[{"url":"http://hl7.org/fhir/StructureDefinition/implementationguide-page","valueUri":"RegulatedAuthorization-CanifugCremolum-EE-RA.html"}],"reference":{"reference":"RegulatedAuthorization/CanifugCremolum-EE-RA"},"name":"CanifugCremolum-EE-RA","description":"Marketing Authorisation","exampleCanonical":"http://unicom-project.eu/fhir/StructureDefinition/PPLRegulatedAuthorization","groupingId":"-ex-example"},{"extension":[{"url":"http://hl7.org/fhir/StructureDefinition/implementationguide-page","valueUri":"AdministrableProductDefinition-Cefuroxime-MIP-1500mg-EE-APD.html"}],"reference":{"reference":"AdministrableProductDefinition/Cefuroxime-MIP-1500mg-EE-APD"},"name":"Cefuroxime-MIP-1500mg-EE-APD","description":"Administrable/Pharmaceutical Product Definition: transformed","exampleCanonical":"http://unicom-project.eu/fhir/StructureDefinition/PPLAdministrableProductDefinition","groupingId":"-ex-example"},{"extension":[{"url":"http://hl7.org/fhir/StructureDefinition/implementationguide-page","valueUri":"Ingredient-Cefuroxime-MIP-1500mg-EE-I.html"}],"reference":{"reference":"Ingredient/Cefuroxime-MIP-1500mg-EE-I"},"name":"Cefuroxime-MIP-1500mg-EE-I","description":"Ingredient: cefuroxime sodium, presentation strength; cefuroxime sodium, reference strength","exampleBoolean":true,"groupingId":"-ex-example"},{"extension":[{"url":"http://hl7.org/fhir/StructureDefinition/implementationguide-page","valueUri":"ManufacturedItemDefinition-Cefuroxime-MIP-1500mg-EE-MID.html"}],"reference":{"reference":"ManufacturedItemDefinition/Cefuroxime-MIP-1500mg-EE-MID"},"name":"Cefuroxime-MIP-1500mg-EE-MID","description":"Manufactured Item: powder in vial","exampleCanonical":"http://unicom-project.eu/fhir/StructureDefinition/PPLManufacturedItemDefinition","groupingId":"-ex-example"},{"extension":[{"url":"http://hl7.org/fhir/StructureDefinition/implementationguide-page","valueUri":"MedicinalProductDefinition-Cefuroxime-MIP-1500mg-EE-MPD.html"}],"reference":{"reference":"MedicinalProductDefinition/Cefuroxime-MIP-1500mg-EE-MPD"},"name":"Cefuroxime-MIP-1500mg-EE-MPD","description":"Medicinal Product Definition: powder for solution","exampleCanonical":"http://unicom-project.eu/fhir/StructureDefinition/PPLMedicinalProductDefinition","groupingId":"-ex-example"},{"extension":[{"url":"http://hl7.org/fhir/StructureDefinition/implementationguide-page","valueUri":"PackagedProductDefinition-Cefuroxime-MIP-1500mg-EE-PPD-1529940.html"}],"reference":{"reference":"PackagedProductDefinition/Cefuroxime-MIP-1500mg-EE-PPD-1529940"},"name":"Cefuroxime-MIP-1500mg-EE-PPD-1529940","description":"Packaged Product Definition: powder for solution in 1 vial","exampleCanonical":"http://unicom-project.eu/fhir/StructureDefinition/PPLPackagedProductDefinition","groupingId":"-ex-example"},{"extension":[{"url":"http://hl7.org/fhir/StructureDefinition/implementationguide-page","valueUri":"PackagedProductDefinition-Cefuroxime-MIP-1500mg-EE-PPD-1529962.html"}],"reference":{"reference":"PackagedProductDefinition/Cefuroxime-MIP-1500mg-EE-PPD-1529962"},"name":"Cefuroxime-MIP-1500mg-EE-PPD-1529962","description":"Packaged Product Definition: powder for solution in 10 vials","exampleCanonical":"http://unicom-project.eu/fhir/StructureDefinition/PPLPackagedProductDefinition","groupingId":"-ex-example"},{"extension":[{"url":"http://hl7.org/fhir/StructureDefinition/implementationguide-page","valueUri":"RegulatedAuthorization-Cefuroxime-MIP-1500mg-EE-RA.html"}],"reference":{"reference":"RegulatedAuthorization/Cefuroxime-MIP-1500mg-EE-RA"},"name":"Cefuroxime-MIP-1500mg-EE-RA","description":"Marketing Authorisation","exampleCanonical":"http://unicom-project.eu/fhir/StructureDefinition/PPLRegulatedAuthorization","groupingId":"-ex-example"},{"extension":[{"url":"http://hl7.org/fhir/StructureDefinition/implementationguide-page","valueUri":"Organization-LOC-100002580-Zentiva.html"}],"reference":{"reference":"Organization/LOC-100002580-Zentiva"},"name":"LOC-100002580-Zentiva","description":"Marketing Authorisation Holder / Organisation","exampleCanonical":"http://unicom-project.eu/fhir/StructureDefinition/PPLOrganization","groupingId":"-ex-example"},{"extension":[{"url":"http://hl7.org/fhir/StructureDefinition/implementationguide-page","valueUri":"Organization-LOC-100004795-Wolff-Arzneimittel.html"}],"reference":{"reference":"Organization/LOC-100004795-Wolff-Arzneimittel"},"name":"LOC-100004795-Wolff-Arzneimittel","description":"Marketing Authorisation Holder / Organisation","exampleCanonical":"http://unicom-project.eu/fhir/StructureDefinition/PPLOrganization","groupingId":"-ex-example"},{"extension":[{"url":"http://hl7.org/fhir/StructureDefinition/implementationguide-page","valueUri":"Organization-LOC-100009199-Mip.html"}],"reference":{"reference":"Organization/LOC-100009199-Mip"},"name":"LOC-100009199-Mip","description":"Marketing Authorisation Holder / Organisation","exampleCanonical":"http://unicom-project.eu/fhir/StructureDefinition/PPLOrganization","groupingId":"-ex-example"}],"page":{"nameUrl":"toc.html","title":"Table of Contents","generation":"html","page":[{"nameUrl":"index.html","title":"Home","generation":"html"},{"nameUrl":"artifacts.html","title":"Artifacts Summary","generation":"html","page":[{"nameUrl":"StructureDefinition-FullMedicinalProduct.html","title":"Medicinal Product","generation":"generated"},{"nameUrl":"StructureDefinition-PPLAdministrableProductDefinition.html","title":"PPL Administrable Product profile","generation":"generated"},{"nameUrl":"StructureDefinition-PPLIngredient.html","title":"PPL Ingredient profile","generation":"generated"},{"nameUrl":"StructureDefinition-PPLManufacturedItemDefinition.html","title":"PPL Manufactured Item profile","generation":"generated"},{"nameUrl":"StructureDefinition-PPLMedicinalProductDefinition.html","title":"PPL Medicinal Product profile","generation":"generated"},{"nameUrl":"StructureDefinition-PPLOrganization.html","title":"PPL Organization","generation":"generated"},{"nameUrl":"StructureDefinition-PPLPackagedProductDefinition.html","title":"PPL Packaged Product profile","generation":"generated"},{"nameUrl":"StructureDefinition-PPLRegulatedAuthorization.html","title":"PPL Marketing Authorisation profile","generation":"generated"},{"nameUrl":"StructureDefinition-CD.html","title":"CD","generation":"generated"},{"nameUrl":"StructureDefinition-DT.html","title":"DT","generation":"generated"},{"nameUrl":"StructureDefinition-II.html","title":"II","generation":"generated"},{"nameUrl":"StructureDefinition-QT.html","title":"QT","generation":"generated"},{"nameUrl":"StructureDefinition-ST.html","title":"ST","generation":"generated"},{"nameUrl":"StructureDefinition-TS.html","title":"TS","generation":"generated"},{"nameUrl":"StructureDefinition-class.html","title":"class","generation":"generated"},{"nameUrl":"StructureDefinition-untyped.html","title":"untyped","generation":"generated"},{"nameUrl":"ValueSet-all-units-vs.html","title":"All Units Combined","generation":"generated"},{"nameUrl":"ValueSet-authorised-doseform-vs.html","title":"Authorised Dose Form","generation":"generated"},{"nameUrl":"CodeSystem-combination-package-ema-cs.html","title":"Combination Package EMA","generation":"generated"},{"nameUrl":"CodeSystem-combined-pharmaceutical-dose-form-ema-cs.html","title":"Combined Pharmaceutical Dose Form EMA","generation":"generated"},{"nameUrl":"CodeSystem-combined-term-ema-cs.html","title":"Combined Term EMA","generation":"generated"},{"nameUrl":"CodeSystem-pharmaceutical-dose-form-ema-cs.html","title":"Pharmaceutical Dose Form EMA","generation":"generated"},{"nameUrl":"CodeSystem-unit-of-measurement-ema-cs.html","title":"Unit of Measurement EMA","generation":"generated"},{"nameUrl":"CodeSystem-unit-of-presentation-ema-cs.html","title":"Unit of Presentation EMA","generation":"generated"},{"nameUrl":"Bundle-001-Agen5mg-EE-FullProduct.html","title":"001-Agen5mg-EE-FullProduct","generation":"generated"},{"nameUrl":"Bundle-002-Agen10mg-EE-FullProduct.html","title":"002-Agen10mg-EE-FullProduct","generation":"generated"},{"nameUrl":"Bundle-003-CefuroximStragen-1.5g-Powder-SE-FullProduct.html","title":"003-CefuroximStragen-1.5g-Powder-SE-FullProduct","generation":"generated"},{"nameUrl":"Bundle-004-Cefuroxime-MIP-1500mg-EE-FullProduct.html","title":"004-Cefuroxime-MIP-1500mg-EE-FullProduct","generation":"generated"},{"nameUrl":"Bundle-005-CanifugCremolum-EE-FullProduct.html","title":"005-CanifugCremolum-EE-FullProduct","generation":"generated"},{"nameUrl":"AdministrableProductDefinition-Agen-5mg-Tablet-EE-APD.html","title":"Agen-5mg-Tablet-EE-APD","generation":"generated"},{"nameUrl":"Ingredient-Agen-5mg-Tablet-EE-I.html","title":"Agen-5mg-Tablet-EE-I","generation":"generated"},{"nameUrl":"ManufacturedItemDefinition-Agen-5mg-Tablet-EE-MID.html","title":"Agen-5mg-Tablet-EE-MID","generation":"generated"},{"nameUrl":"MedicinalProductDefinition-Agen-5mg-Tablet-EE-MPD.html","title":"Agen-5mg-Tablet-EE-MPD","generation":"generated"},{"nameUrl":"PackagedProductDefinition-Agen-5mg-Tablet-EE-PPD-1109887-A.html","title":"Agen-5mg-Tablet-EE-PPD-1109887-A","generation":"generated"},{"nameUrl":"PackagedProductDefinition-Agen-5mg-Tablet-EE-PPD-1109887-B.html","title":"Agen-5mg-Tablet-EE-PPD-1109887-B","generation":"generated"},{"nameUrl":"RegulatedAuthorization-Agen-5mg-Tablet-EE-RA.html","title":"Agen-5mg-Tablet-EE-RA","generation":"generated"},{"nameUrl":"AdministrableProductDefinition-CanifugCremolum-100mg-Pessary-EE-APD.html","title":"CanifugCremolum-100mg-Pessary-EE-APD","generation":"generated"},{"nameUrl":"Ingredient-CanifugCremolum-100mg-Pessary-EE-I.html","title":"CanifugCremolum-100mg-Pessary-EE-I","generation":"generated"},{"nameUrl":"ManufacturedItemDefinition-CanifugCremolum-100mg-Pessary-EE-MID.html","title":"CanifugCremolum-100mg-Pessary-EE-MID","generation":"generated"},{"nameUrl":"AdministrableProductDefinition-CanifugCremolum-10mg1g-Cream-EE-APD.html","title":"CanifugCremolum-10mg1g-Cream-EE-APD","generation":"generated"},{"nameUrl":"Ingredient-CanifugCremolum-10mg1g-Cream-EE-I.html","title":"CanifugCremolum-10mg1g-Cream-EE-I","generation":"generated"},{"nameUrl":"ManufacturedItemDefinition-CanifugCremolum-10mg1g-Cream-EE-MID.html","title":"CanifugCremolum-10mg1g-Cream-EE-MID","generation":"generated"},{"nameUrl":"MedicinalProductDefinition-CanifugCremolum-EE-MPD.html","title":"CanifugCremolum-EE-MPD","generation":"generated"},{"nameUrl":"PackagedProductDefinition-CanifugCremolum-EE-PPD-1033692.html","title":"CanifugCremolum-EE-PPD-1033692","generation":"generated"},{"nameUrl":"RegulatedAuthorization-CanifugCremolum-EE-RA.html","title":"CanifugCremolum-EE-RA","generation":"generated"},{"nameUrl":"AdministrableProductDefinition-Cefuroxime-MIP-1500mg-EE-APD.html","title":"Cefuroxime-MIP-1500mg-EE-APD","generation":"generated"},{"nameUrl":"Ingredient-Cefuroxime-MIP-1500mg-EE-I.html","title":"Cefuroxime-MIP-1500mg-EE-I","generation":"generated"},{"nameUrl":"ManufacturedItemDefinition-Cefuroxime-MIP-1500mg-EE-MID.html","title":"Cefuroxime-MIP-1500mg-EE-MID","generation":"generated"},{"nameUrl":"MedicinalProductDefinition-Cefuroxime-MIP-1500mg-EE-MPD.html","title":"Cefuroxime-MIP-1500mg-EE-MPD","generation":"generated"},{"nameUrl":"PackagedProductDefinition-Cefuroxime-MIP-1500mg-EE-PPD-1529940.html","title":"Cefuroxime-MIP-1500mg-EE-PPD-1529940","generation":"generated"},{"nameUrl":"PackagedProductDefinition-Cefuroxime-MIP-1500mg-EE-PPD-1529962.html","title":"Cefuroxime-MIP-1500mg-EE-PPD-1529962","generation":"generated"},{"nameUrl":"RegulatedAuthorization-Cefuroxime-MIP-1500mg-EE-RA.html","title":"Cefuroxime-MIP-1500mg-EE-RA","generation":"generated"},{"nameUrl":"Organization-LOC-100002580-Zentiva.html","title":"LOC-100002580-Zentiva","generation":"generated"},{"nameUrl":"Organization-LOC-100004795-Wolff-Arzneimittel.html","title":"LOC-100004795-Wolff-Arzneimittel","generation":"generated"},{"nameUrl":"Organization-LOC-100009199-Mip.html","title":"LOC-100009199-Mip","generation":"generated"}]}]},"parameter":[{"code":"path-resource","value":"input/capabilities"},{"code":"path-resource","value":"input/examples"},{"code":"path-resource","value":"input/extensions"},{"code":"path-resource","value":"input/models"},{"code":"path-resource","value":"input/operations"},{"code":"path-resource","value":"input/profiles"},{"code":"path-resource","value":"input/resources"},{"code":"path-resource","value":"input/vocabulary"},{"code":"path-resource","value":"input/maps"},{"code":"path-resource","value":"input/testing"},{"code":"path-resource","value":"input/history"},{"code":"path-resource","value":"fsh-generated/resources"},{"code":"path-pages","value":"template/config"},{"code":"path-pages","value":"input/images"},{"code":"path-tx-cache","value":"input-cache/txcache"}]}}