{
  "resourceType" : "CodeSystem",
  "id" : "packaging-ema-cs",
  "text" : {
    "status" : "generated",
    "div" : "<div xmlns=\"http://www.w3.org/1999/xhtml\"><p>This case-insensitive code system <code>https://spor.ema.europa.eu/v1/lists/100000073346</code> defines the following codes:</p><table class=\"codes\"><tr><td style=\"white-space:nowrap\"><b>Code</b></td><td><b>Display</b></td></tr><tr><td style=\"white-space:nowrap\">100000073530<a name=\"packaging-ema-cs-100000073530\"> </a></td><td>Multidose container</td></tr><tr><td style=\"white-space:nowrap\">100000073520<a name=\"packaging-ema-cs-100000073520\"> </a></td><td>Injection syringe</td></tr><tr><td style=\"white-space:nowrap\">100000073529<a name=\"packaging-ema-cs-100000073529\"> </a></td><td>Mouthpiece</td></tr><tr><td style=\"white-space:nowrap\">100000073502<a name=\"packaging-ema-cs-100000073502\"> </a></td><td>Cap</td></tr><tr><td style=\"white-space:nowrap\">100000073513<a name=\"packaging-ema-cs-100000073513\"> </a></td><td>Fixed cryogenic vessel</td></tr><tr><td style=\"white-space:nowrap\">100000073500<a name=\"packaging-ema-cs-100000073500\"> </a></td><td>Brush applicator</td></tr><tr><td style=\"white-space:nowrap\">100000073495<a name=\"packaging-ema-cs-100000073495\"> </a></td><td>Barrel</td></tr><tr><td style=\"white-space:nowrap\">100000073496<a name=\"packaging-ema-cs-100000073496\"> </a></td><td>Blister</td></tr><tr><td style=\"white-space:nowrap\">100000073497<a name=\"packaging-ema-cs-100000073497\"> </a></td><td>Bottle</td></tr><tr><td style=\"white-space:nowrap\">100000073509<a name=\"packaging-ema-cs-100000073509\"> </a></td><td>Dredging container</td></tr><tr><td style=\"white-space:nowrap\">100000073511<a name=\"packaging-ema-cs-100000073511\"> </a></td><td>Dropper applicator</td></tr><tr><td style=\"white-space:nowrap\">100000073539<a name=\"packaging-ema-cs-100000073539\"> </a></td><td>Pipette applicator</td></tr><tr><td style=\"white-space:nowrap\">100000073490<a name=\"packaging-ema-cs-100000073490\"> </a></td><td>Ampoule</td></tr><tr><td style=\"white-space:nowrap\">100000073505<a name=\"packaging-ema-cs-100000073505\"> </a></td><td>Cup</td></tr><tr><td style=\"white-space:nowrap\">100000073506<a name=\"packaging-ema-cs-100000073506\"> </a></td><td>Dabbing applicator</td></tr><tr><td style=\"white-space:nowrap\">100000073508<a name=\"packaging-ema-cs-100000073508\"> </a></td><td>Dredging applicator</td></tr><tr><td style=\"white-space:nowrap\">100000073512<a name=\"packaging-ema-cs-100000073512\"> </a></td><td>Dropper container</td></tr><tr><td style=\"white-space:nowrap\">100000073517<a name=\"packaging-ema-cs-100000073517\"> </a></td><td>Inhaler</td></tr><tr><td style=\"white-space:nowrap\">100000073527<a name=\"packaging-ema-cs-100000073527\"> </a></td><td>Metering valve</td></tr><tr><td style=\"white-space:nowrap\">100000073535<a name=\"packaging-ema-cs-100000073535\"> </a></td><td>Needle applicator</td></tr><tr><td style=\"white-space:nowrap\">100000073519<a name=\"packaging-ema-cs-100000073519\"> </a></td><td>Injection needle</td></tr><tr><td style=\"white-space:nowrap\">100000073526<a name=\"packaging-ema-cs-100000073526\"> </a></td><td>Metering pump</td></tr><tr><td style=\"white-space:nowrap\">100000073523<a name=\"packaging-ema-cs-100000073523\"> </a></td><td>Jar</td></tr><tr><td style=\"white-space:nowrap\">100000073524<a name=\"packaging-ema-cs-100000073524\"> </a></td><td>Measuring device</td></tr><tr><td style=\"white-space:nowrap\">100000073525<a name=\"packaging-ema-cs-100000073525\"> </a></td><td>Measuring spoon</td></tr><tr><td style=\"white-space:nowrap\">100000073528<a name=\"packaging-ema-cs-100000073528\"> </a></td><td>Mobile cryogenic vessel</td></tr><tr><td style=\"white-space:nowrap\">100000073558<a name=\"packaging-ema-cs-100000073558\"> </a></td><td>Straw</td></tr><tr><td style=\"white-space:nowrap\">100000073531<a name=\"packaging-ema-cs-100000073531\"> </a></td><td>Multidose container with airless pump</td></tr><tr><td style=\"white-space:nowrap\">100000073532<a name=\"packaging-ema-cs-100000073532\"> </a></td><td>Multipuncturer</td></tr><tr><td style=\"white-space:nowrap\">100000073533<a name=\"packaging-ema-cs-100000073533\"> </a></td><td>Nasal applicator</td></tr><tr><td style=\"white-space:nowrap\">100000073534<a name=\"packaging-ema-cs-100000073534\"> </a></td><td>Nebuliser</td></tr><tr><td style=\"white-space:nowrap\">100000073536<a name=\"packaging-ema-cs-100000073536\"> </a></td><td>Nozzle</td></tr><tr><td style=\"white-space:nowrap\">100000073538<a name=\"packaging-ema-cs-100000073538\"> </a></td><td>Pipette</td></tr><tr><td style=\"white-space:nowrap\">200000024874<a name=\"packaging-ema-cs-200000024874\"> </a></td><td>Tablet tube</td></tr><tr><td style=\"white-space:nowrap\">100000073540<a name=\"packaging-ema-cs-100000073540\"> </a></td><td>Pouch</td></tr><tr><td style=\"white-space:nowrap\">100000073491<a name=\"packaging-ema-cs-100000073491\"> </a></td><td>Applicator</td></tr><tr><td style=\"white-space:nowrap\">100000073542<a name=\"packaging-ema-cs-100000073542\"> </a></td><td>Pre-filled gastroenteral tube</td></tr><tr><td style=\"white-space:nowrap\">100000073543<a name=\"packaging-ema-cs-100000073543\"> </a></td><td>Pre-filled pen</td></tr><tr><td style=\"white-space:nowrap\">100000073555<a name=\"packaging-ema-cs-100000073555\"> </a></td><td>Spray valve</td></tr><tr><td style=\"white-space:nowrap\">100000073545<a name=\"packaging-ema-cs-100000073545\"> </a></td><td>Pressurised container</td></tr><tr><td style=\"white-space:nowrap\">100000073554<a name=\"packaging-ema-cs-100000073554\"> </a></td><td>Spray pump</td></tr><tr><td style=\"white-space:nowrap\">100000073546<a name=\"packaging-ema-cs-100000073546\"> </a></td><td>Prick test applicator</td></tr><tr><td style=\"white-space:nowrap\">100000073547<a name=\"packaging-ema-cs-100000073547\"> </a></td><td>Sachet</td></tr><tr><td style=\"white-space:nowrap\">100000073550<a name=\"packaging-ema-cs-100000073550\"> </a></td><td>Single-dose container</td></tr><tr><td style=\"white-space:nowrap\">100000073551<a name=\"packaging-ema-cs-100000073551\"> </a></td><td>Spatula</td></tr><tr><td style=\"white-space:nowrap\">100000073553<a name=\"packaging-ema-cs-100000073553\"> </a></td><td>Spray container</td></tr><tr><td style=\"white-space:nowrap\">100000073563<a name=\"packaging-ema-cs-100000073563\"> </a></td><td>Vial</td></tr><tr><td style=\"white-space:nowrap\">100000073498<a name=\"packaging-ema-cs-100000073498\"> </a></td><td>Box</td></tr><tr><td style=\"white-space:nowrap\">100000073499<a name=\"packaging-ema-cs-100000073499\"> </a></td><td>Brush</td></tr><tr><td style=\"white-space:nowrap\">100000073501<a name=\"packaging-ema-cs-100000073501\"> </a></td><td>Cannula</td></tr><tr><td style=\"white-space:nowrap\">100000073559<a name=\"packaging-ema-cs-100000073559\"> </a></td><td>Strip</td></tr><tr><td style=\"white-space:nowrap\">100000073560<a name=\"packaging-ema-cs-100000073560\"> </a></td><td>Tablet container</td></tr><tr><td style=\"white-space:nowrap\">100000075664<a name=\"packaging-ema-cs-100000075664\"> </a></td><td>Administration system</td></tr><tr><td style=\"white-space:nowrap\">100000116196<a name=\"packaging-ema-cs-100000116196\"> </a></td><td>Needle-free injector</td></tr><tr><td style=\"white-space:nowrap\">100000116197<a name=\"packaging-ema-cs-100000116197\"> </a></td><td>Roll-on container</td></tr><tr><td style=\"white-space:nowrap\">100000137702<a name=\"packaging-ema-cs-100000137702\"> </a></td><td>Container</td></tr><tr><td style=\"white-space:nowrap\">100000143554<a name=\"packaging-ema-cs-100000143554\"> </a></td><td>Multidose container with metering pump</td></tr><tr><td style=\"white-space:nowrap\">100000166980<a name=\"packaging-ema-cs-100000166980\"> </a></td><td>Valve</td></tr><tr><td style=\"white-space:nowrap\">200000010647<a name=\"packaging-ema-cs-200000010647\"> </a></td><td>Lid</td></tr><tr><td style=\"white-space:nowrap\">100000173982<a name=\"packaging-ema-cs-100000173982\"> </a></td><td>Oral applicator</td></tr><tr><td style=\"white-space:nowrap\">100000173983<a name=\"packaging-ema-cs-100000173983\"> </a></td><td>Dose dispenser</td></tr><tr><td style=\"white-space:nowrap\">100000174066<a name=\"packaging-ema-cs-100000174066\"> </a></td><td>Unit-dose blister</td></tr><tr><td style=\"white-space:nowrap\">100000174067<a name=\"packaging-ema-cs-100000174067\"> </a></td><td>Pre-filled injector</td></tr><tr><td style=\"white-space:nowrap\">100000174068<a name=\"packaging-ema-cs-100000174068\"> </a></td><td>Pre-filled oral syringe</td></tr><tr><td style=\"white-space:nowrap\">100000174069<a name=\"packaging-ema-cs-100000174069\"> </a></td><td>Pre-filled oral applicator</td></tr><tr><td style=\"white-space:nowrap\">100000174070<a name=\"packaging-ema-cs-100000174070\"> </a></td><td>Dose-dispenser cartridge</td></tr><tr><td style=\"white-space:nowrap\">200000005068<a name=\"packaging-ema-cs-200000005068\"> </a></td><td>Pen</td></tr><tr><td style=\"white-space:nowrap\">100000073514<a name=\"packaging-ema-cs-100000073514\"> </a></td><td>Gas cylinder</td></tr><tr><td style=\"white-space:nowrap\">100000073561<a name=\"packaging-ema-cs-100000073561\"> </a></td><td>Tube</td></tr><tr><td style=\"white-space:nowrap\">200000005585<a name=\"packaging-ema-cs-200000005585\"> </a></td><td>Wrapper</td></tr><tr><td style=\"white-space:nowrap\">100000073504<a name=\"packaging-ema-cs-100000073504\"> </a></td><td>Child-resistant closure</td></tr><tr><td style=\"white-space:nowrap\">100000073549<a name=\"packaging-ema-cs-100000073549\"> </a></td><td>Screw cap</td></tr><tr><td style=\"white-space:nowrap\">100000073557<a name=\"packaging-ema-cs-100000073557\"> </a></td><td>Stopper</td></tr><tr><td style=\"white-space:nowrap\">100000073493<a name=\"packaging-ema-cs-100000073493\"> </a></td><td>Bag</td></tr><tr><td style=\"white-space:nowrap\">100000073503<a name=\"packaging-ema-cs-100000073503\"> </a></td><td>Cartridge</td></tr><tr><td style=\"white-space:nowrap\">100000073537<a name=\"packaging-ema-cs-100000073537\"> </a></td><td>Oral syringe</td></tr><tr><td style=\"white-space:nowrap\">100000125779<a name=\"packaging-ema-cs-100000125779\"> </a></td><td>Multidose container with pump</td></tr><tr><td style=\"white-space:nowrap\">100000073544<a name=\"packaging-ema-cs-100000073544\"> </a></td><td>Pre-filled syringe</td></tr><tr><td style=\"white-space:nowrap\">200000026021<a name=\"packaging-ema-cs-200000026021\"> </a></td><td>Gas cylinder bundle</td></tr><tr><td style=\"white-space:nowrap\">100000163233<a name=\"packaging-ema-cs-100000163233\"> </a></td><td>disk</td></tr><tr><td style=\"white-space:nowrap\">100000163234<a name=\"packaging-ema-cs-100000163234\"> </a></td><td>plunger</td></tr></table></div>"
  },
  "url" : "https://spor.ema.europa.eu/v1/lists/100000073346",
  "version" : "0.1.0",
  "name" : "Packaging_EMA_CS",
  "title" : "Packaging EMA SPOR",
  "status" : "draft",
  "experimental" : false,
  "date" : "2024-05-03T19:27:00+00:00",
  "publisher" : "UNICOM",
  "contact" : [{
    "name" : "UNICOM",
    "telecom" : [{
      "system" : "url",
      "value" : "http://unicom-project.eu"
    }]
  }],
  "description" : "Package types, including closures and administration devices. Based on EDQM, recoded with EMA SPOR RMS codes.",
  "caseSensitive" : false,
  "compositional" : false,
  "content" : "complete",
  "count" : 81,
  "concept" : [{
    "code" : "100000073530",
    "display" : "Multidose container"
  },
  {
    "code" : "100000073520",
    "display" : "Injection syringe"
  },
  {
    "code" : "100000073529",
    "display" : "Mouthpiece"
  },
  {
    "code" : "100000073502",
    "display" : "Cap"
  },
  {
    "code" : "100000073513",
    "display" : "Fixed cryogenic vessel"
  },
  {
    "code" : "100000073500",
    "display" : "Brush applicator"
  },
  {
    "code" : "100000073495",
    "display" : "Barrel"
  },
  {
    "code" : "100000073496",
    "display" : "Blister"
  },
  {
    "code" : "100000073497",
    "display" : "Bottle"
  },
  {
    "code" : "100000073509",
    "display" : "Dredging container"
  },
  {
    "code" : "100000073511",
    "display" : "Dropper applicator"
  },
  {
    "code" : "100000073539",
    "display" : "Pipette applicator"
  },
  {
    "code" : "100000073490",
    "display" : "Ampoule"
  },
  {
    "code" : "100000073505",
    "display" : "Cup"
  },
  {
    "code" : "100000073506",
    "display" : "Dabbing applicator"
  },
  {
    "code" : "100000073508",
    "display" : "Dredging applicator"
  },
  {
    "code" : "100000073512",
    "display" : "Dropper container"
  },
  {
    "code" : "100000073517",
    "display" : "Inhaler"
  },
  {
    "code" : "100000073527",
    "display" : "Metering valve"
  },
  {
    "code" : "100000073535",
    "display" : "Needle applicator"
  },
  {
    "code" : "100000073519",
    "display" : "Injection needle"
  },
  {
    "code" : "100000073526",
    "display" : "Metering pump"
  },
  {
    "code" : "100000073523",
    "display" : "Jar"
  },
  {
    "code" : "100000073524",
    "display" : "Measuring device"
  },
  {
    "code" : "100000073525",
    "display" : "Measuring spoon"
  },
  {
    "code" : "100000073528",
    "display" : "Mobile cryogenic vessel"
  },
  {
    "code" : "100000073558",
    "display" : "Straw"
  },
  {
    "code" : "100000073531",
    "display" : "Multidose container with airless pump"
  },
  {
    "code" : "100000073532",
    "display" : "Multipuncturer"
  },
  {
    "code" : "100000073533",
    "display" : "Nasal applicator"
  },
  {
    "code" : "100000073534",
    "display" : "Nebuliser"
  },
  {
    "code" : "100000073536",
    "display" : "Nozzle"
  },
  {
    "code" : "100000073538",
    "display" : "Pipette"
  },
  {
    "code" : "200000024874",
    "display" : "Tablet tube"
  },
  {
    "code" : "100000073540",
    "display" : "Pouch"
  },
  {
    "code" : "100000073491",
    "display" : "Applicator"
  },
  {
    "code" : "100000073542",
    "display" : "Pre-filled gastroenteral tube"
  },
  {
    "code" : "100000073543",
    "display" : "Pre-filled pen"
  },
  {
    "code" : "100000073555",
    "display" : "Spray valve"
  },
  {
    "code" : "100000073545",
    "display" : "Pressurised container"
  },
  {
    "code" : "100000073554",
    "display" : "Spray pump"
  },
  {
    "code" : "100000073546",
    "display" : "Prick test applicator"
  },
  {
    "code" : "100000073547",
    "display" : "Sachet"
  },
  {
    "code" : "100000073550",
    "display" : "Single-dose container"
  },
  {
    "code" : "100000073551",
    "display" : "Spatula"
  },
  {
    "code" : "100000073553",
    "display" : "Spray container"
  },
  {
    "code" : "100000073563",
    "display" : "Vial"
  },
  {
    "code" : "100000073498",
    "display" : "Box"
  },
  {
    "code" : "100000073499",
    "display" : "Brush"
  },
  {
    "code" : "100000073501",
    "display" : "Cannula"
  },
  {
    "code" : "100000073559",
    "display" : "Strip"
  },
  {
    "code" : "100000073560",
    "display" : "Tablet container"
  },
  {
    "code" : "100000075664",
    "display" : "Administration system"
  },
  {
    "code" : "100000116196",
    "display" : "Needle-free injector"
  },
  {
    "code" : "100000116197",
    "display" : "Roll-on container"
  },
  {
    "code" : "100000137702",
    "display" : "Container"
  },
  {
    "code" : "100000143554",
    "display" : "Multidose container with metering pump"
  },
  {
    "code" : "100000166980",
    "display" : "Valve"
  },
  {
    "code" : "200000010647",
    "display" : "Lid"
  },
  {
    "code" : "100000173982",
    "display" : "Oral applicator"
  },
  {
    "code" : "100000173983",
    "display" : "Dose dispenser"
  },
  {
    "code" : "100000174066",
    "display" : "Unit-dose blister"
  },
  {
    "code" : "100000174067",
    "display" : "Pre-filled injector"
  },
  {
    "code" : "100000174068",
    "display" : "Pre-filled oral syringe"
  },
  {
    "code" : "100000174069",
    "display" : "Pre-filled oral applicator"
  },
  {
    "code" : "100000174070",
    "display" : "Dose-dispenser cartridge"
  },
  {
    "code" : "200000005068",
    "display" : "Pen"
  },
  {
    "code" : "100000073514",
    "display" : "Gas cylinder"
  },
  {
    "code" : "100000073561",
    "display" : "Tube"
  },
  {
    "code" : "200000005585",
    "display" : "Wrapper"
  },
  {
    "code" : "100000073504",
    "display" : "Child-resistant closure"
  },
  {
    "code" : "100000073549",
    "display" : "Screw cap"
  },
  {
    "code" : "100000073557",
    "display" : "Stopper"
  },
  {
    "code" : "100000073493",
    "display" : "Bag"
  },
  {
    "code" : "100000073503",
    "display" : "Cartridge"
  },
  {
    "code" : "100000073537",
    "display" : "Oral syringe"
  },
  {
    "code" : "100000125779",
    "display" : "Multidose container with pump"
  },
  {
    "code" : "100000073544",
    "display" : "Pre-filled syringe"
  },
  {
    "code" : "200000026021",
    "display" : "Gas cylinder bundle"
  },
  {
    "code" : "100000163233",
    "display" : "disk"
  },
  {
    "code" : "100000163234",
    "display" : "plunger"
  }]
}