{
  "resourceType" : "Medication",
  "id" : "Clotrimazole-Cream-Generic",
  "meta" : {
    "profile" : ["http://unicom-project.eu/fhir/StructureDefinition/MedicationAsManufacturedItem"]
  },
  "text" : {
    "status" : "generated",
    "div" : "<div xmlns=\"http://www.w3.org/1999/xhtml\"><p><b>Generated Narrative: Medication</b><a name=\"Clotrimazole-Cream-Generic\"> </a><a name=\"hcClotrimazole-Cream-Generic\"> </a></p><div style=\"display: inline-block; background-color: #d9e0e7; padding: 6px; margin: 4px; border: 1px solid #8da1b4; border-radius: 5px; line-height: 60%\"><p style=\"margin-bottom: 0px\">Resource Medication &quot;Clotrimazole-Cream-Generic&quot; </p><p style=\"margin-bottom: 0px\">Profile: <a href=\"StructureDefinition-MedicationAsManufacturedItem.html\">Medication as manufactured item</a></p></div><p><b>code</b>: Clotrimazole 20 mg/g vaginal cream <span style=\"background: LightGoldenRodYellow; margin: 4px; border: 1px solid khaki\"> (www.snomed.org#326215009)</span></p><p><b>doseForm</b>: Vaginal cream <span style=\"background: LightGoldenRodYellow; margin: 4px; border: 1px solid khaki\"> (standardterms.edqm.eu#10901000)</span></p><p><b>totalVolume</b>: 20 gram<span style=\"background: LightGoldenRodYellow\"> (Details: UCUM code g = 'g')</span></p><blockquote><p><b>ingredient</b></p><h3>Items</h3><table class=\"grid\"><tr><td style=\"display: none\">-</td><td><b>Concept</b></td></tr><tr><td style=\"display: none\">*</td><td>CLOTRIMAZOLE <span style=\"background: LightGoldenRodYellow; margin: 4px; border: 1px solid khaki\"> (<a href=\"CodeSystem-substance-sms-cs.html\">Substances EMA SPOR SMS</a>#100000092074)</span></td></tr></table><p><b>isActive</b>: true</p><p><b>strength</b>: 10 milligram<span style=\"background: LightGoldenRodYellow\"> (Details: UCUM code mg = 'mg')</span>/1 gram<span style=\"background: LightGoldenRodYellow\"> (Details: UCUM code g = 'g')</span></p></blockquote></div>"
  },
  "code" : {
    "coding" : [{
      "system" : "http://www.snomed.org",
      "code" : "326215009",
      "display" : "Clotrimazole 20 mg/g vaginal cream"
    }]
  },
  "doseForm" : {
    "coding" : [{
      "system" : "https://standardterms.edqm.eu",
      "code" : "10901000",
      "display" : "Vaginal cream"
    }]
  },
  "totalVolume" : {
    "value" : 20,
    "unit" : "gram",
    "system" : "http://unitsofmeasure.org",
    "code" : "g"
  },
  "ingredient" : [{
    "item" : {
      "concept" : {
        "coding" : [{
          "system" : "https://spor.ema.europa.eu/v2/SubstanceDefinition",
          "code" : "100000092074",
          "display" : "CLOTRIMAZOLE"
        }]
      }
    },
    "isActive" : true,
    "strengthRatio" : {
      "numerator" : {
        "value" : 10,
        "unit" : "milligram",
        "system" : "http://unitsofmeasure.org",
        "code" : "mg"
      },
      "denominator" : {
        "value" : 1,
        "unit" : "gram",
        "system" : "http://unitsofmeasure.org",
        "code" : "g"
      }
    }
  }]
}