<?xml version="1.0" encoding="UTF-8"?>

<ManufacturedItemDefinition xmlns="http://hl7.org/fhir">
  <id value="CanifugCremolum-100mg-Pessary-EE-MID"/>
  <text>
    <status value="generated"/><div xmlns="http://www.w3.org/1999/xhtml"><p><b>Generated Narrative: ManufacturedItemDefinition</b><a name="CanifugCremolum-100mg-Pessary-EE-MID"> </a></p><div style="display: inline-block; background-color: #d9e0e7; padding: 6px; margin: 4px; border: 1px solid #8da1b4; border-radius: 5px; line-height: 60%"><p style="margin-bottom: 0px">Resource ManufacturedItemDefinition &quot;CanifugCremolum-100mg-Pessary-EE-MID&quot; </p></div><p><b>status</b>: active</p><p><b>manufacturedDoseForm</b>: Pessary <span style="background: LightGoldenRodYellow; margin: 4px; border: 1px solid khaki"> (200000000004#100000073815)</span></p><p><b>unitOfPresentation</b>: Pessary <span style="background: LightGoldenRodYellow; margin: 4px; border: 1px solid khaki"> (200000000014#200000002137)</span></p></div>
  </text>
  <status value="active"/>
  <manufacturedDoseForm>
    <coding>
      <system value="http://spor.ema.europa.eu/v1/lists/200000000004"/>
      <code value="100000073815"/>
      <display value="Pessary"/>
    </coding>
  </manufacturedDoseForm>
  <unitOfPresentation>
    <coding>
      <system value="http://spor.ema.europa.eu/v1/lists/200000000014"/>
      <code value="200000002137"/>
      <display value="Pessary"/>
    </coding>
  </unitOfPresentation>
</ManufacturedItemDefinition>