<?xml version="1.0" encoding="UTF-8"?>

<RegulatedAuthorization xmlns="http://hl7.org/fhir">
  <id value="CanifugCremolum-EE-RA"/>
  <meta>
    <profile value="http://unicom-project.eu/fhir/StructureDefinition/PPLRegulatedAuthorization"/>
  </meta>
  <text>
    <status value="generated"/><div xmlns="http://www.w3.org/1999/xhtml"><p><b>Generated Narrative: RegulatedAuthorization</b><a name="CanifugCremolum-EE-RA"> </a></p><div style="display: inline-block; background-color: #d9e0e7; padding: 6px; margin: 4px; border: 1px solid #8da1b4; border-radius: 5px; line-height: 60%"><p style="margin-bottom: 0px">Resource RegulatedAuthorization &quot;CanifugCremolum-EE-RA&quot; </p><p style="margin-bottom: 0px">Profile: <a href="StructureDefinition-PPLRegulatedAuthorization.html">PPL Marketing Authorisation profile</a></p></div><p><b>identifier</b>: id: 366201</p><p><b>subject</b>: <a href="MedicinalProductDefinition-CanifugCremolum-EE-MPD.html">MedicinalProductDefinition/CanifugCremolum-EE-MPD</a></p><p><b>type</b>: Marketing Authorisation <span style="background: LightGoldenRodYellow; margin: 4px; border: 1px solid khaki"> (220000000060#220000000061)</span></p><p><b>region</b>: Republic of Estonia <span style="background: LightGoldenRodYellow; margin: 4px; border: 1px solid khaki"> (<a href="CodeSystem-country-ema-cs.html">Country EMA</a>#100000000388)</span></p><p><b>status</b>: Valid - Renewed/Varied <span style="background: LightGoldenRodYellow; margin: 4px; border: 1px solid khaki"> (<a href="CodeSystem-regulatoryStatus-ema-cs.html">Regulatory Entitlement Status EMA SPOR</a>#200000017708)</span></p><p><b>statusDate</b>: 2011-10-19</p><p><b>holder</b>: <a href="Organization-LOC-100004795-Wolff-Arzneimittel.html">Organization/LOC-100004795-Wolff-Arzneimittel</a> &quot;Dr. August Wolff GmbH &amp; Co. KG Arzneimittel&quot;</p></div>
  </text>
  <identifier>
    <value value="366201"/>
  </identifier>
  <subject>
    <reference value="MedicinalProductDefinition/CanifugCremolum-EE-MPD"/>
  </subject>
  <type>
    <coding>
      <system value="https://spor.ema.europa.eu/v1/lists/220000000060"/>
      <code value="220000000061"/>
      <display value="Marketing Authorisation"/>
    </coding>
  </type>
  <region>
    <coding>
      <system value="https://spor.ema.europa.eu/v1/lists/100000000002"/>
      <code value="100000000388"/>
      <display value="Republic of Estonia"/>
    </coding>
  </region>
  <status>
    <coding>
      <system value="https://spor.ema.europa.eu/v1/lists/100000072049"/>
      <code value="200000017708"/>
      <display value="Valid - Renewed/Varied"/>
    </coding>
  </status>
  <statusDate value="2011-10-19"/>
  <holder>
    <reference value="Organization/LOC-100004795-Wolff-Arzneimittel"/>
  </holder>
</RegulatedAuthorization>