<?xml version="1.0" encoding="UTF-8"?>

<CodeSystem xmlns="http://hl7.org/fhir">
  <id value="unit-of-presentation-ema-cs"/>
  <text>
    <status value="generated"/><div xmlns="http://www.w3.org/1999/xhtml"><p>This case-insensitive code system <code>https://spor.ema.europa.eu/v1/lists/200000000014</code> defines the following codes:</p><table class="codes"><tr><td style="white-space:nowrap"><b>Code</b></td><td><b>Display</b></td></tr><tr><td style="white-space:nowrap">200000022814<a name="unit-of-presentation-ema-cs-200000022814"> </a></td><td>Other</td></tr><tr><td style="white-space:nowrap">200000022839<a name="unit-of-presentation-ema-cs-200000022839"> </a></td><td>Test</td></tr><tr><td style="white-space:nowrap">200000002108<a name="unit-of-presentation-ema-cs-200000002108"> </a></td><td>Barrel</td></tr><tr><td style="white-space:nowrap">200000002109<a name="unit-of-presentation-ema-cs-200000002109"> </a></td><td>Blister</td></tr><tr><td style="white-space:nowrap">200000002110<a name="unit-of-presentation-ema-cs-200000002110"> </a></td><td>Block</td></tr><tr><td style="white-space:nowrap">200000002111<a name="unit-of-presentation-ema-cs-200000002111"> </a></td><td>Bottle</td></tr><tr><td style="white-space:nowrap">200000002112<a name="unit-of-presentation-ema-cs-200000002112"> </a></td><td>Cachet</td></tr><tr><td style="white-space:nowrap">200000002113<a name="unit-of-presentation-ema-cs-200000002113"> </a></td><td>Capsule</td></tr><tr><td style="white-space:nowrap">200000002114<a name="unit-of-presentation-ema-cs-200000002114"> </a></td><td>Cartridge</td></tr><tr><td style="white-space:nowrap">200000002116<a name="unit-of-presentation-ema-cs-200000002116"> </a></td><td>Container</td></tr><tr><td style="white-space:nowrap">200000002117<a name="unit-of-presentation-ema-cs-200000002117"> </a></td><td>Cup</td></tr><tr><td style="white-space:nowrap">200000002118<a name="unit-of-presentation-ema-cs-200000002118"> </a></td><td>Cylinder</td></tr><tr><td style="white-space:nowrap">200000002120<a name="unit-of-presentation-ema-cs-200000002120"> </a></td><td>Dressing</td></tr><tr><td style="white-space:nowrap">200000002121<a name="unit-of-presentation-ema-cs-200000002121"> </a></td><td>Drop</td></tr><tr><td style="white-space:nowrap">200000002122<a name="unit-of-presentation-ema-cs-200000002122"> </a></td><td>Film</td></tr><tr><td style="white-space:nowrap">200000002123<a name="unit-of-presentation-ema-cs-200000002123"> </a></td><td>Chewing gum</td></tr><tr><td style="white-space:nowrap">200000002124<a name="unit-of-presentation-ema-cs-200000002124"> </a></td><td>Implant</td></tr><tr><td style="white-space:nowrap">200000002125<a name="unit-of-presentation-ema-cs-200000002125"> </a></td><td>Inhaler</td></tr><tr><td style="white-space:nowrap">200000002126<a name="unit-of-presentation-ema-cs-200000002126"> </a></td><td>Insert</td></tr><tr><td style="white-space:nowrap">200000002127<a name="unit-of-presentation-ema-cs-200000002127"> </a></td><td>Jar</td></tr><tr><td style="white-space:nowrap">200000002128<a name="unit-of-presentation-ema-cs-200000002128"> </a></td><td>Lozenge</td></tr><tr><td style="white-space:nowrap">200000002129<a name="unit-of-presentation-ema-cs-200000002129"> </a></td><td>Lyophilisate</td></tr><tr><td style="white-space:nowrap">200000002130<a name="unit-of-presentation-ema-cs-200000002130"> </a></td><td>Matrix</td></tr><tr><td style="white-space:nowrap">200000002131<a name="unit-of-presentation-ema-cs-200000002131"> </a></td><td>Pad</td></tr><tr><td style="white-space:nowrap">200000002133<a name="unit-of-presentation-ema-cs-200000002133"> </a></td><td>Pastille</td></tr><tr><td style="white-space:nowrap">200000002134<a name="unit-of-presentation-ema-cs-200000002134"> </a></td><td>Patch</td></tr><tr><td style="white-space:nowrap">200000002135<a name="unit-of-presentation-ema-cs-200000002135"> </a></td><td>Pen</td></tr><tr><td style="white-space:nowrap">200000002137<a name="unit-of-presentation-ema-cs-200000002137"> </a></td><td>Pessary</td></tr><tr><td style="white-space:nowrap">200000002138<a name="unit-of-presentation-ema-cs-200000002138"> </a></td><td>Pillule</td></tr><tr><td style="white-space:nowrap">200000002139<a name="unit-of-presentation-ema-cs-200000002139"> </a></td><td>Pipette</td></tr><tr><td style="white-space:nowrap">200000002140<a name="unit-of-presentation-ema-cs-200000002140"> </a></td><td>Plaster</td></tr><tr><td style="white-space:nowrap">200000002141<a name="unit-of-presentation-ema-cs-200000002141"> </a></td><td>Plug</td></tr><tr><td style="white-space:nowrap">200000002142<a name="unit-of-presentation-ema-cs-200000002142"> </a></td><td>Pouch</td></tr><tr><td style="white-space:nowrap">200000002143<a name="unit-of-presentation-ema-cs-200000002143"> </a></td><td>Sachet</td></tr><tr><td style="white-space:nowrap">200000002144<a name="unit-of-presentation-ema-cs-200000002144"> </a></td><td>Sponge</td></tr><tr><td style="white-space:nowrap">200000002145<a name="unit-of-presentation-ema-cs-200000002145"> </a></td><td>Spoonful</td></tr><tr><td style="white-space:nowrap">200000002146<a name="unit-of-presentation-ema-cs-200000002146"> </a></td><td>Stick</td></tr><tr><td style="white-space:nowrap">200000002147<a name="unit-of-presentation-ema-cs-200000002147"> </a></td><td>Straw</td></tr><tr><td style="white-space:nowrap">200000002148<a name="unit-of-presentation-ema-cs-200000002148"> </a></td><td>Strip</td></tr><tr><td style="white-space:nowrap">200000002149<a name="unit-of-presentation-ema-cs-200000002149"> </a></td><td>Suppository</td></tr><tr><td style="white-space:nowrap">200000002150<a name="unit-of-presentation-ema-cs-200000002150"> </a></td><td>Syringe</td></tr><tr><td style="white-space:nowrap">200000002151<a name="unit-of-presentation-ema-cs-200000002151"> </a></td><td>System</td></tr><tr><td style="white-space:nowrap">200000002152<a name="unit-of-presentation-ema-cs-200000002152"> </a></td><td>Tablet</td></tr><tr><td style="white-space:nowrap">200000002154<a name="unit-of-presentation-ema-cs-200000002154"> </a></td><td>Tampon</td></tr><tr><td style="white-space:nowrap">200000002155<a name="unit-of-presentation-ema-cs-200000002155"> </a></td><td>Thread</td></tr><tr><td style="white-space:nowrap">200000002156<a name="unit-of-presentation-ema-cs-200000002156"> </a></td><td>Tube</td></tr><tr><td style="white-space:nowrap">200000002157<a name="unit-of-presentation-ema-cs-200000002157"> </a></td><td>Vessel</td></tr><tr><td style="white-space:nowrap">200000002158<a name="unit-of-presentation-ema-cs-200000002158"> </a></td><td>Vial</td></tr><tr><td style="white-space:nowrap">200000002163<a name="unit-of-presentation-ema-cs-200000002163"> </a></td><td>Actuation</td></tr><tr><td style="white-space:nowrap">200000002164<a name="unit-of-presentation-ema-cs-200000002164"> </a></td><td>Ampoule</td></tr><tr><td style="white-space:nowrap">200000002165<a name="unit-of-presentation-ema-cs-200000002165"> </a></td><td>Applicator</td></tr><tr><td style="white-space:nowrap">200000002166<a name="unit-of-presentation-ema-cs-200000002166"> </a></td><td>Bag</td></tr><tr><td style="white-space:nowrap">200000016445<a name="unit-of-presentation-ema-cs-200000016445"> </a></td><td>Swab</td></tr></table></div>
  </text>
  <url value="https://spor.ema.europa.eu/v1/lists/200000000014"/>
  <version value="0.1.0"/>
  <name value="UnitOfPresentation_EMA_CS"/>
  <title value="Unit of Presentation EMA"/>
  <status value="draft"/>
  <experimental value="false"/>
  <date value="2023-10-17T08:02:36+00:00"/>
  <publisher value="UNICOM"/>
  <contact>
    <name value="UNICOM"/>
    <telecom>
      <system value="url"/>
      <value value="http://unicom-project.eu"/>
    </telecom>
  </contact>
  <description value="Unit of presentation list from EMA SPOR. List id 200000000014. Content based on EDQM, re-coded with RMS codes."/>
  <caseSensitive value="false"/>
  <compositional value="false"/>
  <content value="complete"/>
  <count value="53"/>
  <concept>
    <code value="200000022814"/>
    <display value="Other"/>
  </concept>
  <concept>
    <code value="200000022839"/>
    <display value="Test"/>
  </concept>
  <concept>
    <code value="200000002108"/>
    <display value="Barrel"/>
  </concept>
  <concept>
    <code value="200000002109"/>
    <display value="Blister"/>
  </concept>
  <concept>
    <code value="200000002110"/>
    <display value="Block"/>
  </concept>
  <concept>
    <code value="200000002111"/>
    <display value="Bottle"/>
  </concept>
  <concept>
    <code value="200000002112"/>
    <display value="Cachet"/>
  </concept>
  <concept>
    <code value="200000002113"/>
    <display value="Capsule"/>
  </concept>
  <concept>
    <code value="200000002114"/>
    <display value="Cartridge"/>
  </concept>
  <concept>
    <code value="200000002116"/>
    <display value="Container"/>
  </concept>
  <concept>
    <code value="200000002117"/>
    <display value="Cup"/>
  </concept>
  <concept>
    <code value="200000002118"/>
    <display value="Cylinder"/>
  </concept>
  <concept>
    <code value="200000002120"/>
    <display value="Dressing"/>
  </concept>
  <concept>
    <code value="200000002121"/>
    <display value="Drop"/>
  </concept>
  <concept>
    <code value="200000002122"/>
    <display value="Film"/>
  </concept>
  <concept>
    <code value="200000002123"/>
    <display value="Chewing gum"/>
  </concept>
  <concept>
    <code value="200000002124"/>
    <display value="Implant"/>
  </concept>
  <concept>
    <code value="200000002125"/>
    <display value="Inhaler"/>
  </concept>
  <concept>
    <code value="200000002126"/>
    <display value="Insert"/>
  </concept>
  <concept>
    <code value="200000002127"/>
    <display value="Jar"/>
  </concept>
  <concept>
    <code value="200000002128"/>
    <display value="Lozenge"/>
  </concept>
  <concept>
    <code value="200000002129"/>
    <display value="Lyophilisate"/>
  </concept>
  <concept>
    <code value="200000002130"/>
    <display value="Matrix"/>
  </concept>
  <concept>
    <code value="200000002131"/>
    <display value="Pad"/>
  </concept>
  <concept>
    <code value="200000002133"/>
    <display value="Pastille"/>
  </concept>
  <concept>
    <code value="200000002134"/>
    <display value="Patch"/>
  </concept>
  <concept>
    <code value="200000002135"/>
    <display value="Pen"/>
  </concept>
  <concept>
    <code value="200000002137"/>
    <display value="Pessary"/>
  </concept>
  <concept>
    <code value="200000002138"/>
    <display value="Pillule"/>
  </concept>
  <concept>
    <code value="200000002139"/>
    <display value="Pipette"/>
  </concept>
  <concept>
    <code value="200000002140"/>
    <display value="Plaster"/>
  </concept>
  <concept>
    <code value="200000002141"/>
    <display value="Plug"/>
  </concept>
  <concept>
    <code value="200000002142"/>
    <display value="Pouch"/>
  </concept>
  <concept>
    <code value="200000002143"/>
    <display value="Sachet"/>
  </concept>
  <concept>
    <code value="200000002144"/>
    <display value="Sponge"/>
  </concept>
  <concept>
    <code value="200000002145"/>
    <display value="Spoonful"/>
  </concept>
  <concept>
    <code value="200000002146"/>
    <display value="Stick"/>
  </concept>
  <concept>
    <code value="200000002147"/>
    <display value="Straw"/>
  </concept>
  <concept>
    <code value="200000002148"/>
    <display value="Strip"/>
  </concept>
  <concept>
    <code value="200000002149"/>
    <display value="Suppository"/>
  </concept>
  <concept>
    <code value="200000002150"/>
    <display value="Syringe"/>
  </concept>
  <concept>
    <code value="200000002151"/>
    <display value="System"/>
  </concept>
  <concept>
    <code value="200000002152"/>
    <display value="Tablet"/>
  </concept>
  <concept>
    <code value="200000002154"/>
    <display value="Tampon"/>
  </concept>
  <concept>
    <code value="200000002155"/>
    <display value="Thread"/>
  </concept>
  <concept>
    <code value="200000002156"/>
    <display value="Tube"/>
  </concept>
  <concept>
    <code value="200000002157"/>
    <display value="Vessel"/>
  </concept>
  <concept>
    <code value="200000002158"/>
    <display value="Vial"/>
  </concept>
  <concept>
    <code value="200000002163"/>
    <display value="Actuation"/>
  </concept>
  <concept>
    <code value="200000002164"/>
    <display value="Ampoule"/>
  </concept>
  <concept>
    <code value="200000002165"/>
    <display value="Applicator"/>
  </concept>
  <concept>
    <code value="200000002166"/>
    <display value="Bag"/>
  </concept>
  <concept>
    <code value="200000016445"/>
    <display value="Swab"/>
  </concept>
</CodeSystem>