<?xml version="1.0" encoding="UTF-8"?>

<CodeSystem xmlns="http://hl7.org/fhir">
  <id value="Marketing-Status-ema-cs"/>
  <text>
    <status value="generated"/><div xmlns="http://www.w3.org/1999/xhtml"><p>This case-insensitive code system <code>https://spor.ema.europa.eu/v1/lists/100000072052</code> defines the following codes:</p><table class="codes"><tr><td style="white-space:nowrap"><b>Code</b></td><td><b>Display</b></td></tr><tr><td style="white-space:nowrap">100000072074<a name="Marketing-Status-ema-cs-100000072074"> </a></td><td>Not marketed</td></tr><tr><td style="white-space:nowrap">100000072083<a name="Marketing-Status-ema-cs-100000072083"> </a></td><td>Marketed</td></tr><tr><td style="white-space:nowrap">200000026055<a name="Marketing-Status-ema-cs-200000026055"> </a></td><td>Never marketed</td></tr><tr><td style="white-space:nowrap">230000000000<a name="Marketing-Status-ema-cs-230000000000"> </a></td><td>Temporarily unavailable</td></tr><tr><td style="white-space:nowrap">100000072075<a name="Marketing-Status-ema-cs-100000072075"> </a></td><td>No data provided</td></tr></table></div>
  </text>
  <url value="https://spor.ema.europa.eu/v1/lists/100000072052"/>
  <version value="0.1.0"/>
  <name value="Marketing_Status_EMA_CS"/>
  <title value="Marketing Status EMA"/>
  <status value="draft"/>
  <experimental value="false"/>
  <date value="2023-10-17T08:02:36+00:00"/>
  <publisher value="UNICOM"/>
  <contact>
    <name value="UNICOM"/>
    <telecom>
      <system value="url"/>
      <value value="http://unicom-project.eu"/>
    </telecom>
  </contact>
  <description value="Marketing status of the product in given country. EMA SPOR RMS codes."/>
  <caseSensitive value="false"/>
  <compositional value="false"/>
  <content value="complete"/>
  <count value="5"/>
  <concept>
    <code value="100000072074"/>
    <display value="Not marketed"/>
  </concept>
  <concept>
    <code value="100000072083"/>
    <display value="Marketed"/>
  </concept>
  <concept>
    <code value="200000026055"/>
    <display value="Never marketed"/>
  </concept>
  <concept>
    <code value="230000000000"/>
    <display value="Temporarily unavailable"/>
  </concept>
  <concept>
    <code value="100000072075"/>
    <display value="No data provided"/>
  </concept>
</CodeSystem>