<?xml version="1.0" encoding="UTF-8"?>

<CodeSystem xmlns="http://hl7.org/fhir">
  <id value="legal-status-for-the-supply-ema-cs"/>
  <text>
    <status value="generated"/><div xmlns="http://www.w3.org/1999/xhtml"><p>This case-insensitive code system <code>https://spor.ema.europa.eu/v1/lists/100000072051</code> defines the following codes:</p><table class="codes"><tr><td style="white-space:nowrap"><b>Code</b></td><td><b>Display</b></td></tr><tr><td style="white-space:nowrap">100000072076<a name="legal-status-for-the-supply-ema-cs-100000072076"> </a></td><td>Medicinal product not subject to medical prescription</td></tr><tr><td style="white-space:nowrap">100000072077<a name="legal-status-for-the-supply-ema-cs-100000072077"> </a></td><td>Medicinal product on medical prescription for renewable or non-renewable delivery</td></tr><tr><td style="white-space:nowrap">100000072078<a name="legal-status-for-the-supply-ema-cs-100000072078"> </a></td><td>Medicinal product subject to restricted medical prescription</td></tr><tr><td style="white-space:nowrap">100000072079<a name="legal-status-for-the-supply-ema-cs-100000072079"> </a></td><td>Medicinal product on medical prescription for non-renewable delivery</td></tr><tr><td style="white-space:nowrap">100000072084<a name="legal-status-for-the-supply-ema-cs-100000072084"> </a></td><td>Medicinal product subject to medical prescription</td></tr><tr><td style="white-space:nowrap">100000072085<a name="legal-status-for-the-supply-ema-cs-100000072085"> </a></td><td>Medicinal product subject to special medical prescription</td></tr><tr><td style="white-space:nowrap">100000072086<a name="legal-status-for-the-supply-ema-cs-100000072086"> </a></td><td>Medicinal product on medical prescription for renewable delivery</td></tr><tr><td style="white-space:nowrap">100000157313<a name="legal-status-for-the-supply-ema-cs-100000157313"> </a></td><td>Medicinal product subject to special and restricted medical prescription</td></tr></table></div>
  </text>
  <url value="https://spor.ema.europa.eu/v1/lists/100000072051"/>
  <version value="0.1.0"/>
  <name value="LegalStatusForTheSupply_EMA_CS"/>
  <title value="Legal Status for the Supply EMA"/>
  <status value="draft"/>
  <experimental value="false"/>
  <date value="2023-10-17T08:02:36+00:00"/>
  <publisher value="UNICOM"/>
  <contact>
    <name value="UNICOM"/>
    <telecom>
      <system value="url"/>
      <value value="http://unicom-project.eu"/>
    </telecom>
  </contact>
  <description value="Legal status of supply. EMA SPOR RMS list."/>
  <caseSensitive value="false"/>
  <compositional value="false"/>
  <content value="complete"/>
  <count value="8"/>
  <concept>
    <code value="100000072076"/>
    <display value="Medicinal product not subject to medical prescription"/>
  </concept>
  <concept>
    <code value="100000072077"/>
    <display value="Medicinal product on medical prescription for renewable or non-renewable delivery"/>
  </concept>
  <concept>
    <code value="100000072078"/>
    <display value="Medicinal product subject to restricted medical prescription"/>
  </concept>
  <concept>
    <code value="100000072079"/>
    <display value="Medicinal product on medical prescription for non-renewable delivery"/>
  </concept>
  <concept>
    <code value="100000072084"/>
    <display value="Medicinal product subject to medical prescription"/>
  </concept>
  <concept>
    <code value="100000072085"/>
    <display value="Medicinal product subject to special medical prescription"/>
  </concept>
  <concept>
    <code value="100000072086"/>
    <display value="Medicinal product on medical prescription for renewable delivery"/>
  </concept>
  <concept>
    <code value="100000157313"/>
    <display value="Medicinal product subject to special and restricted medical prescription"/>
  </concept>
</CodeSystem>