<?xml version="1.0" encoding="UTF-8"?>

<ValueSet xmlns="http://hl7.org/fhir">
  <id value="authorised-doseform-vs"/>
  <text>
    <status value="generated"/><div xmlns="http://www.w3.org/1999/xhtml"><p>This value set includes codes based on the following rules:</p><ul><li>Include all codes defined in <a href="CodeSystem-pharmaceutical-dose-form-ema-cs.html"><code>https://spor.ema.europa.eu/v1/lists/200000000004</code></a></li><li>Include all codes defined in <a href="CodeSystem-combined-pharmaceutical-dose-form-ema-cs.html"><code>https://spor.ema.europa.eu/v1/lists/200000000006</code></a></li><li>Include all codes defined in <a href="CodeSystem-combined-term-ema-cs.html"><code>https://spor.ema.europa.eu/v1/lists/200000000007</code></a></li><li>Include all codes defined in <a href="CodeSystem-combination-package-ema-cs.html"><code>https://spor.ema.europa.eu/v1/lists/200000000008</code></a></li></ul></div>
  </text>
  <url value="http://unicom-project.eu/fhir/ValueSet/authorised-doseform-vs"/>
  <version value="0.1.0"/>
  <name value="AuthorisedDoseForm"/>
  <title value="EMA SPOR Authorised Dose Form"/>
  <status value="draft"/>
  <experimental value="false"/>
  <date value="2023-10-17T08:02:36+00:00"/>
  <publisher value="UNICOM"/>
  <contact>
    <name value="UNICOM"/>
    <telecom>
      <system value="url"/>
      <value value="http://unicom-project.eu"/>
    </telecom>
  </contact>
  <description value="Value set for authorised dose form. Combines 4 SPOR/EDQM lists: Pharmaceutical dose form, Combined pharmaceutical dose form, Combined term, Combination package."/>
  <compose>
    <include>
      <system value="https://spor.ema.europa.eu/v1/lists/200000000004"/>
    </include>
    <include>
      <system value="https://spor.ema.europa.eu/v1/lists/200000000006"/>
    </include>
    <include>
      <system value="https://spor.ema.europa.eu/v1/lists/200000000007"/>
    </include>
    <include>
      <system value="https://spor.ema.europa.eu/v1/lists/200000000008"/>
    </include>
  </compose>
</ValueSet>