<?xml version="1.0" encoding="UTF-8"?><SearchParameter xmlns="http://hl7.org/fhir"><id value="reference-strength-substance"/><text><status value="generated"/><div xmlns="http://www.w3.org/1999/xhtml"><h2>reference-strength-substance</h2><p>Parameter <code>reference-strength-substance</code>:<code>token</code></p><div><p>Possiblity to search ingredient for substance.strength.referenceStrength.substance.concept</p>
</div><table class="grid"><tr><td>Resource</td><td><a href="http://hl7.org/fhir/R5/ingredient.html">Ingredient</a></td></tr><tr><td>Expression</td><td><code>Ingredient.substance.strength.referenceStrength.substance.concept</code></td></tr><tr><td>Processing Mode</td><td>Normal</td></tr><tr><td>Multiples</td><td><ul><li>multipleAnd: It's up to the server whether the parameter may repeat in order to specify multiple values that must all be true</li><li>multipleOr: It's up to the server whether the parameter can have multiple values (separated by comma) where at least one must be true</li></ul></td></tr></table></div></text><url value="http://unicom-project.eu/fhir/SearchParameter/reference-strength-substance"/><version value="0.1.0"/><name value="reference-strength-substance"/><status value="active"/><date value="2024-05-03T19:27:00+00:00"/><publisher value="UNICOM"/><contact><name value="UNICOM"/><telecom><system value="url"/><value value="http://unicom-project.eu"/></telecom></contact><description value="Possiblity to search ingredient for substance.strength.referenceStrength.substance.concept"/><code value="reference-strength-substance"/><base value="Ingredient"/><type value="token"/><expression value="Ingredient.substance.strength.referenceStrength.substance.concept"/><processingMode value="normal"/></SearchParameter>