<?xml version="1.0" encoding="UTF-8"?>

<Bundle xmlns="http://hl7.org/fhir">
  <id value="AMLHipres-5mg-Tablet-EE-FullProduct"/>
  <type value="collection"/>
  <entry>
    <fullUrl value="https://hl7-eu.github.io/unicom-ig/branches/mpd-r4b/MedicinalProductDefinition-Hipres-5mg-Tablet-EE-MPD"/>
    <resource>
      <MedicinalProductDefinition>
        <id value="Hipres-5mg-Tablet-EE-MPD"/>
        <meta>
          <profile value="http://unicom-project.eu/fhir/StructureDefinition/PPLMedicinalProductDefinition"/>
        </meta>
        <text>
          <status value="generated"/><div xmlns="http://www.w3.org/1999/xhtml"><a name="MedicinalProductDefinition_Hipres-5mg-Tablet-EE-MPD"> </a><p><b>Generated Narrative: MedicinalProductDefinition</b><a name="Hipres-5mg-Tablet-EE-MPD"> </a><a name="hcHipres-5mg-Tablet-EE-MPD"> </a></p><div style="display: inline-block; background-color: #d9e0e7; padding: 6px; margin: 4px; border: 1px solid #8da1b4; border-radius: 5px; line-height: 60%"><p style="margin-bottom: 0px">Resource MedicinalProductDefinition &quot;Hipres-5mg-Tablet-EE-MPD&quot; </p><p style="margin-bottom: 0px">Profile: <a href="StructureDefinition-PPLMedicinalProductDefinition.html">PPL Medicinal Product profile</a></p></div><p><b>identifier</b>: <code>http://ema.europa.eu/fhir/mpId</code>/EE-100009540-1288</p><p><b>domain</b>: Human use <span style="background: LightGoldenRodYellow; margin: 4px; border: 1px solid khaki"> (<a href="CodeSystem-domain-ema-cs.html">Domain EMA</a>#100000000012)</span></p><p><b>status</b>: Current <span style="background: LightGoldenRodYellow; margin: 4px; border: 1px solid khaki"> (<a href="CodeSystem-recordStatus-ema-cs.html">Record Status EMA SPOR</a>#200000005004)</span></p><p><b>combinedPharmaceuticalDoseForm</b>: Tablet <span style="background: LightGoldenRodYellow; margin: 4px; border: 1px solid khaki"> (<a href="CodeSystem-pharmaceutical-dose-form-ema-cs.html">Pharmaceutical Dose Form EMA</a>#100000073664)</span></p><p><b>indication</b>: Hüpertensioon. Krooniline stabiilne stenokardia. Vasospastiline (Prinzmetali) stenokardia.</p><p><b>legalStatusOfSupply</b>: Medicinal product subject to medical prescription <span style="background: LightGoldenRodYellow; margin: 4px; border: 1px solid khaki"> (<a href="CodeSystem-legal-status-for-the-supply-ema-cs.html">Legal Status for the Supply EMA</a>#100000072084)</span></p><p><b>classification</b>: amlodipine <span style="background: LightGoldenRodYellow; margin: 4px; border: 1px solid khaki"> (<a href="CodeSystem-ATC-Human-EMA.html">ATC Human EMA</a>#100000095065)</span>, amlodipine <span style="background: LightGoldenRodYellow; margin: 4px; border: 1px solid khaki"> (<a href="http://terminology.hl7.org/5.5.0/CodeSystem-v3-WC.html">WHO ATC</a>#C08CA01)</span></p><blockquote><p><b>name</b></p><p><b>productName</b>: Hipres 5 mg tabletid</p><blockquote><p><b>part</b></p><p><b>part</b>: Hipres</p><p><b>type</b>: Invented name part <span style="background: LightGoldenRodYellow; margin: 4px; border: 1px solid khaki"> (220000000000#220000000002)</span></p></blockquote><blockquote><p><b>part</b></p><p><b>part</b>: 5 mg</p><p><b>type</b>: Strength part <span style="background: LightGoldenRodYellow; margin: 4px; border: 1px solid khaki"> (220000000000#220000000004)</span></p></blockquote><blockquote><p><b>part</b></p><p><b>part</b>: tabletid</p><p><b>type</b>: Pharmaceutical dose form part <span style="background: LightGoldenRodYellow; margin: 4px; border: 1px solid khaki"> (220000000000#220000000005)</span></p></blockquote><h3>Usages</h3><table class="grid"><tr><td style="display: none">-</td><td><b>Country</b></td><td><b>Language</b></td></tr><tr><td style="display: none">*</td><td>Republic of Estonia <span style="background: LightGoldenRodYellow; margin: 4px; border: 1px solid khaki"> (<a href="CodeSystem-country-ema-cs.html">Country EMA</a>#100000000388)</span></td><td>Estonian <span style="background: LightGoldenRodYellow; margin: 4px; border: 1px solid khaki"> (<a href="http://terminology.hl7.org/5.5.0/CodeSystem-v3-ietf3066.html">Tags for the Identification of Languages</a>#et)</span></td></tr></table></blockquote></div>
        </text>
        <identifier>
          <system value="http://ema.europa.eu/fhir/mpId"/>
          <value value="EE-100009540-1288"/>
        </identifier>
        <domain>
          <coding>
            <system value="https://spor.ema.europa.eu/v1/lists/100000000004"/>
            <code value="100000000012"/>
            <display value="Human use"/>
          </coding>
        </domain>
        <status>
          <coding>
            <system value="https://spor.ema.europa.eu/v1/lists/200000005003"/>
            <code value="200000005004"/>
            <display value="Current"/>
          </coding>
        </status>
        <combinedPharmaceuticalDoseForm>
          <coding>
            <system value="https://spor.ema.europa.eu/v1/lists/200000000004"/>
            <code value="100000073664"/>
            <display value="Tablet"/>
          </coding>
        </combinedPharmaceuticalDoseForm>
        <indication value="Hüpertensioon. Krooniline stabiilne stenokardia. Vasospastiline (Prinzmetali) stenokardia."/>
        <legalStatusOfSupply>
          <coding>
            <system value="https://spor.ema.europa.eu/v1/lists/100000072051"/>
            <code value="100000072084"/>
            <display value="Medicinal product subject to medical prescription"/>
          </coding>
        </legalStatusOfSupply>
        <classification>
          <coding>
            <system value="https://spor.ema.europa.eu/v1/lists/100000093533"/>
            <code value="100000095065"/>
            <display value="amlodipine"/>
          </coding>
        </classification>
        <classification>
          <coding>
            <system value="http://www.whocc.no/atc"/>
            <code value="C08CA01"/>
            <display value="amlodipine"/>
          </coding>
        </classification>
        <name>
          <productName value="Hipres 5 mg tabletid"/>
          <part>
            <part value="Hipres"/>
            <type>
              <coding>
                <system value="https://spor.ema.europa.eu/v1/lists/220000000000"/>
                <code value="220000000002"/>
                <display value="Invented name part"/>
              </coding>
            </type>
          </part>
          <part>
            <part value="5 mg"/>
            <type>
              <coding>
                <system value="https://spor.ema.europa.eu/v1/lists/220000000000"/>
                <code value="220000000004"/>
                <display value="Strength part"/>
              </coding>
            </type>
          </part>
          <part>
            <part value="tabletid"/>
            <type>
              <coding>
                <system value="https://spor.ema.europa.eu/v1/lists/220000000000"/>
                <code value="220000000005"/>
                <display value="Pharmaceutical dose form part"/>
              </coding>
            </type>
          </part>
          <usage>
            <country>
              <coding>
                <system value="https://spor.ema.europa.eu/v1/lists/100000000002"/>
                <code value="100000000388"/>
                <display value="Republic of Estonia"/>
              </coding>
            </country>
            <language>
              <coding>
                <system value="urn:ietf:bcp:47"/>
                <code value="et"/>
                <display value="Estonian"/>
              </coding>
            </language>
          </usage>
        </name>
      </MedicinalProductDefinition>
    </resource>
  </entry>
  <entry>
    <fullUrl value="https://hl7-eu.github.io/unicom-ig/branches/mpd-r4b/Organization-LOC-100009540-KrkaNovoMesto"/>
    <resource>
      <Organization>
        <id value="LOC-100009540-KrkaNovoMesto"/>
        <meta>
          <profile value="http://unicom-project.eu/fhir/StructureDefinition/PPLOrganization"/>
        </meta>
        <text>
          <status value="generated"/><div xmlns="http://www.w3.org/1999/xhtml"><a name="Organization_LOC-100009540-KrkaNovoMesto"> </a><p><b>Generated Narrative: Organization</b><a name="LOC-100009540-KrkaNovoMesto"> </a><a name="hcLOC-100009540-KrkaNovoMesto"> </a></p><div style="display: inline-block; background-color: #d9e0e7; padding: 6px; margin: 4px; border: 1px solid #8da1b4; border-radius: 5px; line-height: 60%"><p style="margin-bottom: 0px">Resource Organization &quot;LOC-100009540-KrkaNovoMesto&quot; </p><p style="margin-bottom: 0px">Profile: <a href="StructureDefinition-PPLOrganization.html">PPL Organization</a></p></div><p><b>identifier</b>: <code>https://spor.ema.europa.eu/v1/locations</code>/LOC-100009540, <code>https://spor.ema.europa.eu/v1/organisations</code>/ORG-100000627</p><p><b>name</b>: KRKA, d.d., Novo mesto</p></div>
        </text>
        <identifier>
          <system value="https://spor.ema.europa.eu/v1/locations"/>
          <value value="LOC-100009540"/>
        </identifier>
        <identifier>
          <system value="https://spor.ema.europa.eu/v1/organisations"/>
          <value value="ORG-100000627"/>
        </identifier>
        <name value="KRKA, d.d., Novo mesto"/>
      </Organization>
    </resource>
  </entry>
  <entry>
    <fullUrl value="https://hl7-eu.github.io/unicom-ig/branches/mpd-r4b/RegulatedAuthorization-Hipres-5mg-Tablet-EE-RA"/>
    <resource>
      <RegulatedAuthorization>
        <id value="Hipres-5mg-Tablet-EE-RA"/>
        <meta>
          <profile value="http://unicom-project.eu/fhir/StructureDefinition/PPLRegulatedAuthorization"/>
        </meta>
        <text>
          <status value="generated"/><div xmlns="http://www.w3.org/1999/xhtml"><a name="RegulatedAuthorization_Hipres-5mg-Tablet-EE-RA"> </a><p><b>Generated Narrative: RegulatedAuthorization</b><a name="Hipres-5mg-Tablet-EE-RA"> </a><a name="hcHipres-5mg-Tablet-EE-RA"> </a></p><div style="display: inline-block; background-color: #d9e0e7; padding: 6px; margin: 4px; border: 1px solid #8da1b4; border-radius: 5px; line-height: 60%"><p style="margin-bottom: 0px">Resource RegulatedAuthorization &quot;Hipres-5mg-Tablet-EE-RA&quot; </p><p style="margin-bottom: 0px">Profile: <a href="StructureDefinition-PPLRegulatedAuthorization.html">PPL Marketing Authorisation profile</a></p></div><p><b>identifier</b>: 439004</p><p><b>subject</b>: See on this page: MedicinalProductDefinition/Hipres-5mg-Tablet-EE-MPD</p><p><b>type</b>: Marketing Authorisation <span style="background: LightGoldenRodYellow; margin: 4px; border: 1px solid khaki"> (220000000060#220000000061)</span></p><p><b>region</b>: Republic of Estonia <span style="background: LightGoldenRodYellow; margin: 4px; border: 1px solid khaki"> (<a href="CodeSystem-country-ema-cs.html">Country EMA</a>#100000000388)</span></p><p><b>status</b>: Valid - Renewed/Varied <span style="background: LightGoldenRodYellow; margin: 4px; border: 1px solid khaki"> (<a href="CodeSystem-regulatoryStatus-ema-cs.html">Regulatory Entitlement Status EMA SPOR</a>#200000017708)</span></p><p><b>statusDate</b>: 2014-02-28</p><p><b>holder</b>: See on this page: Organization/LOC-100009540-KrkaNovoMesto</p></div>
        </text>
        <identifier>
          <value value="439004"/>
        </identifier>
        <subject>
          <reference value="MedicinalProductDefinition/Hipres-5mg-Tablet-EE-MPD"/>
        </subject>
        <type>
          <coding>
            <system value="https://spor.ema.europa.eu/v1/lists/220000000060"/>
            <code value="220000000061"/>
            <display value="Marketing Authorisation"/>
          </coding>
        </type>
        <region>
          <coding>
            <system value="https://spor.ema.europa.eu/v1/lists/100000000002"/>
            <code value="100000000388"/>
            <display value="Republic of Estonia"/>
          </coding>
        </region>
        <status>
          <coding>
            <system value="https://spor.ema.europa.eu/v1/lists/100000072049"/>
            <code value="200000017708"/>
            <display value="Valid - Renewed/Varied"/>
          </coding>
        </status>
        <statusDate value="2014-02-28"/>
        <holder>
          <reference value="Organization/LOC-100009540-KrkaNovoMesto"/>
        </holder>
      </RegulatedAuthorization>
    </resource>
  </entry>
  <entry>
    <fullUrl value="https://hl7-eu.github.io/unicom-ig/branches/mpd-r4b/AdministrableProductDefinition-Hipres-5mg-Tablet-EE-APD"/>
    <resource>
      <AdministrableProductDefinition>
        <id value="Hipres-5mg-Tablet-EE-APD"/>
        <meta>
          <profile value="http://unicom-project.eu/fhir/StructureDefinition/PPLAdministrableProductDefinition"/>
        </meta>
        <text>
          <status value="generated"/><div xmlns="http://www.w3.org/1999/xhtml"><a name="AdministrableProductDefinition_Hipres-5mg-Tablet-EE-APD"> </a><p><b>Generated Narrative: AdministrableProductDefinition</b><a name="Hipres-5mg-Tablet-EE-APD"> </a><a name="hcHipres-5mg-Tablet-EE-APD"> </a></p><div style="display: inline-block; background-color: #d9e0e7; padding: 6px; margin: 4px; border: 1px solid #8da1b4; border-radius: 5px; line-height: 60%"><p style="margin-bottom: 0px">Resource AdministrableProductDefinition &quot;Hipres-5mg-Tablet-EE-APD&quot; </p><p style="margin-bottom: 0px">Profile: <a href="StructureDefinition-PPLAdministrableProductDefinition.html">PPL Administrable Product profile</a></p></div><p><b>status</b>: active</p><p><b>formOf</b>: See on this page: MedicinalProductDefinition/Hipres-5mg-Tablet-EE-MPD</p><p><b>administrableDoseForm</b>: Tablet <span style="background: LightGoldenRodYellow; margin: 4px; border: 1px solid khaki"> (<a href="CodeSystem-pharmaceutical-dose-form-ema-cs.html">Pharmaceutical Dose Form EMA</a>#100000073664)</span></p><p><b>producedFrom</b>: See on this page: ManufacturedItemDefinition/Hipres-5mg-Tablet-EE-MID</p><h3>RouteOfAdministrations</h3><table class="grid"><tr><td style="display: none">-</td><td><b>Code</b></td></tr><tr><td style="display: none">*</td><td>Oral use <span style="background: LightGoldenRodYellow; margin: 4px; border: 1px solid khaki"> (<a href="CodeSystem-routes-and-methods-of-administration-ema-cs.html">Routes and Methods of Administration EMA</a>#100000073619)</span></td></tr></table></div>
        </text>
        <status value="active"/>
        <formOf>
          <reference value="MedicinalProductDefinition/Hipres-5mg-Tablet-EE-MPD"/>
        </formOf>
        <administrableDoseForm>
          <coding>
            <system value="https://spor.ema.europa.eu/v1/lists/200000000004"/>
            <code value="100000073664"/>
            <display value="Tablet"/>
          </coding>
        </administrableDoseForm>
        <producedFrom>
          <reference value="ManufacturedItemDefinition/Hipres-5mg-Tablet-EE-MID"/>
        </producedFrom>
        <routeOfAdministration>
          <code>
            <coding>
              <system value="https://spor.ema.europa.eu/v1/lists/100000073345"/>
              <code value="100000073619"/>
              <display value="Oral use"/>
            </coding>
          </code>
        </routeOfAdministration>
      </AdministrableProductDefinition>
    </resource>
  </entry>
  <entry>
    <fullUrl value="https://hl7-eu.github.io/unicom-ig/branches/mpd-r4b/PackagedProductDefinition-Hipres-5mg-Tablet-EE-PPD-1122961"/>
    <resource>
      <PackagedProductDefinition>
        <id value="Hipres-5mg-Tablet-EE-PPD-1122961"/>
        <meta>
          <profile value="http://unicom-project.eu/fhir/StructureDefinition/PPLPackagedProductDefinition"/>
        </meta>
        <text>
          <status value="generated"/><div xmlns="http://www.w3.org/1999/xhtml"><a name="PackagedProductDefinition_Hipres-5mg-Tablet-EE-PPD-1122961"> </a><p><b>Generated Narrative: PackagedProductDefinition</b><a name="Hipres-5mg-Tablet-EE-PPD-1122961"> </a><a name="hcHipres-5mg-Tablet-EE-PPD-1122961"> </a></p><div style="display: inline-block; background-color: #d9e0e7; padding: 6px; margin: 4px; border: 1px solid #8da1b4; border-radius: 5px; line-height: 60%"><p style="margin-bottom: 0px">Resource PackagedProductDefinition &quot;Hipres-5mg-Tablet-EE-PPD-1122961&quot; </p><p style="margin-bottom: 0px">Profile: <a href="StructureDefinition-PPLPackagedProductDefinition.html">PPL Packaged Product profile</a></p></div><p><b>identifier</b>: <code>http://ema.europa.eu/example/pcid</code>/EE-100009540-1288-1122961</p><p><b>packageFor</b>: See on this page: MedicinalProductDefinition/Hipres-5mg-Tablet-EE-MPD</p><p><b>containedItemQuantity</b>: 30 Tablet<span style="background: LightGoldenRodYellow"> (Details: https://spor.ema.europa.eu/v1/lists/200000000014 code 200000002152 = 'Tablet')</span></p><p><b>description</b>: Blisterpakend (lamineeritud OPA-Al-PVC foolium, alumiiniumfoolium). 30 tabletti pakendis.</p><h3>MarketingStatuses</h3><table class="grid"><tr><td style="display: none">-</td><td><b>Country</b></td><td><b>Status</b></td></tr><tr><td style="display: none">*</td><td>Republic of Estonia <span style="background: LightGoldenRodYellow; margin: 4px; border: 1px solid khaki"> (<a href="CodeSystem-country-ema-cs.html">Country EMA</a>#100000000388)</span></td><td>Marketed <span style="background: LightGoldenRodYellow; margin: 4px; border: 1px solid khaki"> (<a href="CodeSystem-Marketing-Status-ema-cs.html">Marketing Status EMA</a>#100000072083)</span></td></tr></table><blockquote><p><b>packaging</b></p><p><b>type</b>: Box <span style="background: LightGoldenRodYellow; margin: 4px; border: 1px solid khaki"> (<a href="CodeSystem-packaging-ema-cs.html">Packaging EMA SPOR</a>#100000073498)</span></p><p><b>quantity</b>: 1</p><p><b>material</b>: Cardboard <span style="background: LightGoldenRodYellow; margin: 4px; border: 1px solid khaki"> (<a href="CodeSystem-material-ema-cs.html">Material EMA</a>#200000003529)</span></p><blockquote><p><b>packaging</b></p><p><b>type</b>: Blister <span style="background: LightGoldenRodYellow; margin: 4px; border: 1px solid khaki"> (<a href="CodeSystem-packaging-ema-cs.html">Packaging EMA SPOR</a>#100000073496)</span></p><p><b>quantity</b>: 1</p><p><b>material</b>: Aluminium <span style="background: LightGoldenRodYellow; margin: 4px; border: 1px solid khaki"> (<a href="CodeSystem-material-ema-cs.html">Material EMA</a>#200000003200)</span>, Orientated PolyAmide <span style="background: LightGoldenRodYellow; margin: 4px; border: 1px solid khaki"> (<a href="CodeSystem-material-ema-cs.html">Material EMA</a>#200000003210)</span>, PolyVinylidene Chloride <span style="background: LightGoldenRodYellow; margin: 4px; border: 1px solid khaki"> (<a href="CodeSystem-material-ema-cs.html">Material EMA</a>#200000003225)</span></p><blockquote><p><b>containedItem</b></p></blockquote></blockquote></blockquote></div>
        </text>
        <identifier>
          <system value="http://ema.europa.eu/example/pcid"/>
          <value value="EE-100009540-1288-1122961"/>
        </identifier>
        <packageFor>
          <reference value="MedicinalProductDefinition/Hipres-5mg-Tablet-EE-MPD"/>
        </packageFor>
        <containedItemQuantity>
          <value value="30"/>
          <unit value="Tablet"/>
          <system value="https://spor.ema.europa.eu/v1/lists/200000000014"/>
          <code value="200000002152"/>
        </containedItemQuantity>
        <description value="Blisterpakend (lamineeritud OPA-Al-PVC foolium, alumiiniumfoolium). 30 tabletti pakendis."/>
        <marketingStatus>
          <country>
            <coding>
              <system value="https://spor.ema.europa.eu/v1/lists/100000000002"/>
              <code value="100000000388"/>
              <display value="Republic of Estonia"/>
            </coding>
          </country>
          <status>
            <coding>
              <system value="https://spor.ema.europa.eu/v1/lists/100000072052"/>
              <code value="100000072083"/>
              <display value="Marketed"/>
            </coding>
          </status>
        </marketingStatus>
        <packaging>
          <type>
            <coding>
              <system value="https://spor.ema.europa.eu/v1/lists/100000073346"/>
              <code value="100000073498"/>
              <display value="Box"/>
            </coding>
          </type>
          <quantity value="1"/>
          <material>
            <coding>
              <system value="https://spor.ema.europa.eu/v1/lists/200000003199"/>
              <code value="200000003529"/>
              <display value="Cardboard"/>
            </coding>
          </material>
          <packaging>
            <type>
              <coding>
                <system value="https://spor.ema.europa.eu/v1/lists/100000073346"/>
                <code value="100000073496"/>
                <display value="Blister"/>
              </coding>
            </type>
            <quantity value="1"/>
            <material>
              <coding>
                <system value="https://spor.ema.europa.eu/v1/lists/200000003199"/>
                <code value="200000003200"/>
                <display value="Aluminium"/>
              </coding>
            </material>
            <material>
              <coding>
                <system value="https://spor.ema.europa.eu/v1/lists/200000003199"/>
                <code value="200000003210"/>
                <display value="Orientated PolyAmide"/>
              </coding>
            </material>
            <material>
              <coding>
                <system value="https://spor.ema.europa.eu/v1/lists/200000003199"/>
                <code value="200000003225"/>
                <display value="PolyVinylidene Chloride"/>
              </coding>
            </material>
            <containedItem>
              <item>
                <reference>
                  <reference value="ManufacturedItemDefinition/Hipres-5mg-Tablet-EE-MID"/>
                </reference>
              </item>
              <amount>
                <value value="30"/>
                <unit value="Tablet"/>
                <system value="https://spor.ema.europa.eu/v1/lists/200000000014"/>
                <code value="200000002152"/>
              </amount>
            </containedItem>
          </packaging>
        </packaging>
      </PackagedProductDefinition>
    </resource>
  </entry>
  <entry>
    <fullUrl value="https://hl7-eu.github.io/unicom-ig/branches/mpd-r4b/PackagedProductDefinition-Hipres-5mg-Tablet-EE-PPD-1551383"/>
    <resource>
      <PackagedProductDefinition>
        <id value="Hipres-5mg-Tablet-EE-PPD-1551383"/>
        <meta>
          <profile value="http://unicom-project.eu/fhir/StructureDefinition/PPLPackagedProductDefinition"/>
        </meta>
        <text>
          <status value="generated"/><div xmlns="http://www.w3.org/1999/xhtml"><a name="PackagedProductDefinition_Hipres-5mg-Tablet-EE-PPD-1551383"> </a><p><b>Generated Narrative: PackagedProductDefinition</b><a name="Hipres-5mg-Tablet-EE-PPD-1551383"> </a><a name="hcHipres-5mg-Tablet-EE-PPD-1551383"> </a></p><div style="display: inline-block; background-color: #d9e0e7; padding: 6px; margin: 4px; border: 1px solid #8da1b4; border-radius: 5px; line-height: 60%"><p style="margin-bottom: 0px">Resource PackagedProductDefinition &quot;Hipres-5mg-Tablet-EE-PPD-1551383&quot; </p><p style="margin-bottom: 0px">Profile: <a href="StructureDefinition-PPLPackagedProductDefinition.html">PPL Packaged Product profile</a></p></div><p><b>identifier</b>: <code>http://ema.europa.eu/example/pcid</code>/EE-100009540-1288-1551383</p><p><b>packageFor</b>: See on this page: MedicinalProductDefinition/Hipres-5mg-Tablet-EE-MPD</p><p><b>containedItemQuantity</b>: 60 Tablet<span style="background: LightGoldenRodYellow"> (Details: https://spor.ema.europa.eu/v1/lists/200000000014 code 200000002152 = 'Tablet')</span></p><p><b>description</b>: Blisterpakend (lamineeritud OPA-Al-PVC foolium, alumiiniumfoolium). 60 tabletti pakendis.</p><h3>MarketingStatuses</h3><table class="grid"><tr><td style="display: none">-</td><td><b>Country</b></td><td><b>Status</b></td></tr><tr><td style="display: none">*</td><td>Republic of Estonia <span style="background: LightGoldenRodYellow; margin: 4px; border: 1px solid khaki"> (<a href="CodeSystem-country-ema-cs.html">Country EMA</a>#100000000388)</span></td><td>Marketed <span style="background: LightGoldenRodYellow; margin: 4px; border: 1px solid khaki"> (<a href="CodeSystem-Marketing-Status-ema-cs.html">Marketing Status EMA</a>#100000072083)</span></td></tr></table><blockquote><p><b>packaging</b></p><p><b>type</b>: Box <span style="background: LightGoldenRodYellow; margin: 4px; border: 1px solid khaki"> (<a href="CodeSystem-packaging-ema-cs.html">Packaging EMA SPOR</a>#100000073498)</span></p><p><b>quantity</b>: 1</p><p><b>material</b>: Cardboard <span style="background: LightGoldenRodYellow; margin: 4px; border: 1px solid khaki"> (<a href="CodeSystem-material-ema-cs.html">Material EMA</a>#200000003529)</span></p><blockquote><p><b>packaging</b></p><p><b>type</b>: Blister <span style="background: LightGoldenRodYellow; margin: 4px; border: 1px solid khaki"> (<a href="CodeSystem-packaging-ema-cs.html">Packaging EMA SPOR</a>#100000073496)</span></p><p><b>quantity</b>: 1</p><p><b>material</b>: Aluminium <span style="background: LightGoldenRodYellow; margin: 4px; border: 1px solid khaki"> (<a href="CodeSystem-material-ema-cs.html">Material EMA</a>#200000003200)</span>, Orientated PolyAmide <span style="background: LightGoldenRodYellow; margin: 4px; border: 1px solid khaki"> (<a href="CodeSystem-material-ema-cs.html">Material EMA</a>#200000003210)</span>, PolyVinylidene Chloride <span style="background: LightGoldenRodYellow; margin: 4px; border: 1px solid khaki"> (<a href="CodeSystem-material-ema-cs.html">Material EMA</a>#200000003225)</span></p><blockquote><p><b>containedItem</b></p></blockquote></blockquote></blockquote></div>
        </text>
        <identifier>
          <system value="http://ema.europa.eu/example/pcid"/>
          <value value="EE-100009540-1288-1551383"/>
        </identifier>
        <packageFor>
          <reference value="MedicinalProductDefinition/Hipres-5mg-Tablet-EE-MPD"/>
        </packageFor>
        <containedItemQuantity>
          <value value="60"/>
          <unit value="Tablet"/>
          <system value="https://spor.ema.europa.eu/v1/lists/200000000014"/>
          <code value="200000002152"/>
        </containedItemQuantity>
        <description value="Blisterpakend (lamineeritud OPA-Al-PVC foolium, alumiiniumfoolium). 60 tabletti pakendis."/>
        <marketingStatus>
          <country>
            <coding>
              <system value="https://spor.ema.europa.eu/v1/lists/100000000002"/>
              <code value="100000000388"/>
              <display value="Republic of Estonia"/>
            </coding>
          </country>
          <status>
            <coding>
              <system value="https://spor.ema.europa.eu/v1/lists/100000072052"/>
              <code value="100000072083"/>
              <display value="Marketed"/>
            </coding>
          </status>
        </marketingStatus>
        <packaging>
          <type>
            <coding>
              <system value="https://spor.ema.europa.eu/v1/lists/100000073346"/>
              <code value="100000073498"/>
              <display value="Box"/>
            </coding>
          </type>
          <quantity value="1"/>
          <material>
            <coding>
              <system value="https://spor.ema.europa.eu/v1/lists/200000003199"/>
              <code value="200000003529"/>
              <display value="Cardboard"/>
            </coding>
          </material>
          <packaging>
            <type>
              <coding>
                <system value="https://spor.ema.europa.eu/v1/lists/100000073346"/>
                <code value="100000073496"/>
                <display value="Blister"/>
              </coding>
            </type>
            <quantity value="1"/>
            <material>
              <coding>
                <system value="https://spor.ema.europa.eu/v1/lists/200000003199"/>
                <code value="200000003200"/>
                <display value="Aluminium"/>
              </coding>
            </material>
            <material>
              <coding>
                <system value="https://spor.ema.europa.eu/v1/lists/200000003199"/>
                <code value="200000003210"/>
                <display value="Orientated PolyAmide"/>
              </coding>
            </material>
            <material>
              <coding>
                <system value="https://spor.ema.europa.eu/v1/lists/200000003199"/>
                <code value="200000003225"/>
                <display value="PolyVinylidene Chloride"/>
              </coding>
            </material>
            <containedItem>
              <item>
                <reference>
                  <reference value="ManufacturedItemDefinition/Hipres-5mg-Tablet-EE-MID"/>
                </reference>
              </item>
              <amount>
                <value value="60"/>
                <unit value="tablet"/>
                <system value="https://spor.ema.europa.eu/v1/lists/200000000014"/>
                <code value="200000002152"/>
              </amount>
            </containedItem>
          </packaging>
        </packaging>
      </PackagedProductDefinition>
    </resource>
  </entry>
  <entry>
    <fullUrl value="https://hl7-eu.github.io/unicom-ig/branches/mpd-r4b/ManufacturedItemDefinition-Hipres-5mg-Tablet-EE-MID"/>
    <resource>
      <ManufacturedItemDefinition>
        <id value="Hipres-5mg-Tablet-EE-MID"/>
        <meta>
          <profile value="http://unicom-project.eu/fhir/StructureDefinition/PPLManufacturedItemDefinition"/>
        </meta>
        <text>
          <status value="generated"/><div xmlns="http://www.w3.org/1999/xhtml"><a name="ManufacturedItemDefinition_Hipres-5mg-Tablet-EE-MID"> </a><p><b>Generated Narrative: ManufacturedItemDefinition</b><a name="Hipres-5mg-Tablet-EE-MID"> </a><a name="hcHipres-5mg-Tablet-EE-MID"> </a></p><div style="display: inline-block; background-color: #d9e0e7; padding: 6px; margin: 4px; border: 1px solid #8da1b4; border-radius: 5px; line-height: 60%"><p style="margin-bottom: 0px">Resource ManufacturedItemDefinition &quot;Hipres-5mg-Tablet-EE-MID&quot; </p><p style="margin-bottom: 0px">Profile: <a href="StructureDefinition-PPLManufacturedItemDefinition.html">PPL Manufactured Item profile</a></p></div><p><b>status</b>: active</p><p><b>manufacturedDoseForm</b>: Tablet <span style="background: LightGoldenRodYellow; margin: 4px; border: 1px solid khaki"> (<a href="CodeSystem-pharmaceutical-dose-form-ema-cs.html">Pharmaceutical Dose Form EMA</a>#100000073664)</span></p><p><b>unitOfPresentation</b>: Tablet <span style="background: LightGoldenRodYellow; margin: 4px; border: 1px solid khaki"> (<a href="CodeSystem-unit-of-presentation-ema-cs.html">Unit of Presentation EMA</a>#200000002152)</span></p></div>
        </text>
        <status value="active"/>
        <manufacturedDoseForm>
          <coding>
            <system value="https://spor.ema.europa.eu/v1/lists/200000000004"/>
            <code value="100000073664"/>
            <display value="Tablet"/>
          </coding>
        </manufacturedDoseForm>
        <unitOfPresentation>
          <coding>
            <system value="https://spor.ema.europa.eu/v1/lists/200000000014"/>
            <code value="200000002152"/>
            <display value="Tablet"/>
          </coding>
        </unitOfPresentation>
      </ManufacturedItemDefinition>
    </resource>
  </entry>
  <entry>
    <fullUrl value="https://hl7-eu.github.io/unicom-ig/branches/mpd-r4b-Hipres-5mg-Tablet-EE-I"/>
    <resource>
      <Ingredient>
        <id value="Hipres-5mg-Tablet-EE-I"/>
        <meta>
          <profile value="http://unicom-project.eu/fhir/StructureDefinition/PPLIngredient"/>
        </meta>
        <text>
          <status value="generated"/><div xmlns="http://www.w3.org/1999/xhtml"><a name="Ingredient_Hipres-5mg-Tablet-EE-I"> </a><p><b>Generated Narrative: Ingredient</b><a name="Hipres-5mg-Tablet-EE-I"> </a><a name="hcHipres-5mg-Tablet-EE-I"> </a></p><div style="display: inline-block; background-color: #d9e0e7; padding: 6px; margin: 4px; border: 1px solid #8da1b4; border-radius: 5px; line-height: 60%"><p style="margin-bottom: 0px">Resource Ingredient &quot;Hipres-5mg-Tablet-EE-I&quot; </p><p style="margin-bottom: 0px">Profile: <a href="StructureDefinition-PPLIngredient.html">PPL Ingredient profile</a></p></div><p><b>status</b>: active</p><p><b>for</b>: </p><ul><li>See on this page: MedicinalProductDefinition/Hipres-5mg-Tablet-EE-MPD</li><li>See on this page: ManufacturedItemDefinition/Hipres-5mg-Tablet-EE-MID</li><li>See on this page: AdministrableProductDefinition/Hipres-5mg-Tablet-EE-APD</li></ul><p><b>role</b>: Active <span style="background: LightGoldenRodYellow; margin: 4px; border: 1px solid khaki"> (100000072050#100000072072)</span></p><blockquote><p><b>substance</b></p><h3>Codes</h3><table class="grid"><tr><td style="display: none">-</td><td><b>Concept</b></td></tr><tr><td style="display: none">*</td><td>Amlodipine maleate <span style="background: LightGoldenRodYellow; margin: 4px; border: 1px solid khaki"> (<a href="CodeSystem-substance-sms-cs.html">Substances EMA SPOR SMS</a>#100000089370)</span></td></tr></table><blockquote><p><b>strength</b></p><p><b>presentation</b>: 6.48 milligram(s)<span style="background: LightGoldenRodYellow"> (Details: https://spor.ema.europa.eu/v1/lists/100000110633 code 100000110655 = 'milligram(s)')</span>/1 tablet<span style="background: LightGoldenRodYellow"> (Details: https://spor.ema.europa.eu/v1/lists/200000000014 code 200000002152 = 'Tablet')</span></p><blockquote><p><b>referenceStrength</b></p><h3>Substances</h3><table class="grid"><tr><td style="display: none">-</td><td><b>Concept</b></td></tr><tr><td style="display: none">*</td><td>Amlodipine <span style="background: LightGoldenRodYellow; margin: 4px; border: 1px solid khaki"> (<a href="CodeSystem-substance-sms-cs.html">Substances EMA SPOR SMS</a>#100000085259)</span></td></tr></table><p><b>strength</b>: 5 milligram(s)<span style="background: LightGoldenRodYellow"> (Details: https://spor.ema.europa.eu/v1/lists/100000110633 code 100000110655 = 'milligram(s)')</span>/1 tablet<span style="background: LightGoldenRodYellow"> (Details: https://spor.ema.europa.eu/v1/lists/200000000014 code 200000002152 = 'Tablet')</span></p></blockquote></blockquote></blockquote></div>
        </text>
        <status value="active"/>
        <for>
          <reference value="MedicinalProductDefinition/Hipres-5mg-Tablet-EE-MPD"/>
        </for>
        <for>
          <reference value="ManufacturedItemDefinition/Hipres-5mg-Tablet-EE-MID"/>
        </for>
        <for>
          <reference value="AdministrableProductDefinition/Hipres-5mg-Tablet-EE-APD"/>
        </for>
        <role>
          <coding>
            <system value="https://spor.ema.europa.eu/v1/lists/100000072050"/>
            <code value="100000072072"/>
            <display value="Active"/>
          </coding>
        </role>
        <substance>
          <code>
            <concept>
              <coding>
                <system value="https://spor.ema.europa.eu/v2/SubstanceDefinition"/>
                <code value="100000089370"/>
                <display value="Amlodipine maleate"/>
              </coding>
            </concept>
          </code>
          <strength>
            <presentationRatio>
              <numerator>
                <value value="6.48"/>
                <unit value="milligram(s)"/>
                <system value="https://spor.ema.europa.eu/v1/lists/100000110633"/>
                <code value="100000110655"/>
              </numerator>
              <denominator>
                <value value="1"/>
                <unit value="tablet"/>
                <system value="https://spor.ema.europa.eu/v1/lists/200000000014"/>
                <code value="200000002152"/>
              </denominator>
            </presentationRatio>
            <referenceStrength>
              <substance>
                <concept>
                  <coding>
                    <system value="https://spor.ema.europa.eu/v2/SubstanceDefinition"/>
                    <code value="100000085259"/>
                    <display value="Amlodipine"/>
                  </coding>
                </concept>
              </substance>
              <strengthRatio>
                <numerator>
                  <value value="5"/>
                  <unit value="milligram(s)"/>
                  <system value="https://spor.ema.europa.eu/v1/lists/100000110633"/>
                  <code value="100000110655"/>
                </numerator>
                <denominator>
                  <value value="1"/>
                  <unit value="tablet"/>
                  <system value="https://spor.ema.europa.eu/v1/lists/200000000014"/>
                  <code value="200000002152"/>
                </denominator>
              </strengthRatio>
            </referenceStrength>
          </strength>
        </substance>
      </Ingredient>
    </resource>
  </entry>
</Bundle>