<?xml version="1.0" encoding="UTF-8"?>

<Ingredient xmlns="http://hl7.org/fhir">
  <id value="CanifugCremolum-10mg1g-Cream-EE-I"/>
  <meta>
    <profile value="http://unicom-project.eu/fhir/StructureDefinition/PPLIngredient"/>
  </meta>
  <text>
    <status value="generated"/><div xmlns="http://www.w3.org/1999/xhtml"><p class="res-header-id"><b>Generated Narrative: Ingredient CanifugCremolum-10mg1g-Cream-EE-I</b></p><a name="CanifugCremolum-10mg1g-Cream-EE-I"> </a><a name="hcCanifugCremolum-10mg1g-Cream-EE-I"> </a><a name="CanifugCremolum-10mg1g-Cream-EE-I-en-US"> </a><p><b>status</b>: Active</p><p><b>for</b>: </p><ul><li><a href="MedicinalProductDefinition-CanifugCremolum-EE-MPD.html">MedicinalProductDefinition: identifier = http://ema.europa.eu/fhir/mpId#EE-100004795-10280,http://ema.europa.eu/fhir/pmsId#EE00000003; domain = Human use; status = Current; combinedPharmaceuticalDoseForm = Cream + pessary; legalStatusOfSupply = Medicinal Product subject to medical prescription; classification = clotrimazole,clotrimazole</a></li><li><a href="ManufacturedItemDefinition-CanifugCremolum-10mg1g-Cream-EE-MID.html">ManufacturedItemDefinition: status = active; manufacturedDoseForm = Cream; unitOfPresentation = Tube</a></li><li><a href="AdministrableProductDefinition-CanifugCremolum-10mg1g-Cream-EE-APD.html">AdministrableProductDefinition: status = active; administrableDoseForm = Cream; unitOfPresentation = Tube</a></li></ul><p><b>role</b>: <span title="Codes:{https://spor.ema.europa.eu/v1/lists/100000072050 100000072072}">Active</span></p><blockquote><p><b>substance</b></p><h3>Codes</h3><table class="grid"><tr><td style="display: none">-</td><td><b>Concept</b></td></tr><tr><td style="display: none">*</td><td><span title="Codes:{https://spor.ema.europa.eu/v2/SubstanceDefinition 100000092074}">CLOTRIMAZOLE</span></td></tr></table><h3>Strengths</h3><table class="grid"><tr><td style="display: none">-</td><td><b>Concentration[x]</b></td></tr><tr><td style="display: none">*</td><td>10 milligram(s)<span style="background: LightGoldenRodYellow"> (Details: Unit of Measurement EMA  code100000110655 = 'milligram(s)')</span>/1 gram(s)<span style="background: LightGoldenRodYellow"> (Details: Unit of Measurement EMA  code100000110654 = 'gram(s)')</span></td></tr></table></blockquote></div>
  </text>
  <status value="active"/>
  <for>
    <reference value="MedicinalProductDefinition/CanifugCremolum-EE-MPD"/>
  </for>
  <for>
    <reference value="ManufacturedItemDefinition/CanifugCremolum-10mg1g-Cream-EE-MID"/>
  </for>
  <for>
    <reference value="AdministrableProductDefinition/CanifugCremolum-10mg1g-Cream-EE-APD"/>
  </for>
  <role>
    <coding>
      <system value="https://spor.ema.europa.eu/v1/lists/100000072050"/>
      <code value="100000072072"/>
      <display value="Active"/>
    </coding>
  </role>
  <substance>
    <code>
      <concept>
        <coding>
          <system value="https://spor.ema.europa.eu/v2/SubstanceDefinition"/>
          <code value="100000092074"/>
          <display value="CLOTRIMAZOLE"/>
        </coding>
      </concept>
    </code>
    <strength>
      <concentrationRatio>
        <numerator>
          <value value="10"/>
          <unit value="milligram(s)"/>
          <system value="https://spor.ema.europa.eu/v1/lists/100000110633"/>
          <code value="100000110655"/>
        </numerator>
        <denominator>
          <value value="1"/>
          <unit value="gram(s)"/>
          <system value="https://spor.ema.europa.eu/v1/lists/100000110633"/>
          <code value="100000110654"/>
        </denominator>
      </concentrationRatio>
    </strength>
  </substance>
</Ingredient>