<?xml version="1.0" encoding="UTF-8"?>

<ManufacturedItemDefinition xmlns="http://hl7.org/fhir">
  <id value="CanifugCremolum-10mg1g-Cream-EE-MID"/>
  <meta>
    <profile value="http://unicom-project.eu/fhir/StructureDefinition/PPLManufacturedItemDefinition"/>
  </meta>
  <text>
    <status value="generated"/><div xmlns="http://www.w3.org/1999/xhtml"><p class="res-header-id"><b>Generated Narrative: ManufacturedItemDefinition CanifugCremolum-10mg1g-Cream-EE-MID</b></p><a name="CanifugCremolum-10mg1g-Cream-EE-MID"> </a><a name="hcCanifugCremolum-10mg1g-Cream-EE-MID"> </a><a name="CanifugCremolum-10mg1g-Cream-EE-MID-en-US"> </a><p><b>status</b>: Active</p><p><b>manufacturedDoseForm</b>: <span title="Codes:{https://spor.ema.europa.eu/v1/lists/200000000004 100000073712}">Cream</span></p><p><b>unitOfPresentation</b>: <span title="Codes:{https://spor.ema.europa.eu/v1/lists/200000000014 200000002156}">Tube</span></p></div>
  </text>
  <status value="active"/>
  <manufacturedDoseForm>
    <coding>
      <system value="https://spor.ema.europa.eu/v1/lists/200000000004"/>
      <code value="100000073712"/>
      <display value="Cream"/>
    </coding>
  </manufacturedDoseForm>
  <unitOfPresentation>
    <coding>
      <system value="https://spor.ema.europa.eu/v1/lists/200000000014"/>
      <code value="200000002156"/>
      <display value="Tube"/>
    </coding>
  </unitOfPresentation>
</ManufacturedItemDefinition>