<?xml version="1.0" encoding="UTF-8"?>

<ManufacturedItemDefinition xmlns="http://hl7.org/fhir">
  <id value="Cefuroxime-MIP-1500mg-EE-MID"/>
  <meta>
    <profile value="http://unicom-project.eu/fhir/StructureDefinition/PPLManufacturedItemDefinition"/>
  </meta>
  <text>
    <status value="generated"/><div xmlns="http://www.w3.org/1999/xhtml"><p class="res-header-id"><b>Generated Narrative: ManufacturedItemDefinition Cefuroxime-MIP-1500mg-EE-MID</b></p><a name="Cefuroxime-MIP-1500mg-EE-MID"> </a><a name="hcCefuroxime-MIP-1500mg-EE-MID"> </a><a name="Cefuroxime-MIP-1500mg-EE-MID-en-US"> </a><p><b>status</b>: Active</p><p><b>manufacturedDoseForm</b>: <span title="Codes:{https://spor.ema.europa.eu/v1/lists/200000000004 100000116186}">Powder for solution for injection/infusion</span></p><p><b>unitOfPresentation</b>: <span title="Codes:{https://spor.ema.europa.eu/v1/lists/200000000014 200000002158}">Vial</span></p></div>
  </text>
  <status value="active"/>
  <manufacturedDoseForm>
    <coding>
      <system value="https://spor.ema.europa.eu/v1/lists/200000000004"/>
      <code value="100000116186"/>
      <display value="Powder for solution for injection/infusion"/>
    </coding>
  </manufacturedDoseForm>
  <unitOfPresentation>
    <coding>
      <system value="https://spor.ema.europa.eu/v1/lists/200000000014"/>
      <code value="200000002158"/>
      <display value="Vial"/>
    </coding>
  </unitOfPresentation>
</ManufacturedItemDefinition>