<?xml version="1.0" encoding="UTF-8"?>

<Medication xmlns="http://hl7.org/fhir">
  <id value="CefuroximeMIP-EE-Powder-Medication-Item"/>
  <meta>
    <profile value="http://unicom-project.eu/fhir/StructureDefinition/MedicationAsManufacturedItem"/>
  </meta>
  <text>
    <status value="generated"/><div xmlns="http://www.w3.org/1999/xhtml"><p class="res-header-id"><b>Generated Narrative: Medication CefuroximeMIP-EE-Powder-Medication-Item</b></p><a name="CefuroximeMIP-EE-Powder-Medication-Item"> </a><a name="hcCefuroximeMIP-EE-Powder-Medication-Item"> </a><a name="CefuroximeMIP-EE-Powder-Medication-Item-en-US"> </a><p><b>doseForm</b>: <span title="Codes:{https://standardterms.edqm.eu 50053000}">Powder for solution for injection or infusion</span></p><p><b>totalVolume</b>: 1 Vial<span style="background: LightGoldenRodYellow"> (Details: standardterms.edqm.eu  code15060000 = '15060000')</span></p><blockquote><p><b>ingredient</b></p><h3>Items</h3><table class="grid"><tr><td style="display: none">-</td><td><b>Concept</b></td></tr><tr><td style="display: none">*</td><td><span title="Codes:{https://spor.ema.europa.eu/v2/SubstanceDefinition 100000092667}">CEFUROXIME</span></td></tr></table><p><b>isActive</b>: true</p><p><b>strength</b>: 1500 milligram<span style="background: LightGoldenRodYellow"> (Details: UCUM  codemg = 'mg')</span>/1 Vial<span style="background: LightGoldenRodYellow"> (Details: standardterms.edqm.eu  code15060000 = '15060000')</span></p></blockquote></div>
  </text>
  <doseForm>
    <coding>
      <system value="https://standardterms.edqm.eu"/>
      <code value="50053000"/>
      <display value="Powder for solution for injection or infusion"/>
    </coding>
  </doseForm>
  <totalVolume>
    <value value="1"/>
    <unit value="Vial"/>
    <system value="https://standardterms.edqm.eu"/>
    <code value="15060000"/>
  </totalVolume>
  <ingredient>
    <item>
      <concept>
        <coding>
          <system value="https://spor.ema.europa.eu/v2/SubstanceDefinition"/>
          <code value="100000092667"/>
          <display value="CEFUROXIME"/>
        </coding>
      </concept>
    </item>
    <isActive value="true"/>
    <strengthRatio>
      <numerator>
        <value value="1500"/>
        <unit value="milligram"/>
        <system value="http://unitsofmeasure.org"/>
        <code value="mg"/>
      </numerator>
      <denominator>
        <value value="1"/>
        <unit value="Vial"/>
        <system value="https://standardterms.edqm.eu"/>
        <code value="15060000"/>
      </denominator>
    </strengthRatio>
  </ingredient>
</Medication>