<?xml version="1.0" encoding="UTF-8"?>

<RegulatedAuthorization xmlns="http://hl7.org/fhir">
  <id value="Agen-5mg-Tablet-EE-RA"/>
  <meta>
    <profile value="http://unicom-project.eu/fhir/StructureDefinition/PPLRegulatedAuthorization"/>
  </meta>
  <text>
    <status value="generated"/><div xmlns="http://www.w3.org/1999/xhtml"><p class="res-header-id"><b>Generated Narrative: RegulatedAuthorization Agen-5mg-Tablet-EE-RA</b></p><a name="Agen-5mg-Tablet-EE-RA"> </a><a name="hcAgen-5mg-Tablet-EE-RA"> </a><a name="Agen-5mg-Tablet-EE-RA-en-US"> </a><p><b>identifier</b>: 418303</p><p><b>subject</b>: <a href="MedicinalProductDefinition-Agen-5mg-Tablet-EE-MPD.html">MedicinalProductDefinition: identifier = http://ema.europa.eu/fhir/mpId#EE-100002580-15547; domain = Human use; status = Current; combinedPharmaceuticalDoseForm = Tablet; legalStatusOfSupply = Medicinal product subject to medical prescription; classification = amlodipine,amlodipine</a></p><p><b>type</b>: <span title="Codes:{https://spor.ema.europa.eu/v1/lists/220000000060 220000000061}">Marketing Authorisation</span></p><p><b>region</b>: <span title="Codes:{https://spor.ema.europa.eu/v1/lists/100000000002 100000000388}">Republic of Estonia</span></p><p><b>status</b>: <span title="Codes:{https://spor.ema.europa.eu/v1/lists/100000072049 200000017708}">Valid - Renewed/Varied</span></p><p><b>statusDate</b>: 2013-06-07</p><p><b>holder</b>: <a href="Organization-LOC-100002580-Zentiva.html">Organization Zentiva k.s.</a></p></div>
  </text>
  <identifier>
    <value value="418303"/>
  </identifier>
  <subject>
    <reference value="MedicinalProductDefinition/Agen-5mg-Tablet-EE-MPD"/>
  </subject>
  <type>
    <coding>
      <system value="https://spor.ema.europa.eu/v1/lists/220000000060"/>
      <code value="220000000061"/>
      <display value="Marketing Authorisation"/>
    </coding>
  </type>
  <region>
    <coding>
      <system value="https://spor.ema.europa.eu/v1/lists/100000000002"/>
      <code value="100000000388"/>
      <display value="Republic of Estonia"/>
    </coding>
  </region>
  <status>
    <coding>
      <system value="https://spor.ema.europa.eu/v1/lists/100000072049"/>
      <code value="200000017708"/>
      <display value="Valid - Renewed/Varied"/>
    </coding>
  </status>
  <statusDate value="2013-06-07"/>
  <holder>
    <reference value="Organization/LOC-100002580-Zentiva"/>
  </holder>
</RegulatedAuthorization>