<?xml version="1.0" encoding="UTF-8"?>

<SearchParameter xmlns="http://hl7.org/fhir">
  <id value="Manufactured-item-packaging-ppd"/>
  <text>
    <status value="generated"/><div xmlns="http://www.w3.org/1999/xhtml"><p class="res-header-id"><b>Generated Narrative: SearchParameter Manufactured-item-packaging-ppd</b></p><a name="Manufactured-item-packaging-ppd"> </a><a name="hcManufactured-item-packaging-ppd"> </a><a name="Manufactured-item-packaging-ppd-en-US"> </a><h2>manufactured-item-packaging-ppd</h2><p>Parameter <code>packaging-manufactured-item</code>:<code>reference</code></p><div><p>Search on manufactured item for PPD inside a nested packaging</p>
</div><table class="grid"><tr><td>Resource</td><td><a href="http://hl7.org/fhir/R5/packagedproductdefinition.html">PackagedProductDefinition</a></td></tr><tr><td>Expression</td><td><code>PackagedProductDefinition.packaging.packaging.containedItem.item.reference</code></td></tr><tr><td>Multiples</td><td><ul><li>multipleAnd: It's up to the server whether the parameter may repeat in order to specify multiple values that must all be true</li><li>multipleOr: It's up to the server whether the parameter can have multiple values (separated by comma) where at least one must be true</li></ul></td></tr></table></div>
  </text>
  <url value="http://unicom-project.eu/fhir/SearchParameter/Manufactured-item-packaging-ppd"/>
  <version value="0.1.0"/>
  <name value="manufactured-item-packaging-ppd"/>
  <title value="manufactured-item-packaging-ppd"/>
  <status value="active"/>
  <experimental value="false"/>
  <date value="2024-10-11T11:06:08+00:00"/>
  <publisher value="UNICOM"/>
  <contact>
    <name value="UNICOM"/>
    <telecom>
      <system value="url"/>
      <value value="http://unicom-project.eu"/>
    </telecom>
  </contact>
  <description value="Search on manufactured item for PPD inside a nested packaging"/>
  <code value="packaging-manufactured-item"/>
  <base value="PackagedProductDefinition"/>
  <type value="reference"/>
  <expression value="PackagedProductDefinition.packaging.packaging.containedItem.item.reference"/>
</SearchParameter>