<?xml version="1.0" encoding="UTF-8"?><CodeSystem xmlns="http://hl7.org/fhir"><id value="substance-sms-cs"/><text><status value="generated"/><div xmlns="http://www.w3.org/1999/xhtml"><p>This code system <code>https://spor.ema.europa.eu/v2/SubstanceDefinition</code> defines the following codes:</p><table class="codes"><tr><td style="white-space:nowrap"><b>Code</b></td><td><b>Display</b></td></tr><tr><td style="white-space:nowrap">100000085259<a name="substance-sms-cs-100000085259"> </a></td><td>Amlodipine</td></tr><tr><td style="white-space:nowrap">100000089370<a name="substance-sms-cs-100000089370"> </a></td><td>AMLODIPINE MALEATE</td></tr><tr><td style="white-space:nowrap">100000089571<a name="substance-sms-cs-100000089571"> </a></td><td>Amlodipine mesilate</td></tr><tr><td style="white-space:nowrap">100000090079<a name="substance-sms-cs-100000090079"> </a></td><td>Amlodipine besilate</td></tr><tr><td style="white-space:nowrap">300000027652<a name="substance-sms-cs-300000027652"> </a></td><td>Amlodipine benzoate</td></tr><tr><td style="white-space:nowrap">100000091596<a name="substance-sms-cs-100000091596"> </a></td><td>Amoxicillin</td></tr><tr><td style="white-space:nowrap">100000090113<a name="substance-sms-cs-100000090113"> </a></td><td>Amoxicillin sodium</td></tr><tr><td style="white-space:nowrap">100000092629<a name="substance-sms-cs-100000092629"> </a></td><td>Amoxicillin trihydrate</td></tr><tr><td style="white-space:nowrap">100000092127<a name="substance-sms-cs-100000092127"> </a></td><td>Carbamazepine</td></tr><tr><td style="white-space:nowrap">100000092667<a name="substance-sms-cs-100000092667"> </a></td><td>Cefuroxime</td></tr><tr><td style="white-space:nowrap">100000093039<a name="substance-sms-cs-100000093039"> </a></td><td>Cefuroxime axetil</td></tr><tr><td style="white-space:nowrap">100000091436<a name="substance-sms-cs-100000091436"> </a></td><td>Cefuroxime sodium</td></tr><tr><td style="white-space:nowrap">100000089842<a name="substance-sms-cs-100000089842"> </a></td><td>Clavulanic acid</td></tr><tr><td style="white-space:nowrap">100000093061<a name="substance-sms-cs-100000093061"> </a></td><td>Potassium clavulanate</td></tr><tr><td style="white-space:nowrap">100000092121<a name="substance-sms-cs-100000092121"> </a></td><td>Ciclosporin</td></tr><tr><td style="white-space:nowrap">100000155842<a name="substance-sms-cs-100000155842"> </a></td><td>CICLOSPORIN A</td></tr><tr><td style="white-space:nowrap">100000084546<a name="substance-sms-cs-100000084546"> </a></td><td>Clomipramine</td></tr><tr><td style="white-space:nowrap">100000090503<a name="substance-sms-cs-100000090503"> </a></td><td>Clomipramine hydrochloride</td></tr><tr><td style="white-space:nowrap">100000092074<a name="substance-sms-cs-100000092074"> </a></td><td>Clotrimazole</td></tr><tr><td style="white-space:nowrap">100000088282<a name="substance-sms-cs-100000088282"> </a></td><td>Chloroquine</td></tr><tr><td style="white-space:nowrap">100000084735<a name="substance-sms-cs-100000084735"> </a></td><td>CHLOROQUINE HYDROCHLORIDE</td></tr><tr><td style="white-space:nowrap">100000090551<a name="substance-sms-cs-100000090551"> </a></td><td>Chloroquine sulfate</td></tr><tr><td style="white-space:nowrap">100000092628<a name="substance-sms-cs-100000092628"> </a></td><td>Chloroquine phosphate</td></tr><tr><td style="white-space:nowrap">100000129152<a name="substance-sms-cs-100000129152"> </a></td><td>CHLOROQUINE DIPHOSPHATE</td></tr><tr><td style="white-space:nowrap">100000092362<a name="substance-sms-cs-100000092362"> </a></td><td>Diazepam</td></tr><tr><td style="white-space:nowrap">100000091074<a name="substance-sms-cs-100000091074"> </a></td><td>Diclofenac diethylamine</td></tr><tr><td style="white-space:nowrap">100000092368<a name="substance-sms-cs-100000092368"> </a></td><td>Diclofenac potassium</td></tr><tr><td style="white-space:nowrap">100000092798<a name="substance-sms-cs-100000092798"> </a></td><td>Diclofenac</td></tr><tr><td style="white-space:nowrap">100000085789<a name="substance-sms-cs-100000085789"> </a></td><td>Diclofenac epolamine</td></tr><tr><td style="white-space:nowrap">100000092272<a name="substance-sms-cs-100000092272"> </a></td><td>Diclofenac sodium</td></tr><tr><td style="white-space:nowrap">100000092375<a name="substance-sms-cs-100000092375"> </a></td><td>Drospirenone</td></tr><tr><td style="white-space:nowrap">100000092359<a name="substance-sms-cs-100000092359"> </a></td><td>Enalapril</td></tr><tr><td style="white-space:nowrap">100000080222<a name="substance-sms-cs-100000080222"> </a></td><td>Enalaprilat</td></tr><tr><td style="white-space:nowrap">100000091343<a name="substance-sms-cs-100000091343"> </a></td><td>Enalapril maleate</td></tr><tr><td style="white-space:nowrap">100000153305<a name="substance-sms-cs-100000153305"> </a></td><td>Enalapril sodium</td></tr><tr><td style="white-space:nowrap">100000085598<a name="substance-sms-cs-100000085598"> </a></td><td>Enoxaparin</td></tr><tr><td style="white-space:nowrap">100000090152<a name="substance-sms-cs-100000090152"> </a></td><td>Enoxaparin sodium</td></tr><tr><td style="white-space:nowrap">100000090229<a name="substance-sms-cs-100000090229"> </a></td><td>Ergocalciferol</td></tr><tr><td style="white-space:nowrap">100000091721<a name="substance-sms-cs-100000091721"> </a></td><td>Ethinylestradiol</td></tr><tr><td style="white-space:nowrap">100000087614<a name="substance-sms-cs-100000087614"> </a></td><td>Glyceryl trinitrate</td></tr><tr><td style="white-space:nowrap">100000084238<a name="substance-sms-cs-100000084238"> </a></td><td>Goserelin</td></tr><tr><td style="white-space:nowrap">100000086673<a name="substance-sms-cs-100000086673"> </a></td><td>Goserelin acetate</td></tr><tr><td style="white-space:nowrap">100000090365<a name="substance-sms-cs-100000090365"> </a></td><td>Ibuprofen</td></tr><tr><td style="white-space:nowrap">100000085009<a name="substance-sms-cs-100000085009"> </a></td><td>Ibuprofen sodium</td></tr><tr><td style="white-space:nowrap">100000090111<a name="substance-sms-cs-100000090111"> </a></td><td>Ibuprofen lysine</td></tr><tr><td style="white-space:nowrap">100000092228<a name="substance-sms-cs-100000092228"> </a></td><td>Ibuprofen arginine</td></tr><tr><td style="white-space:nowrap">100000175414<a name="substance-sms-cs-100000175414"> </a></td><td>Ibuprofen isobutanolammonium</td></tr><tr><td style="white-space:nowrap">100000140150<a name="substance-sms-cs-100000140150"> </a></td><td>Ibuprofen sodium dihydrate</td></tr><tr><td style="white-space:nowrap">100000133453<a name="substance-sms-cs-100000133453"> </a></td><td>Ibuprofen D,L-lysinate</td></tr><tr><td style="white-space:nowrap">100000079980<a name="substance-sms-cs-100000079980"> </a></td><td>IBUPROFEN 1-IDROSSIMETIL-1-METIL ETILAMMONIO</td></tr><tr><td style="white-space:nowrap">100000091825<a name="substance-sms-cs-100000091825"> </a></td><td>Imatinib mesilate</td></tr><tr><td style="white-space:nowrap">100000091894<a name="substance-sms-cs-100000091894"> </a></td><td>Imatinib</td></tr><tr><td style="white-space:nowrap">100000085460<a name="substance-sms-cs-100000085460"> </a></td><td>Insulin glargine</td></tr><tr><td style="white-space:nowrap">100000091697<a name="substance-sms-cs-100000091697"> </a></td><td>Itraconazole</td></tr><tr><td style="white-space:nowrap">100000091713<a name="substance-sms-cs-100000091713"> </a></td><td>Lidocaine</td></tr><tr><td style="white-space:nowrap">100000139489<a name="substance-sms-cs-100000139489"> </a></td><td>Lidocaine hydrochloride</td></tr><tr><td style="white-space:nowrap">100000085448<a name="substance-sms-cs-100000085448"> </a></td><td>Metformin</td></tr><tr><td style="white-space:nowrap">100000091366<a name="substance-sms-cs-100000091366"> </a></td><td>Metformin hydrochloride</td></tr><tr><td style="white-space:nowrap">100000091840<a name="substance-sms-cs-100000091840"> </a></td><td>METFORMIN EMBONATE</td></tr><tr><td style="white-space:nowrap">100000091372<a name="substance-sms-cs-100000091372"> </a></td><td>Morphine</td></tr><tr><td style="white-space:nowrap">100000076239<a name="substance-sms-cs-100000076239"> </a></td><td>Morphine sulfate</td></tr><tr><td style="white-space:nowrap">100000090494<a name="substance-sms-cs-100000090494"> </a></td><td>Morphine hydrochloride</td></tr><tr><td style="white-space:nowrap">100000076257<a name="substance-sms-cs-100000076257"> </a></td><td>MORPHINE TARTRATE</td></tr><tr><td style="white-space:nowrap">100000092047<a name="substance-sms-cs-100000092047"> </a></td><td>Omeprazole</td></tr><tr><td style="white-space:nowrap">100000085918<a name="substance-sms-cs-100000085918"> </a></td><td>Omeprazole magnesium</td></tr><tr><td style="white-space:nowrap">100000090186<a name="substance-sms-cs-100000090186"> </a></td><td>Omeprazole sodium</td></tr><tr><td style="white-space:nowrap">100000090270<a name="substance-sms-cs-100000090270"> </a></td><td>Paracetamol</td></tr><tr><td style="white-space:nowrap">100000091461<a name="substance-sms-cs-100000091461"> </a></td><td>Perindopril</td></tr><tr><td style="white-space:nowrap">100000088816<a name="substance-sms-cs-100000088816"> </a></td><td>Perindopril arginine</td></tr><tr><td style="white-space:nowrap">100000091602<a name="substance-sms-cs-100000091602"> </a></td><td>Perindopril tert-butylamine</td></tr><tr><td style="white-space:nowrap">100000130680<a name="substance-sms-cs-100000130680"> </a></td><td>Perindopril tert-butylamin monohydrate</td></tr><tr><td style="white-space:nowrap">100000141420<a name="substance-sms-cs-100000141420"> </a></td><td>Perindopril tosilate</td></tr><tr><td style="white-space:nowrap">100000091518<a name="substance-sms-cs-100000091518"> </a></td><td>Calcium carbonate</td></tr><tr><td style="white-space:nowrap">100000091629<a name="substance-sms-cs-100000091629"> </a></td><td>Salbutamol</td></tr><tr><td style="white-space:nowrap">100000091786<a name="substance-sms-cs-100000091786"> </a></td><td>Simvastatin</td></tr><tr><td style="white-space:nowrap">100000092635<a name="substance-sms-cs-100000092635"> </a></td><td>Hydrocortisone</td></tr><tr><td style="white-space:nowrap">100000086186<a name="substance-sms-cs-100000086186"> </a></td><td>Meglumine acetrizoate</td></tr><tr><td style="white-space:nowrap">100000092550<a name="substance-sms-cs-100000092550"> </a></td><td>Hydrocortisone sodium succinate</td></tr><tr><td style="white-space:nowrap">100000086711<a name="substance-sms-cs-100000086711"> </a></td><td>Hydrocortisone valerate</td></tr><tr><td style="white-space:nowrap">100000092260<a name="substance-sms-cs-100000092260"> </a></td><td>Hydrocortisone acetate</td></tr><tr><td style="white-space:nowrap">100000085172<a name="substance-sms-cs-100000085172"> </a></td><td>Hydrocortisone butyrate</td></tr><tr><td style="white-space:nowrap">100000084215<a name="substance-sms-cs-100000084215"> </a></td><td>Hydrocortisone aceponate</td></tr><tr><td style="white-space:nowrap">100000086187<a name="substance-sms-cs-100000086187"> </a></td><td>Hydrocortisone cipionate</td></tr><tr><td style="white-space:nowrap">100000086691<a name="substance-sms-cs-100000086691"> </a></td><td>HYDROCORTISONE SODIUM PHOSPHATE</td></tr><tr><td style="white-space:nowrap">100000090564<a name="substance-sms-cs-100000090564"> </a></td><td>Salbutamol sulfate</td></tr><tr><td style="white-space:nowrap">100000115886<a name="substance-sms-cs-100000115886"> </a></td><td>Tafluprost</td></tr><tr><td style="white-space:nowrap">100000089193<a name="substance-sms-cs-100000089193"> </a></td><td>Teriparatide</td></tr><tr><td style="white-space:nowrap">100000084795<a name="substance-sms-cs-100000084795"> </a></td><td>TERIPARATIDE ACETATE</td></tr><tr><td style="white-space:nowrap">100000077198<a name="substance-sms-cs-100000077198"> </a></td><td>Tramadol</td></tr><tr><td style="white-space:nowrap">100000093275<a name="substance-sms-cs-100000093275"> </a></td><td>Tramadol hydrochloride</td></tr><tr><td style="white-space:nowrap">100000089314<a name="substance-sms-cs-100000089314"> </a></td><td>Trastuzumab</td></tr><tr><td style="white-space:nowrap">100000128434<a name="substance-sms-cs-100000128434"> </a></td><td>Trastuzumab emtansine</td></tr><tr><td style="white-space:nowrap">100000174462<a name="substance-sms-cs-100000174462"> </a></td><td>Trastuzumab deruxtecan</td></tr><tr><td style="white-space:nowrap">100000089154<a name="substance-sms-cs-100000089154"> </a></td><td>Varenicline</td></tr><tr><td style="white-space:nowrap">100000091746<a name="substance-sms-cs-100000091746"> </a></td><td>Varenicline tartrate</td></tr><tr><td style="white-space:nowrap">100000091531<a name="substance-sms-cs-100000091531"> </a></td><td>Ethinylestradiol betadex clathrate</td></tr><tr><td style="white-space:nowrap">100000090052<a name="substance-sms-cs-100000090052"> </a></td><td>LACTOSE</td></tr><tr><td style="white-space:nowrap">100000084759<a name="substance-sms-cs-100000084759"> </a></td><td>PLACEBO</td></tr><tr><td style="white-space:nowrap">100000093305<a name="substance-sms-cs-100000093305"> </a></td><td>Lactose monohydrate</td></tr><tr><td style="white-space:nowrap">100000088000<a name="substance-sms-cs-100000088000"> </a></td><td>Valsartan</td></tr><tr><td style="white-space:nowrap">100000091737<a name="substance-sms-cs-100000091737"> </a></td><td>Hydrochlorothiazide</td></tr></table></div></text><url value="https://spor.ema.europa.eu/v2/SubstanceDefinition"/><version value="0.1.0"/><name value="Substance_SMS_CS"/><title value="Substances EMA SPOR SMS"/><status value="draft"/><experimental value="false"/><date value="2023-02-03T15:45:39+00:00"/><publisher value="UNICOM"/><contact><name value="UNICOM"/><telecom><system value="url"/><value value="http://unicom-project.eu"/></telecom></contact><description value="UNICOM PPL substances from EMA SPOR SMS"/><caseSensitive value="true"/><compositional value="false"/><content value="complete"/><count value="101"/><concept><code value="100000085259"/><display value="Amlodipine"/></concept><concept><code value="100000089370"/><display value="AMLODIPINE MALEATE"/></concept><concept><code value="100000089571"/><display value="Amlodipine mesilate"/></concept><concept><code value="100000090079"/><display value="Amlodipine besilate"/></concept><concept><code value="300000027652"/><display value="Amlodipine benzoate"/></concept><concept><code value="100000091596"/><display value="Amoxicillin"/></concept><concept><code value="100000090113"/><display value="Amoxicillin sodium"/></concept><concept><code value="100000092629"/><display value="Amoxicillin trihydrate"/></concept><concept><code value="100000092127"/><display value="Carbamazepine"/></concept><concept><code value="100000092667"/><display value="Cefuroxime"/></concept><concept><code value="100000093039"/><display value="Cefuroxime axetil"/></concept><concept><code value="100000091436"/><display value="Cefuroxime sodium"/></concept><concept><code value="100000089842"/><display value="Clavulanic acid"/></concept><concept><code value="100000093061"/><display value="Potassium clavulanate"/></concept><concept><code value="100000092121"/><display value="Ciclosporin"/></concept><concept><code value="100000155842"/><display value="CICLOSPORIN A"/></concept><concept><code value="100000084546"/><display value="Clomipramine"/></concept><concept><code value="100000090503"/><display value="Clomipramine hydrochloride"/></concept><concept><code value="100000092074"/><display value="Clotrimazole"/></concept><concept><code value="100000088282"/><display value="Chloroquine"/></concept><concept><code value="100000084735"/><display value="CHLOROQUINE HYDROCHLORIDE"/></concept><concept><code value="100000090551"/><display value="Chloroquine sulfate"/></concept><concept><code value="100000092628"/><display value="Chloroquine phosphate"/></concept><concept><code value="100000129152"/><display value="CHLOROQUINE DIPHOSPHATE"/></concept><concept><code value="100000092362"/><display value="Diazepam"/></concept><concept><code value="100000091074"/><display value="Diclofenac diethylamine"/></concept><concept><code value="100000092368"/><display value="Diclofenac potassium"/></concept><concept><code value="100000092798"/><display value="Diclofenac"/></concept><concept><code value="100000085789"/><display value="Diclofenac epolamine"/></concept><concept><code value="100000092272"/><display value="Diclofenac sodium"/></concept><concept><code value="100000092375"/><display value="Drospirenone"/></concept><concept><code value="100000092359"/><display value="Enalapril"/></concept><concept><code value="100000080222"/><display value="Enalaprilat"/></concept><concept><code value="100000091343"/><display value="Enalapril maleate"/></concept><concept><code value="100000153305"/><display value="Enalapril sodium"/></concept><concept><code value="100000085598"/><display value="Enoxaparin"/></concept><concept><code value="100000090152"/><display value="Enoxaparin sodium"/></concept><concept><code value="100000090229"/><display value="Ergocalciferol"/></concept><concept><code value="100000091721"/><display value="Ethinylestradiol"/></concept><concept><code value="100000087614"/><display value="Glyceryl trinitrate"/></concept><concept><code value="100000084238"/><display value="Goserelin"/></concept><concept><code value="100000086673"/><display value="Goserelin acetate"/></concept><concept><code value="100000090365"/><display value="Ibuprofen"/></concept><concept><code value="100000085009"/><display value="Ibuprofen sodium"/></concept><concept><code value="100000090111"/><display value="Ibuprofen lysine"/></concept><concept><code value="100000092228"/><display value="Ibuprofen arginine"/></concept><concept><code value="100000175414"/><display value="Ibuprofen isobutanolammonium"/></concept><concept><code value="100000140150"/><display value="Ibuprofen sodium dihydrate"/></concept><concept><code value="100000133453"/><display value="Ibuprofen D,L-lysinate"/></concept><concept><code value="100000079980"/><display value="IBUPROFEN 1-IDROSSIMETIL-1-METIL ETILAMMONIO"/></concept><concept><code value="100000091825"/><display value="Imatinib mesilate"/></concept><concept><code value="100000091894"/><display value="Imatinib"/></concept><concept><code value="100000085460"/><display value="Insulin glargine"/></concept><concept><code value="100000091697"/><display value="Itraconazole"/></concept><concept><code value="100000091713"/><display value="Lidocaine"/></concept><concept><code value="100000139489"/><display value="Lidocaine hydrochloride"/></concept><concept><code value="100000085448"/><display value="Metformin"/></concept><concept><code value="100000091366"/><display value="Metformin hydrochloride"/></concept><concept><code value="100000091840"/><display value="METFORMIN EMBONATE"/></concept><concept><code value="100000091372"/><display value="Morphine"/></concept><concept><code value="100000076239"/><display value="Morphine sulfate"/></concept><concept><code value="100000090494"/><display value="Morphine hydrochloride"/></concept><concept><code value="100000076257"/><display value="MORPHINE TARTRATE"/></concept><concept><code value="100000092047"/><display value="Omeprazole"/></concept><concept><code value="100000085918"/><display value="Omeprazole magnesium"/></concept><concept><code value="100000090186"/><display value="Omeprazole sodium"/></concept><concept><code value="100000090270"/><display value="Paracetamol"/></concept><concept><code value="100000091461"/><display value="Perindopril"/></concept><concept><code value="100000088816"/><display value="Perindopril arginine"/></concept><concept><code value="100000091602"/><display value="Perindopril tert-butylamine"/></concept><concept><code value="100000130680"/><display value="Perindopril tert-butylamin monohydrate"/></concept><concept><code value="100000141420"/><display value="Perindopril tosilate"/></concept><concept><code value="100000091518"/><display value="Calcium carbonate"/></concept><concept><code value="100000091629"/><display value="Salbutamol"/></concept><concept><code value="100000091786"/><display value="Simvastatin"/></concept><concept><code value="100000092635"/><display value="Hydrocortisone"/></concept><concept><code value="100000086186"/><display value="Meglumine acetrizoate"/></concept><concept><code value="100000092550"/><display value="Hydrocortisone sodium succinate"/></concept><concept><code value="100000086711"/><display value="Hydrocortisone valerate"/></concept><concept><code value="100000092260"/><display value="Hydrocortisone acetate"/></concept><concept><code value="100000085172"/><display value="Hydrocortisone butyrate"/></concept><concept><code value="100000084215"/><display value="Hydrocortisone aceponate"/></concept><concept><code value="100000086187"/><display value="Hydrocortisone cipionate"/></concept><concept><code value="100000086691"/><display value="HYDROCORTISONE SODIUM PHOSPHATE"/></concept><concept><code value="100000090564"/><display value="Salbutamol sulfate"/></concept><concept><code value="100000115886"/><display value="Tafluprost"/></concept><concept><code value="100000089193"/><display value="Teriparatide"/></concept><concept><code value="100000084795"/><display value="TERIPARATIDE ACETATE"/></concept><concept><code value="100000077198"/><display value="Tramadol"/></concept><concept><code value="100000093275"/><display value="Tramadol hydrochloride"/></concept><concept><code value="100000089314"/><display value="Trastuzumab"/></concept><concept><code value="100000128434"/><display value="Trastuzumab emtansine"/></concept><concept><code value="100000174462"/><display value="Trastuzumab deruxtecan"/></concept><concept><code value="100000089154"/><display value="Varenicline"/></concept><concept><code value="100000091746"/><display value="Varenicline tartrate"/></concept><concept><code value="100000091531"/><display value="Ethinylestradiol betadex clathrate"/></concept><concept><code value="100000090052"/><display value="LACTOSE"/></concept><concept><code value="100000084759"/><display value="PLACEBO"/></concept><concept><code value="100000093305"/><display value="Lactose monohydrate"/></concept><concept><code value="100000088000"/><display value="Valsartan"/></concept><concept><code value="100000091737"/><display value="Hydrochlorothiazide"/></concept></CodeSystem>