<?xml version="1.0" encoding="UTF-8"?><CodeSystem xmlns="http://hl7.org/fhir"><id value="packaging-ema-cs"/><text><status value="generated"/><div xmlns="http://www.w3.org/1999/xhtml"><p>This code system <code>https://spor.ema.europa.eu/v1/lists/100000073346</code> defines the following codes:</p><table class="codes"><tr><td style="white-space:nowrap"><b>Code</b></td><td><b>Display</b></td></tr><tr><td style="white-space:nowrap">100000073530<a name="packaging-ema-cs-100000073530"> </a></td><td>Multidose container</td></tr><tr><td style="white-space:nowrap">100000073520<a name="packaging-ema-cs-100000073520"> </a></td><td>Injection syringe</td></tr><tr><td style="white-space:nowrap">100000073529<a name="packaging-ema-cs-100000073529"> </a></td><td>Mouthpiece</td></tr><tr><td style="white-space:nowrap">100000073502<a name="packaging-ema-cs-100000073502"> </a></td><td>Cap</td></tr><tr><td style="white-space:nowrap">100000073513<a name="packaging-ema-cs-100000073513"> </a></td><td>Fixed cryogenic vessel</td></tr><tr><td style="white-space:nowrap">100000073500<a name="packaging-ema-cs-100000073500"> </a></td><td>Brush applicator</td></tr><tr><td style="white-space:nowrap">100000073495<a name="packaging-ema-cs-100000073495"> </a></td><td>Barrel</td></tr><tr><td style="white-space:nowrap">100000073496<a name="packaging-ema-cs-100000073496"> </a></td><td>Blister</td></tr><tr><td style="white-space:nowrap">100000073497<a name="packaging-ema-cs-100000073497"> </a></td><td>Bottle</td></tr><tr><td style="white-space:nowrap">100000073509<a name="packaging-ema-cs-100000073509"> </a></td><td>Dredging container</td></tr><tr><td style="white-space:nowrap">100000073511<a name="packaging-ema-cs-100000073511"> </a></td><td>Dropper applicator</td></tr><tr><td style="white-space:nowrap">100000073539<a name="packaging-ema-cs-100000073539"> </a></td><td>Pipette applicator</td></tr><tr><td style="white-space:nowrap">100000073490<a name="packaging-ema-cs-100000073490"> </a></td><td>Ampoule</td></tr><tr><td style="white-space:nowrap">100000073505<a name="packaging-ema-cs-100000073505"> </a></td><td>Cup</td></tr><tr><td style="white-space:nowrap">100000073506<a name="packaging-ema-cs-100000073506"> </a></td><td>Dabbing applicator</td></tr><tr><td style="white-space:nowrap">100000073508<a name="packaging-ema-cs-100000073508"> </a></td><td>Dredging applicator</td></tr><tr><td style="white-space:nowrap">100000073512<a name="packaging-ema-cs-100000073512"> </a></td><td>Dropper container</td></tr><tr><td style="white-space:nowrap">100000073517<a name="packaging-ema-cs-100000073517"> </a></td><td>Inhaler</td></tr><tr><td style="white-space:nowrap">100000073527<a name="packaging-ema-cs-100000073527"> </a></td><td>Metering valve</td></tr><tr><td style="white-space:nowrap">100000073535<a name="packaging-ema-cs-100000073535"> </a></td><td>Needle applicator</td></tr><tr><td style="white-space:nowrap">100000073519<a name="packaging-ema-cs-100000073519"> </a></td><td>Injection needle</td></tr><tr><td style="white-space:nowrap">100000073526<a name="packaging-ema-cs-100000073526"> </a></td><td>Metering pump</td></tr><tr><td style="white-space:nowrap">100000073523<a name="packaging-ema-cs-100000073523"> </a></td><td>Jar</td></tr><tr><td style="white-space:nowrap">100000073524<a name="packaging-ema-cs-100000073524"> </a></td><td>Measuring device</td></tr><tr><td style="white-space:nowrap">100000073525<a name="packaging-ema-cs-100000073525"> </a></td><td>Measuring spoon</td></tr><tr><td style="white-space:nowrap">100000073528<a name="packaging-ema-cs-100000073528"> </a></td><td>Mobile cryogenic vessel</td></tr><tr><td style="white-space:nowrap">100000073558<a name="packaging-ema-cs-100000073558"> </a></td><td>Straw</td></tr><tr><td style="white-space:nowrap">100000073531<a name="packaging-ema-cs-100000073531"> </a></td><td>Multidose container with airless pump</td></tr><tr><td style="white-space:nowrap">100000073532<a name="packaging-ema-cs-100000073532"> </a></td><td>Multipuncturer</td></tr><tr><td style="white-space:nowrap">100000073533<a name="packaging-ema-cs-100000073533"> </a></td><td>Nasal applicator</td></tr><tr><td style="white-space:nowrap">100000073534<a name="packaging-ema-cs-100000073534"> </a></td><td>Nebuliser</td></tr><tr><td style="white-space:nowrap">100000073536<a name="packaging-ema-cs-100000073536"> </a></td><td>Nozzle</td></tr><tr><td style="white-space:nowrap">100000073538<a name="packaging-ema-cs-100000073538"> </a></td><td>Pipette</td></tr><tr><td style="white-space:nowrap">200000024874<a name="packaging-ema-cs-200000024874"> </a></td><td>Tablet tube</td></tr><tr><td style="white-space:nowrap">100000073540<a name="packaging-ema-cs-100000073540"> </a></td><td>Pouch</td></tr><tr><td style="white-space:nowrap">100000073491<a name="packaging-ema-cs-100000073491"> </a></td><td>Applicator</td></tr><tr><td style="white-space:nowrap">100000073542<a name="packaging-ema-cs-100000073542"> </a></td><td>Pre-filled gastroenteral tube</td></tr><tr><td style="white-space:nowrap">100000073543<a name="packaging-ema-cs-100000073543"> </a></td><td>Pre-filled pen</td></tr><tr><td style="white-space:nowrap">100000073555<a name="packaging-ema-cs-100000073555"> </a></td><td>Spray valve</td></tr><tr><td style="white-space:nowrap">100000073545<a name="packaging-ema-cs-100000073545"> </a></td><td>Pressurised container</td></tr><tr><td style="white-space:nowrap">100000073554<a name="packaging-ema-cs-100000073554"> </a></td><td>Spray pump</td></tr><tr><td style="white-space:nowrap">100000073546<a name="packaging-ema-cs-100000073546"> </a></td><td>Prick test applicator</td></tr><tr><td style="white-space:nowrap">100000073547<a name="packaging-ema-cs-100000073547"> </a></td><td>Sachet</td></tr><tr><td style="white-space:nowrap">100000073550<a name="packaging-ema-cs-100000073550"> </a></td><td>Single-dose container</td></tr><tr><td style="white-space:nowrap">100000073551<a name="packaging-ema-cs-100000073551"> </a></td><td>Spatula</td></tr><tr><td style="white-space:nowrap">100000073553<a name="packaging-ema-cs-100000073553"> </a></td><td>Spray container</td></tr><tr><td style="white-space:nowrap">100000073563<a name="packaging-ema-cs-100000073563"> </a></td><td>Vial</td></tr><tr><td style="white-space:nowrap">100000073498<a name="packaging-ema-cs-100000073498"> </a></td><td>Box</td></tr><tr><td style="white-space:nowrap">100000073499<a name="packaging-ema-cs-100000073499"> </a></td><td>Brush</td></tr><tr><td style="white-space:nowrap">100000073501<a name="packaging-ema-cs-100000073501"> </a></td><td>Cannula</td></tr><tr><td style="white-space:nowrap">100000073559<a name="packaging-ema-cs-100000073559"> </a></td><td>Strip</td></tr><tr><td style="white-space:nowrap">100000073560<a name="packaging-ema-cs-100000073560"> </a></td><td>Tablet container</td></tr><tr><td style="white-space:nowrap">100000075664<a name="packaging-ema-cs-100000075664"> </a></td><td>Administration system</td></tr><tr><td style="white-space:nowrap">100000116196<a name="packaging-ema-cs-100000116196"> </a></td><td>Needle-free injector</td></tr><tr><td style="white-space:nowrap">100000116197<a name="packaging-ema-cs-100000116197"> </a></td><td>Roll-on container</td></tr><tr><td style="white-space:nowrap">100000137702<a name="packaging-ema-cs-100000137702"> </a></td><td>Container</td></tr><tr><td style="white-space:nowrap">100000143554<a name="packaging-ema-cs-100000143554"> </a></td><td>Multidose container with metering pump</td></tr><tr><td style="white-space:nowrap">100000166980<a name="packaging-ema-cs-100000166980"> </a></td><td>Valve</td></tr><tr><td style="white-space:nowrap">200000010647<a name="packaging-ema-cs-200000010647"> </a></td><td>Lid</td></tr><tr><td style="white-space:nowrap">100000173982<a name="packaging-ema-cs-100000173982"> </a></td><td>Oral applicator</td></tr><tr><td style="white-space:nowrap">100000173983<a name="packaging-ema-cs-100000173983"> </a></td><td>Dose dispenser</td></tr><tr><td style="white-space:nowrap">100000174066<a name="packaging-ema-cs-100000174066"> </a></td><td>Unit-dose blister</td></tr><tr><td style="white-space:nowrap">100000174067<a name="packaging-ema-cs-100000174067"> </a></td><td>Pre-filled injector</td></tr><tr><td style="white-space:nowrap">100000174068<a name="packaging-ema-cs-100000174068"> </a></td><td>Pre-filled oral syringe</td></tr><tr><td style="white-space:nowrap">100000174069<a name="packaging-ema-cs-100000174069"> </a></td><td>Pre-filled oral applicator</td></tr><tr><td style="white-space:nowrap">100000174070<a name="packaging-ema-cs-100000174070"> </a></td><td>Dose-dispenser cartridge</td></tr><tr><td style="white-space:nowrap">200000005068<a name="packaging-ema-cs-200000005068"> </a></td><td>Pen</td></tr><tr><td style="white-space:nowrap">100000073514<a name="packaging-ema-cs-100000073514"> </a></td><td>Gas cylinder</td></tr><tr><td style="white-space:nowrap">100000073561<a name="packaging-ema-cs-100000073561"> </a></td><td>Tube</td></tr><tr><td style="white-space:nowrap">200000005585<a name="packaging-ema-cs-200000005585"> </a></td><td>Wrapper</td></tr><tr><td style="white-space:nowrap">100000073504<a name="packaging-ema-cs-100000073504"> </a></td><td>Child-resistant closure</td></tr><tr><td style="white-space:nowrap">100000073549<a name="packaging-ema-cs-100000073549"> </a></td><td>Screw cap</td></tr><tr><td style="white-space:nowrap">100000073557<a name="packaging-ema-cs-100000073557"> </a></td><td>Stopper</td></tr><tr><td style="white-space:nowrap">100000073493<a name="packaging-ema-cs-100000073493"> </a></td><td>Bag</td></tr><tr><td style="white-space:nowrap">100000073503<a name="packaging-ema-cs-100000073503"> </a></td><td>Cartridge</td></tr><tr><td style="white-space:nowrap">100000073537<a name="packaging-ema-cs-100000073537"> </a></td><td>Oral syringe</td></tr><tr><td style="white-space:nowrap">100000125779<a name="packaging-ema-cs-100000125779"> </a></td><td>Multidose container with pump</td></tr><tr><td style="white-space:nowrap">100000073544<a name="packaging-ema-cs-100000073544"> </a></td><td>Pre-filled syringe</td></tr><tr><td style="white-space:nowrap">200000026021<a name="packaging-ema-cs-200000026021"> </a></td><td>Gas cylinder bundle</td></tr><tr><td style="white-space:nowrap">100000163233<a name="packaging-ema-cs-100000163233"> </a></td><td>disk</td></tr><tr><td style="white-space:nowrap">100000163234<a name="packaging-ema-cs-100000163234"> </a></td><td>plunger</td></tr></table></div></text><url value="https://spor.ema.europa.eu/v1/lists/100000073346"/><version value="0.1.0"/><name value="Packaging_EMA_CS"/><title value="Packaging EMA SPOR"/><status value="draft"/><experimental value="false"/><date value="2023-02-03T15:45:39+00:00"/><publisher value="UNICOM"/><contact><name value="UNICOM"/><telecom><system value="url"/><value value="http://unicom-project.eu"/></telecom></contact><description value="Package types, including closures and administration devices. Based on EDQM, recoded with EMA SPOR RMS codes."/><caseSensitive value="false"/><compositional value="false"/><content value="complete"/><count value="81"/><concept><code value="100000073530"/><display value="Multidose container"/></concept><concept><code value="100000073520"/><display value="Injection syringe"/></concept><concept><code value="100000073529"/><display value="Mouthpiece"/></concept><concept><code value="100000073502"/><display value="Cap"/></concept><concept><code value="100000073513"/><display value="Fixed cryogenic vessel"/></concept><concept><code value="100000073500"/><display value="Brush applicator"/></concept><concept><code value="100000073495"/><display value="Barrel"/></concept><concept><code value="100000073496"/><display value="Blister"/></concept><concept><code value="100000073497"/><display value="Bottle"/></concept><concept><code value="100000073509"/><display value="Dredging container"/></concept><concept><code value="100000073511"/><display value="Dropper applicator"/></concept><concept><code value="100000073539"/><display value="Pipette applicator"/></concept><concept><code value="100000073490"/><display value="Ampoule"/></concept><concept><code value="100000073505"/><display value="Cup"/></concept><concept><code value="100000073506"/><display value="Dabbing applicator"/></concept><concept><code value="100000073508"/><display value="Dredging applicator"/></concept><concept><code value="100000073512"/><display value="Dropper container"/></concept><concept><code value="100000073517"/><display value="Inhaler"/></concept><concept><code value="100000073527"/><display value="Metering valve"/></concept><concept><code value="100000073535"/><display value="Needle applicator"/></concept><concept><code value="100000073519"/><display value="Injection needle"/></concept><concept><code value="100000073526"/><display value="Metering pump"/></concept><concept><code value="100000073523"/><display value="Jar"/></concept><concept><code value="100000073524"/><display value="Measuring device"/></concept><concept><code value="100000073525"/><display value="Measuring spoon"/></concept><concept><code value="100000073528"/><display value="Mobile cryogenic vessel"/></concept><concept><code value="100000073558"/><display value="Straw"/></concept><concept><code value="100000073531"/><display value="Multidose container with airless pump"/></concept><concept><code value="100000073532"/><display value="Multipuncturer"/></concept><concept><code value="100000073533"/><display value="Nasal applicator"/></concept><concept><code value="100000073534"/><display value="Nebuliser"/></concept><concept><code value="100000073536"/><display value="Nozzle"/></concept><concept><code value="100000073538"/><display value="Pipette"/></concept><concept><code value="200000024874"/><display value="Tablet tube"/></concept><concept><code value="100000073540"/><display value="Pouch"/></concept><concept><code value="100000073491"/><display value="Applicator"/></concept><concept><code value="100000073542"/><display value="Pre-filled gastroenteral tube"/></concept><concept><code value="100000073543"/><display value="Pre-filled pen"/></concept><concept><code value="100000073555"/><display value="Spray valve"/></concept><concept><code value="100000073545"/><display value="Pressurised container"/></concept><concept><code value="100000073554"/><display value="Spray pump"/></concept><concept><code value="100000073546"/><display value="Prick test applicator"/></concept><concept><code value="100000073547"/><display value="Sachet"/></concept><concept><code value="100000073550"/><display value="Single-dose container"/></concept><concept><code value="100000073551"/><display value="Spatula"/></concept><concept><code value="100000073553"/><display value="Spray container"/></concept><concept><code value="100000073563"/><display value="Vial"/></concept><concept><code value="100000073498"/><display value="Box"/></concept><concept><code value="100000073499"/><display value="Brush"/></concept><concept><code value="100000073501"/><display value="Cannula"/></concept><concept><code value="100000073559"/><display value="Strip"/></concept><concept><code value="100000073560"/><display value="Tablet container"/></concept><concept><code value="100000075664"/><display value="Administration system"/></concept><concept><code value="100000116196"/><display value="Needle-free injector"/></concept><concept><code value="100000116197"/><display value="Roll-on container"/></concept><concept><code value="100000137702"/><display value="Container"/></concept><concept><code value="100000143554"/><display value="Multidose container with metering pump"/></concept><concept><code value="100000166980"/><display value="Valve"/></concept><concept><code value="200000010647"/><display value="Lid"/></concept><concept><code value="100000173982"/><display value="Oral applicator"/></concept><concept><code value="100000173983"/><display value="Dose dispenser"/></concept><concept><code value="100000174066"/><display value="Unit-dose blister"/></concept><concept><code value="100000174067"/><display value="Pre-filled injector"/></concept><concept><code value="100000174068"/><display value="Pre-filled oral syringe"/></concept><concept><code value="100000174069"/><display value="Pre-filled oral applicator"/></concept><concept><code value="100000174070"/><display value="Dose-dispenser cartridge"/></concept><concept><code value="200000005068"/><display value="Pen"/></concept><concept><code value="100000073514"/><display value="Gas cylinder"/></concept><concept><code value="100000073561"/><display value="Tube"/></concept><concept><code value="200000005585"/><display value="Wrapper"/></concept><concept><code value="100000073504"/><display value="Child-resistant closure"/></concept><concept><code value="100000073549"/><display value="Screw cap"/></concept><concept><code value="100000073557"/><display value="Stopper"/></concept><concept><code value="100000073493"/><display value="Bag"/></concept><concept><code value="100000073503"/><display value="Cartridge"/></concept><concept><code value="100000073537"/><display value="Oral syringe"/></concept><concept><code value="100000125779"/><display value="Multidose container with pump"/></concept><concept><code value="100000073544"/><display value="Pre-filled syringe"/></concept><concept><code value="200000026021"/><display value="Gas cylinder bundle"/></concept><concept><code value="100000163233"/><display value="disk"/></concept><concept><code value="100000163234"/><display value="plunger"/></concept></CodeSystem>