<?xml version="1.0" encoding="UTF-8"?><ValueSet xmlns="http://hl7.org/fhir"><id value="route-of-administration"/><text><status value="generated"/><div xmlns="http://www.w3.org/1999/xhtml"><ul><li>Include these codes as defined in <code>https://standardterms.edqm.eu</code><table class="none"><tr><td style="white-space:nowrap"><b>Code</b></td><td><b>Display</b></td></tr><tr><td>20001000</td><td>Auricular use</td></tr><tr><td>20002000</td><td>Beak dipping</td></tr><tr><td>20002500</td><td>Buccal use</td></tr><tr><td>20003000</td><td>Cutaneous use</td></tr><tr><td>20004000</td><td>Dental use</td></tr><tr><td>20005000</td><td>Dipping</td></tr><tr><td>20006000</td><td>Endocervical use</td></tr><tr><td>20007000</td><td>Endosinusial use</td></tr><tr><td>20008000</td><td>Endotracheopulmonary use</td></tr><tr><td>20009000</td><td>Epidural use</td></tr><tr><td>20010000</td><td>Epilesional use</td></tr><tr><td>20011000</td><td>Extraamniotic use</td></tr><tr><td>20011500</td><td>Extracorporeal use</td></tr><tr><td>20012000</td><td>Foot-stab use</td></tr><tr><td>20013000</td><td>Gastroenteral use</td></tr><tr><td>20013500</td><td>Gastric use</td></tr><tr><td>20014000</td><td>Gingival use</td></tr><tr><td>20015000</td><td>Haemodialysis</td></tr><tr><td>20015500</td><td>Implantation</td></tr><tr><td>20015700</td><td>In drinking water use</td></tr><tr><td>20016000</td><td>In drinking water/milk use</td></tr><tr><td>20017000</td><td>In ovo</td></tr><tr><td>20018000</td><td>In-feed use</td></tr><tr><td>20019000</td><td>In-hive use</td></tr><tr><td>20019500</td><td>Infiltration</td></tr><tr><td>20020000</td><td>Inhalation use</td></tr><tr><td>20021000</td><td>Intestinal use</td></tr><tr><td>20022000</td><td>Intraamniotic use</td></tr><tr><td>20023000</td><td>Intraarterial use</td></tr><tr><td>20024000</td><td>Intraarticular use</td></tr><tr><td>20025000</td><td>Intrabursal use</td></tr><tr><td>20025500</td><td>Intracameral use</td></tr><tr><td>20026000</td><td>Intracardiac use</td></tr><tr><td>20026500</td><td>Intracartilaginous use</td></tr><tr><td>20027000</td><td>Intracavernous use</td></tr><tr><td>20027010</td><td>Intracerebral use</td></tr><tr><td>20028000</td><td>Intracervical use</td></tr><tr><td>20028300</td><td>Intracholangiopancreatic use</td></tr><tr><td>20028500</td><td>Intracisternal use</td></tr><tr><td>20029000</td><td>Intracoronary use</td></tr><tr><td>20030000</td><td>Intradermal use</td></tr><tr><td>20031000</td><td>Intradiscal use</td></tr><tr><td>20031500</td><td>Intraepidermal use</td></tr><tr><td>20031700</td><td>Intraglandular use</td></tr><tr><td>20032000</td><td>Intralesional use</td></tr><tr><td>20033000</td><td>Intralymphatic use</td></tr><tr><td>20034000</td><td>Intramammary use</td></tr><tr><td>20035000</td><td>Intramuscular use</td></tr><tr><td>20036000</td><td>Intraocular use</td></tr><tr><td>20036500</td><td>Intraosseous use</td></tr><tr><td>20037000</td><td>Intrapericardial use</td></tr><tr><td>20038000</td><td>Intraperitoneal use</td></tr><tr><td>20039000</td><td>Intrapleural use</td></tr><tr><td>20039200</td><td>Intraportal use</td></tr><tr><td>20039500</td><td>Intraprostatic use</td></tr><tr><td>20039800</td><td>Intrapulmonary use</td></tr><tr><td>20040000</td><td>Intraruminal use</td></tr><tr><td>20041000</td><td>Intrasternal use</td></tr><tr><td>20042000</td><td>Intrathecal use</td></tr><tr><td>20043000</td><td>Intratumoral use</td></tr><tr><td>20044000</td><td>Intrauterine use</td></tr><tr><td>20045000</td><td>Intravenous use</td></tr><tr><td>20046000</td><td>Intravesical use</td></tr><tr><td>20047000</td><td>Intravitreal use</td></tr><tr><td>20047500</td><td>Iontophoresis</td></tr><tr><td>20048000</td><td>Laryngopharyngeal use</td></tr><tr><td>20048500</td><td>Nail use</td></tr><tr><td>20049000</td><td>Nasal use</td></tr><tr><td>20050000</td><td>Nebulisation use</td></tr><tr><td>20051000</td><td>Ocular use</td></tr><tr><td>20052000</td><td>Oculonasal use</td></tr><tr><td>20053000</td><td>Oral use</td></tr><tr><td>20054000</td><td>Oromucosal use</td></tr><tr><td>20055000</td><td>Oropharyngeal use</td></tr><tr><td>20056000</td><td>Paravertebral use</td></tr><tr><td>20057000</td><td>Periarticular use</td></tr><tr><td>20058000</td><td>Perineural use</td></tr><tr><td>20059000</td><td>Periodontal use</td></tr><tr><td>20059300</td><td>Periosseous use</td></tr><tr><td>20059400</td><td>Peritumoral use</td></tr><tr><td>20059500</td><td>Posterior juxtascleral use</td></tr><tr><td>20060000</td><td>Pour-on use</td></tr><tr><td>20061000</td><td>Rectal use</td></tr><tr><td>20061500</td><td>Retrobulbar use</td></tr><tr><td>20062000</td><td>Route of administration not applicable</td></tr><tr><td>20063000</td><td>Skin scarification</td></tr><tr><td>20064000</td><td>Spot-on use</td></tr><tr><td>20065000</td><td>Subconjunctival use</td></tr><tr><td>20066000</td><td>Subcutaneous use</td></tr><tr><td>20067000</td><td>Sublingual use</td></tr><tr><td>20067500</td><td>Submucosal use</td></tr><tr><td>20068000</td><td>Teat use</td></tr><tr><td>20069000</td><td>Top-dressing use</td></tr><tr><td>20070000</td><td>Transdermal use</td></tr><tr><td>20071000</td><td>Urethral use</td></tr><tr><td>20072000</td><td>Vaginal use</td></tr><tr><td>20073000</td><td>Water-borne use</td></tr><tr><td>20074000</td><td>Wing-web-stab use</td></tr><tr><td>20080000</td><td>Intracerebroventricular use</td></tr><tr><td>20081000</td><td>Subretinal use</td></tr><tr><td>20084000</td><td>Intracorneal use</td></tr><tr><td>20086000</td><td>Intraputaminal use</td></tr><tr><td>20087000</td><td>Extrapleural use</td></tr></table></li></ul><p><b>Additional Language Displays</b></p><table class="codes"><tr><td><b>Code</b></td><td><b>Deutsch (German, de)</b></td><td><b>Greek (el)</b></td><td><b>Spanish (es)</b></td><td><b>French (fr)</b></td><td><b>Italian (it)</b></td><td><b>Portuguese (pt)</b></td></tr><tr><td>20001000</td><td>Anwendung am Ohr</td><td>Ωτική χρήση</td><td>Vía ótica</td><td>Voie auriculaire</td><td>Uso auricolare</td><td>Uso auricular</td></tr><tr><td>20002000</td><td>Eintauchen des Schnabels</td><td>Χορήγηση με εμβάπτιση ράμφους</td><td>Administración por inmersión del pico</td><td>Administration par trempage du bec</td><td>Immersione del becco</td><td>Uso aculear</td></tr><tr><td>20002500</td><td>Buccale Anwendung</td><td>Παρειακή χορήγηση</td><td>Vía bucal</td><td>Voie buccogingivale</td><td>Somministrazione buccale</td><td>Uso bucal</td></tr><tr><td>20003000</td><td>Anwendung auf der Haut</td><td>Δερματική χρήση</td><td>Uso cutáneo</td><td>Voie cutanée</td><td>Uso cutaneo</td><td>Uso cutâneo</td></tr><tr><td>20004000</td><td>dentale Anwendung</td><td>Οδοντική χρήση</td><td>Uso dental</td><td>Voie dentaire</td><td>Uso dentale</td><td>Uso dental</td></tr><tr><td>20005000</td><td>Badebehandlung</td><td>Εμβάπτιση</td><td>Baño</td><td>Trempage</td><td>Immersione</td><td>Banho medicamentoso</td></tr><tr><td>20006000</td><td>endozervikale Anwendung</td><td>Ενδοτραχηλική χρήση</td><td>Vía endocervical</td><td>Voie endocervicale</td><td>Uso endocervicale</td><td>Via endocervical</td></tr><tr><td>20007000</td><td>Anwendung in den Nebenhöhlen</td><td>Ενδορρινοκολπική χρήση</td><td>Vía endosinusal</td><td>Voie endosinusale</td><td>Uso endosinusiale</td><td>Uso endossinusal</td></tr><tr><td>20008000</td><td>endotracheopulmonale Anwendung</td><td>Ενδοτραχειοπνευμονική χρήση</td><td>Vía endotraqueopulmonar</td><td>Voie endotrachéobronchique</td><td>Uso endotracheobronchiale</td><td>Via endotraqueobrônquica</td></tr><tr><td>20009000</td><td>epidurale Anwendung</td><td>Επισκληρίδιος χρήση</td><td>Vía epidural</td><td>Voie péridurale</td><td>Uso epidurale</td><td>Via epidural</td></tr><tr><td>20010000</td><td>zum Auftragen auf die Wunde</td><td>Χρήση επί της βλάβης</td><td>Uso epilesional</td><td>Voie épilésionnelle</td><td>Uso epilesionale</td><td>Uso epilesional</td></tr><tr><td>20011000</td><td>extraamniotische Anwendung</td><td>Εξωαμνιακή χρήση</td><td>Vía extraamniótica</td><td>Voie extra-amniotique</td><td>Uso extra-amniotico</td><td>Via extra-amniótica</td></tr><tr><td>20011500</td><td>extrakorporale Anwendung</td><td>Εξωσωματική χρήση</td><td>Uso extracorporal</td><td>Voie extracorporelle</td><td>Uso extracorporeo</td><td>Uso extracorpóreo</td></tr><tr><td>20012000</td><td>Fussstichapplikation</td><td>Χορήγηση με νύγμα πέλματος</td><td>Punción en la almohadilla plantar</td><td>Administration par transfixion dans les pattes</td><td>Uso podale</td><td>Uso intrapodal</td></tr><tr><td>20013000</td><td>gastrointestinale Anwendung</td><td>Γαστρεντερική χρήση</td><td>Vía gastroentérica</td><td>Voie gastro-entérale</td><td>Uso gastrointestinale</td><td>Via gastroentérica</td></tr><tr><td>20013500</td><td>zur Anwendung mittels Magensonde</td><td>Γαστρική χρήση</td><td>uso gástrico</td><td>Voie gastrique</td><td>Uso gastrico</td><td>Via gástrica</td></tr><tr><td>20014000</td><td>Anwendung am Zahnfleisch</td><td>Χρήση επί των ούλων</td><td>Uso gingival</td><td>Voie gingivale</td><td>Uso gengivale</td><td>Uso gengival</td></tr><tr><td>20015000</td><td>Hämodialyse</td><td>Αιμοδιαπίδυση</td><td>Hemodiálisis</td><td>Hémodialyse</td><td>Emodialisi</td><td>Hemodiálise</td></tr><tr><td>20015500</td><td>zur Implantation</td><td>Εμφύτευση</td><td>Implantación</td><td>Implantation</td><td>Impianto</td><td>Implantação</td></tr><tr><td>20015700</td><td>zum Eingeben über das Trinkwasser</td><td>Χορήγηση με το πόσιμο νερό</td><td>Administración en agua de bebida</td><td>Administration dans l'eau de boisson</td><td>Somministrazione in acqua da bere</td><td>Administração na água de bebida</td></tr><tr><td>20016000</td><td>zum Eingeben über das Trinkwasser/ die Milch</td><td>Χορήγηση με το πόσιμο νερό/γάλα</td><td>Administración en agua de bebida o en leche</td><td>Administration dans l'eau de boisson/ le lait</td><td>Somministrazione in acqua da bere/latte</td><td>Alimento medicamentoso líquido</td></tr><tr><td>20017000</td><td>in das Ei</td><td>in ovo χορήγηση</td><td>In ovo</td><td>In ovo</td><td>In ovo</td><td>Via transcoriónica</td></tr><tr><td>20018000</td><td>zum Eingeben über das Futter</td><td>Χορήγηση εντός τροφής</td><td>Administración en el alimento</td><td>Administration dans l'alimentation</td><td>Somministrazione con il mangime</td><td>Alimento medicamentoso sólido</td></tr><tr><td>20019000</td><td>Anwendung im Bienenstock</td><td>Ενδοκυψελική χρήση</td><td>Uso en las colmenas</td><td>Traitement dans la ruche</td><td>Trattamento in alveare</td><td>Aplicação apícola</td></tr><tr><td>20019500</td><td>Infiltration</td><td>Διήθηση (ιατρ.)</td><td>Infiltración</td><td>Infiltration</td><td>Infiltrazione</td><td>Infiltração</td></tr><tr><td>20020000</td><td>zur Inhalation</td><td>Χρήση δια εισπνοής</td><td>Vía inhalatoria</td><td>Voie inhalée</td><td>Uso inalatorio</td><td>Via inalatoria</td></tr><tr><td>20021000</td><td>intestinale Anwendung</td><td>Εντερική χρήση</td><td>Uso intestinal</td><td>Voie intestinale</td><td>Uso intestinale</td><td>Via intestinal</td></tr><tr><td>20022000</td><td>intraamniotische Anwendung</td><td>Ενδοαμνιακή χρήση</td><td>Vía intraamniótica</td><td>Voie intraamniotique</td><td>Uso intra-amniotico</td><td>Via intra-amniótica</td></tr><tr><td>20023000</td><td>intraarterielle Anwendung</td><td>Ενδοαρτηριακή χρήση</td><td>Vía intraarterial</td><td>Voie intraartérielle</td><td>Uso endoarterioso</td><td>Via intra-arterial</td></tr><tr><td>20024000</td><td>intraartikuläre Anwendung</td><td>Ενδοαρθρική χρήση</td><td>Vía intraarticular</td><td>Voie intraarticulaire</td><td>Uso intra-articolare</td><td>Via intra-articular</td></tr><tr><td>20025000</td><td>intrabursale Anwendung</td><td>Ενδοθυλακική χρήση</td><td>Vía intrasinovial</td><td>Voie intrabursale</td><td>Uso intrabursale</td><td>Via intrassinovial</td></tr><tr><td>20025500</td><td>intrakamerale Anwendung</td><td>Χορήγηση ενδοθαλαμική στον οφθαλμικό</td><td>Uso intracameral</td><td>Voie intracamérulaire</td><td>Uso intracamerale</td><td>Via Intracameral</td></tr><tr><td>20026000</td><td>intracardiale Anwendung</td><td>Ενδοκαρδιακή χρήση</td><td>Vía intracardiaca</td><td>Voie intracardiaque</td><td>Uso intracardiaco</td><td>Via intracardíaca</td></tr><tr><td>20026500</td><td>intrakartilaginäre Anwendung</td><td>Ενδοχόνδρειος χορήγηση</td><td>Uso intracartilaginoso</td><td>Voie intracartilagineuse</td><td>Uso intracartilagineo</td><td>Via intracartilaginosa</td></tr><tr><td>20027000</td><td>intrakavernöse Anwendung</td><td>Ενδοσηραγγική χρήση</td><td>Vía intracavernosa</td><td>Voie intracaverneuse</td><td>Uso intracavernoso</td><td>Via intracavernosa</td></tr><tr><td>20027010</td><td>Intrazerebrale Anwendung</td><td>Ενδοεγκεφαλική χρήση</td><td>VÍA INTRACEREBRAL</td><td>Voie intracérébrale</td><td>Uso intracerebrale</td><td>Via intracerebral</td></tr><tr><td>20028000</td><td>intrazervikale Anwendung</td><td>Ενδοτραχηλική χρήση</td><td>Vía intracervical</td><td>Voie intracervicale</td><td>Uso intracervicale</td><td>Via intracervical</td></tr><tr><td>20028300</td><td>zur Anwendung in der Cholangiopankreatikographie</td><td>Ενδοχολαγγειοπαγκρεατική χρήση</td><td>Uso intracolangiopancreático</td><td>Voie intracholangiopancréatique</td><td>Uso intracolangiopancreatico</td><td>Via intracolangiopancreática</td></tr><tr><td>20028500</td><td>intracisternale Anwendung</td><td>Χορήγηση ενδοκοιλιακή στο κεντρικό νευρικό σύστημα</td><td>Uso intracisternal</td><td>Voie intracisternale</td><td>Uso intracisternale</td><td>Via intracisternal</td></tr><tr><td>20029000</td><td>intrakoronare Anwendung</td><td>Ενδοστεφανιαία χρήση</td><td>Vía intracoronaria</td><td>Voie intracoronaire</td><td>Uso intracoronarico</td><td>Via intracoronária</td></tr><tr><td>20030000</td><td>intradermale Anwendung</td><td>Ενδοδερμική χρήση</td><td>Vía intradérmica</td><td>Voie intradermique</td><td>Uso intradermico</td><td>Via intradérmica</td></tr><tr><td>20031000</td><td>intradiskale Anwendung</td><td>Ενδομεσοσπονδύλια χρήση</td><td>Vía intradiscal</td><td>Voie intradiscale</td><td>Uso intradiscale</td><td>Via intradiscal</td></tr><tr><td>20031500</td><td>intraepidermale Anwendung</td><td>Ενδοεπιδερμική χρήση</td><td>Vía intraepidérmica</td><td>Voie intraépidermique</td><td>Uso intraepidermico</td><td>Via intraepidérmica</td></tr><tr><td>20031700</td><td>intraglanduläre Anwendung</td><td>Ενδοαδενική χρήση</td><td>Uso intraglandular</td><td>Voie intraglandulaire</td><td>Uso intraghiandolare</td><td>Via intraglandular</td></tr><tr><td>20032000</td><td>intraläsionale Anwendung</td><td>Ενδοβλαβική χρήση</td><td>Vía intralesional</td><td>Voie intralésionnelle</td><td>Uso intralesionale</td><td>Uso intralesional</td></tr><tr><td>20033000</td><td>intralymphatische Anwendung</td><td>Ενδολεμφαγγειακή χρήση</td><td>Vía intralinfática</td><td>Voie intralymphatique</td><td>Uso intralinfatico</td><td>Via intralinfática</td></tr><tr><td>20034000</td><td>intramammäre Anwendung</td><td>Ενδομαστική οδός</td><td>Vía intramamaria</td><td>Voie intramammaire</td><td>Per uso intramammario</td><td>Via intramamária</td></tr><tr><td>20035000</td><td>intramuskuläre Anwendung</td><td>Ενδομυική χρήση</td><td>Vía intramuscular</td><td>Voie intramusculaire</td><td>Uso intramuscolare</td><td>Via intramuscular</td></tr><tr><td>20036000</td><td>intraokulare Anwendung</td><td>Ενδοφθάλμια χορήγηση</td><td>Vía intraocular</td><td>Voie intraoculaire</td><td>Uso intraoculare</td><td>Uso intraocular</td></tr><tr><td>20036500</td><td>intraossäre Anwendung</td><td>Ενδοοστική χρήση</td><td>Vía intraósea</td><td>Voie intraosseuse</td><td>Uso intraosseo</td><td>Uso intraósseo</td></tr><tr><td>20037000</td><td>Intraperikardial</td><td>Ενδοπερικαρδιακή χρήση</td><td>Vía intrapericárdica</td><td>Voie intrapéricardiaque</td><td>Uso intrapericardico</td><td>Via intrapericárdica</td></tr><tr><td>20038000</td><td>intraperitoneale Anwendung</td><td>Ενδοπεριτοναϊκή χρήση</td><td>Vía intraperitoneal</td><td>Voie intrapéritonéale</td><td>Uso intraperitoneale</td><td>Via intraperitoneal</td></tr><tr><td>20039000</td><td>intrapleurale Anwendung</td><td>Ενδοϋπεζωκοτική χρήση</td><td>Vía intrapleural</td><td>Voie intrapleurale</td><td>Uso intrapleurico</td><td>Via intrapleural</td></tr><tr><td>20039200</td><td>intraportale Anwendung</td><td>Ενδοπυλαία χρήση</td><td>Uso intraportal</td><td>Voie intraportale</td><td>Uso intraportale</td><td>Via intraportal</td></tr><tr><td>20039500</td><td>intraprostatische Anwendung</td><td>Ενδοπροστατική χρήση</td><td>Uso intraprostático</td><td>Voie intraprostatique</td><td>Uso intraprostatico</td><td>Via intraprostática</td></tr><tr><td>20039800</td><td>intrapulmonale Anwendung</td><td>Ενδοπνευμονική χρήση</td><td>Uso intrapulmonar</td><td>Voie intrabronchique</td><td>Uso intrabronchiale</td><td>Via intrapulmonar</td></tr><tr><td>20040000</td><td>intraruminale Anwendung</td><td>Ενδομεγαλοκοιλιοκή χρήση</td><td>Vía intrarruminal</td><td>Voie intraruminale</td><td>Per uso intraruminale</td><td>Via intrarruminal</td></tr><tr><td>20041000</td><td>intrasternale Anwendung</td><td>Ενδοστερνική χρήση</td><td>Vía intraesternal</td><td>Voie intrasternale</td><td>Uso intrasternale</td><td>Via intraesternal</td></tr><tr><td>20042000</td><td>intrathekale Anwendung</td><td>Ενδορραχιαία χρήση</td><td>Vía intratecal</td><td>Voie intrathécale</td><td>Uso intratecale</td><td>Via intratecal</td></tr><tr><td>20043000</td><td>intratumorale Anwendung</td><td>Ενδοογκική χρήση</td><td>Vía intratumoral</td><td>Voie intratumorale</td><td>Uso intratumorale</td><td>Via intratumoral</td></tr><tr><td>20044000</td><td>intrauterine Anwendung</td><td>Ενδομήτρια χρήση</td><td>Vía intrauterina</td><td>Voie intra-utérine</td><td>Uso intrauterino</td><td>Via intrauterina</td></tr><tr><td>20045000</td><td>intravenöse Anwendung</td><td>Ενδοφλέβια χρήση</td><td>Vía intravenosa</td><td>Voie intraveineuse</td><td>Uso endovenoso</td><td>Via intravenosa</td></tr><tr><td>20046000</td><td>intravesikale Anwendung</td><td>Ενδοκυστική χρήση</td><td>Vía intravesical</td><td>Voie intravésicale</td><td>Uso endovescicale</td><td>Via intravesical</td></tr><tr><td>20047000</td><td>intravitreale Anwendung</td><td>Ενδοϋαλωδης χορήγηση</td><td>Vía intravítrea</td><td>Voie intravitréenne</td><td>Uso intravitreo</td><td>Uso intravítreo</td></tr><tr><td>20047500</td><td>zur Iontophorese</td><td>Ιοντοφόρηση</td><td>Iontoforesis</td><td>Iontophorèse</td><td>Iontoforesi</td><td>Iontoforese</td></tr><tr><td>20048000</td><td>zur Anwendung im Rachen und am Kehlkopf</td><td>Λαρυγγοφαρυγγική χρήση</td><td>Uso laringofaríngeo</td><td>Voie laryngopharyngée</td><td>Uso laringofaringeo</td><td>Uso laringofaríngeo</td></tr><tr><td>20048500</td><td></td><td></td><td></td><td></td><td></td><td></td></tr><tr><td>20049000</td><td>nasale Anwendung</td><td>Ρινική χρήση</td><td>Vía nasal</td><td>Voie nasale</td><td>Uso nasale</td><td>Via nasal</td></tr><tr><td>20050000</td><td>zum Vernebeln</td><td>Χορήγηση με εκνέφωση</td><td>Nebulización</td><td>Administration par nébulisation</td><td>Nebulizzazione</td><td>Nebulização</td></tr><tr><td>20051000</td><td>Anwendung am Auge</td><td>Οφθαλμική χρήση</td><td>Vía oftálmica</td><td>Voie ophtalmique</td><td>Uso oftalmico</td><td>Uso oftálmico</td></tr><tr><td>20052000</td><td>okulonasale Anwendung</td><td>Οφθαλμορρινική ενστάλλαξη</td><td>Vía oculonasal</td><td>Voie oculonasale</td><td>Per uso oculonasale</td><td>Via oculonasal</td></tr><tr><td>20053000</td><td>zum Einnehmen</td><td>Από στόματος χρήση</td><td>Vía oral</td><td>Voie orale</td><td>Uso orale</td><td>Via oral</td></tr><tr><td>20054000</td><td>Anwendung in der Mundhöhle</td><td>Χρήση στο στοματικό βλεννογόνο</td><td>Vía bucal</td><td>Voie buccale</td><td>Per mucosa orale</td><td>Via bucal</td></tr><tr><td>20055000</td><td>zur Anwendung im Mund- und Rachenraum</td><td>Στοματοφαρυγγική χρήση</td><td>Uso bucofaríngeo</td><td>Voie oropharyngée</td><td>Uso orofaringeo</td><td>Uso orofaríngeo</td></tr><tr><td>20056000</td><td>paravertebrale Anwendung</td><td>Παρασπονδυλική χρήση</td><td>Vía paravertebral</td><td>Voie paravertébrale</td><td>Uso paravertebrale</td><td>Via paravertebral</td></tr><tr><td>20057000</td><td>periartikuläre Anwendung</td><td>Περιαρθρική χρήση</td><td>Vía periarticular</td><td>Voie périarticulaire</td><td>Uso periarticolare</td><td>Via periarticular</td></tr><tr><td>20058000</td><td>perineurale Anwendung</td><td>Περινευρική χρήση</td><td>Vía perineural</td><td>Voie périneurale</td><td>Uso perineurale</td><td>Via perineural</td></tr><tr><td>20059000</td><td>periodontale Anwendung</td><td>Περιοδοντική χρήση</td><td>Uso periodontal</td><td>Voie périodontale</td><td>Uso periodontale</td><td>Uso periodontal</td></tr><tr><td>20059300</td><td>periossäre Anwendung</td><td>Περιοστική χρήση</td><td>Uso perióseo</td><td>Voie périosseuse</td><td>Uso periosseo</td><td>Via perióssea</td></tr><tr><td>20059400</td><td>peritumorale Anwendung</td><td>Περιογκική χρήση</td><td>Uso peritumoral</td><td>Voie péritumorale</td><td>Uso peritumorale</td><td>Via peritumoral</td></tr><tr><td>20059500</td><td>posteriore juxtasclerale Anwendung</td><td>Χρήση στο οπίσθιο μέρος του σκληρού χιτώνα</td><td>Vía yuxtaescleral posterior</td><td>Voie juxta-sclérale postérieure</td><td>Uso iuxtasclerale posteriore</td><td>Via justa-escleral posterior</td></tr><tr><td>20060000</td><td>Übergießen</td><td>Επίχυση</td><td>Unción dorsal continua</td><td>Pour-on</td><td>Pour-on</td><td>Unção contínua</td></tr><tr><td>20061000</td><td>rektale Anwendung</td><td>Ορθική χρήση</td><td>Vía rectal</td><td>Voie rectale</td><td>Uso rettale</td><td>Via retal</td></tr><tr><td>20061500</td><td>retrobulbäre Anwendung</td><td>Οπισθοβολβική χρήση</td><td>Uso retrobulbar</td><td>Voie rétrobulbaire</td><td>Uso retrobulbare</td><td>Via retrobulbar</td></tr><tr><td>20062000</td><td>Art der Anwendung nicht spezifizierbar</td><td>Οδός χορήγησης μη εφαρμοζόμενη ή μη εξειδικευόμενη</td><td>Otra vía</td><td>Autre(s)</td><td>Via di somministrazione non specificabile</td><td>Via de administração não especificada</td></tr><tr><td>20063000</td><td>Einritzen der Haut</td><td>Σκαριφισμός</td><td>Escarificación</td><td>Scarification</td><td>Scarificazione</td><td>Escarificação</td></tr><tr><td>20064000</td><td>Auftropfen</td><td>Επίχυση σε σημείο</td><td>Unción dorsal puntual</td><td>Spot-on</td><td>Spot-on</td><td>Unção punctiforme</td></tr><tr><td>20065000</td><td>subkonjunktivale Anwendung</td><td>Υποεπιπεφυκωτική χρήση</td><td>Vía subconjuntival</td><td>Voie sous-conjonctivale</td><td>Uso subcongiuntivale</td><td>Via subconjuntival</td></tr><tr><td>20066000</td><td>subkutane Anwendung</td><td>Υποδόρια χρήση</td><td>Vía subcutánea</td><td>Voie sous-cutanée</td><td>Uso sottocutaneo</td><td>Via subcutânea</td></tr><tr><td>20067000</td><td>Sublingual</td><td>Υπογλώσσια χρήοη</td><td>Vía sublingual</td><td>Voie sublinguale</td><td>Uso sublinguale</td><td>Via sublingual</td></tr><tr><td>20067500</td><td>submuköse Anwendung</td><td>Υποβλεννογόνειος χορήγηση</td><td>Vía submucosal</td><td>Voie sous-muqueuse</td><td>Uso sottomucosale</td><td>Via submucosa</td></tr><tr><td>20068000</td><td>Zitzenbehandlung</td><td>Θηλαία χρήση</td><td>Uso mamario externo</td><td>Administration mammaire</td><td>Uso mammario</td><td>Uso mamário externo</td></tr><tr><td>20069000</td><td>Aufstreuen auf das Futter</td><td>Χορήγηση με επίπαση πάνω στην τροφή</td><td>Administración sobre el alimento</td><td>Administration par saupoudrage sur l'alimentation</td><td>Somministrazione mediante dispersione superficiale sugli alimenti</td><td>Dispersão superficial no alimento</td></tr><tr><td>20070000</td><td>transdermale Anwendung</td><td>Διαδερμική χρήση</td><td>Vía transdérmica</td><td>Voie transdermique</td><td>Uso transdermico</td><td>Via transdérmica</td></tr><tr><td>20071000</td><td>Anwendung in der Harnröhre</td><td>Ουρηθρική χρήση</td><td>Vía uretral</td><td>Voie urétrale</td><td>Uso uretrale</td><td>Via uretral</td></tr><tr><td>20072000</td><td>vaginale Anwendung</td><td>Κολπική χρήση</td><td>Vía vaginal</td><td>Voie vaginale</td><td>Uso vaginale</td><td>Uso vaginal</td></tr><tr><td>20073000</td><td>Anwendung im Wasser</td><td>Διυδατική χρήση</td><td>Uso en el medio acuático</td><td>Balnéation dans l'eau</td><td>Trattamento per immersione</td><td>Uso no meio aquático</td></tr><tr><td>20074000</td><td>Flügelstichapplikation</td><td>Χορήγηση με νύγμα πτέρυγας</td><td>Punción en la membrana del ala</td><td>Administration par transfixion</td><td>Puntura alare</td><td>Inoculação alar</td></tr><tr><td>20080000</td><td>intracerebroventrikuläre Anwendung</td><td>Ενδοεγκεφαλοκοιλιακή χρήση</td><td>Vía intracerebroventricular</td><td>Voie intracérébroventriculaire</td><td>Uso intracerebroventricolare</td><td>Via intracerebroventricular</td></tr><tr><td>20081000</td><td>subretinale Anwendung</td><td>Υπαμφιβληστροειδική χρήση</td><td>Uso subretinal</td><td>Voie subrétinale</td><td>Uso sottoretinico</td><td>Via subretiniana</td></tr><tr><td>20084000</td><td>intracorneale Anwendung</td><td></td><td>Vía intracorneal</td><td>Voie intracornéenne</td><td>Uso intracorneale</td><td>Via intracorneal</td></tr><tr><td>20086000</td><td>Intraputaminale Anwendung</td><td></td><td>Vía intraputaminal</td><td></td><td>Intraputaminale</td><td>Via intraputaminal</td></tr><tr><td>20087000</td><td>extrapleurale Anwendung</td><td></td><td>Vía extrapleural</td><td>Voie extrapleurale</td><td>Uso extrapleurico</td><td>Via extrapleural</td></tr></table></div></text><url value="http://unicom-project.eu/fhir/ValueSet/route-of-administration"/><version value="0.1.0"/><name value="RouteOfAdministration"/><title value="Route of administration"/><status value="active"/><experimental value="false"/><date value="2023-02-03T15:45:39+00:00"/><publisher value="UNICOM"/><contact><name value="UNICOM"/><telecom><system value="url"/><value value="http://unicom-project.eu"/></telecom></contact><description value="ValueSet Route of administration from EDQM, ROA, see https://standardterms.edqm.eu/#"/><immutable value="false"/><compose><include><system value="https://standardterms.edqm.eu"/><concept><code value="20001000"/><display value="Auricular use"/><designation><language value="de"/><value value="Anwendung am Ohr"/></designation><designation><language value="el"/><value value="Ωτική χρήση"/></designation><designation><language value="es"/><value value="Vía ótica"/></designation><designation><language value="fr"/><value value="Voie auriculaire"/></designation><designation><language value="it"/><value value="Uso auricolare"/></designation><designation><language value="pt"/><value value="Uso auricular"/></designation></concept><concept><code value="20002000"/><display value="Beak dipping"/><designation><language value="de"/><value value="Eintauchen des Schnabels"/></designation><designation><language value="el"/><value value="Χορήγηση με εμβάπτιση ράμφους"/></designation><designation><language value="es"/><value value="Administración por inmersión del pico"/></designation><designation><language value="fr"/><value value="Administration par trempage du bec"/></designation><designation><language value="it"/><value value="Immersione del becco"/></designation><designation><language value="pt"/><value value="Uso aculear"/></designation></concept><concept><code value="20002500"/><display value="Buccal use"/><designation><language value="de"/><value value="Buccale Anwendung"/></designation><designation><language value="el"/><value value="Παρειακή χορήγηση"/></designation><designation><language value="es"/><value value="Vía bucal"/></designation><designation><language value="fr"/><value value="Voie buccogingivale"/></designation><designation><language value="it"/><value value="Somministrazione buccale"/></designation><designation><language value="pt"/><value value="Uso bucal"/></designation></concept><concept><code value="20003000"/><display value="Cutaneous use"/><designation><language value="de"/><value value="Anwendung auf der Haut"/></designation><designation><language value="el"/><value value="Δερματική χρήση"/></designation><designation><language value="es"/><value value="Uso cutáneo"/></designation><designation><language value="fr"/><value value="Voie cutanée"/></designation><designation><language value="it"/><value value="Uso cutaneo"/></designation><designation><language value="pt"/><value value="Uso cutâneo"/></designation></concept><concept><code value="20004000"/><display value="Dental use"/><designation><language value="de"/><value value="dentale Anwendung"/></designation><designation><language value="el"/><value value="Οδοντική χρήση"/></designation><designation><language value="es"/><value value="Uso dental"/></designation><designation><language value="fr"/><value value="Voie dentaire"/></designation><designation><language value="it"/><value value="Uso dentale"/></designation><designation><language value="pt"/><value value="Uso dental"/></designation></concept><concept><code value="20005000"/><display value="Dipping"/><designation><language value="de"/><value value="Badebehandlung"/></designation><designation><language value="el"/><value value="Εμβάπτιση"/></designation><designation><language value="es"/><value value="Baño"/></designation><designation><language value="fr"/><value value="Trempage"/></designation><designation><language value="it"/><value value="Immersione"/></designation><designation><language value="pt"/><value value="Banho medicamentoso"/></designation></concept><concept><code value="20006000"/><display value="Endocervical use"/><designation><language value="de"/><value value="endozervikale Anwendung"/></designation><designation><language value="el"/><value value="Ενδοτραχηλική χρήση"/></designation><designation><language value="es"/><value value="Vía endocervical"/></designation><designation><language value="fr"/><value value="Voie endocervicale"/></designation><designation><language value="it"/><value value="Uso endocervicale"/></designation><designation><language value="pt"/><value value="Via endocervical"/></designation></concept><concept><code value="20007000"/><display value="Endosinusial use"/><designation><language value="de"/><value value="Anwendung in den Nebenhöhlen"/></designation><designation><language value="el"/><value value="Ενδορρινοκολπική χρήση"/></designation><designation><language value="es"/><value value="Vía endosinusal"/></designation><designation><language value="fr"/><value value="Voie endosinusale"/></designation><designation><language value="it"/><value value="Uso endosinusiale"/></designation><designation><language value="pt"/><value value="Uso endossinusal"/></designation></concept><concept><code value="20008000"/><display value="Endotracheopulmonary use"/><designation><language value="de"/><value value="endotracheopulmonale Anwendung"/></designation><designation><language value="el"/><value value="Ενδοτραχειοπνευμονική χρήση"/></designation><designation><language value="es"/><value value="Vía endotraqueopulmonar"/></designation><designation><language value="fr"/><value value="Voie endotrachéobronchique"/></designation><designation><language value="it"/><value value="Uso endotracheobronchiale"/></designation><designation><language value="pt"/><value value="Via endotraqueobrônquica"/></designation></concept><concept><code value="20009000"/><display value="Epidural use"/><designation><language value="de"/><value value="epidurale Anwendung"/></designation><designation><language value="el"/><value value="Επισκληρίδιος χρήση"/></designation><designation><language value="es"/><value value="Vía epidural"/></designation><designation><language value="fr"/><value value="Voie péridurale"/></designation><designation><language value="it"/><value value="Uso epidurale"/></designation><designation><language value="pt"/><value value="Via epidural"/></designation></concept><concept><code value="20010000"/><display value="Epilesional use"/><designation><language value="de"/><value value="zum Auftragen auf die Wunde"/></designation><designation><language value="el"/><value value="Χρήση επί της βλάβης"/></designation><designation><language value="es"/><value value="Uso epilesional"/></designation><designation><language value="fr"/><value value="Voie épilésionnelle"/></designation><designation><language value="it"/><value value="Uso epilesionale"/></designation><designation><language value="pt"/><value value="Uso epilesional"/></designation></concept><concept><code value="20011000"/><display value="Extraamniotic use"/><designation><language value="de"/><value value="extraamniotische Anwendung"/></designation><designation><language value="el"/><value value="Εξωαμνιακή χρήση"/></designation><designation><language value="es"/><value value="Vía extraamniótica"/></designation><designation><language value="fr"/><value value="Voie extra-amniotique"/></designation><designation><language value="it"/><value value="Uso extra-amniotico"/></designation><designation><language value="pt"/><value value="Via extra-amniótica"/></designation></concept><concept><code value="20011500"/><display value="Extracorporeal use"/><designation><language value="de"/><value value="extrakorporale Anwendung"/></designation><designation><language value="el"/><value value="Εξωσωματική χρήση"/></designation><designation><language value="es"/><value value="Uso extracorporal"/></designation><designation><language value="fr"/><value value="Voie extracorporelle"/></designation><designation><language value="it"/><value value="Uso extracorporeo"/></designation><designation><language value="pt"/><value value="Uso extracorpóreo"/></designation></concept><concept><code value="20012000"/><display value="Foot-stab use"/><designation><language value="de"/><value value="Fussstichapplikation"/></designation><designation><language value="el"/><value value="Χορήγηση με νύγμα πέλματος"/></designation><designation><language value="es"/><value value="Punción en la almohadilla plantar"/></designation><designation><language value="fr"/><value value="Administration par transfixion dans les pattes"/></designation><designation><language value="it"/><value value="Uso podale"/></designation><designation><language value="pt"/><value value="Uso intrapodal"/></designation></concept><concept><code value="20013000"/><display value="Gastroenteral use"/><designation><language value="de"/><value value="gastrointestinale Anwendung"/></designation><designation><language value="el"/><value value="Γαστρεντερική χρήση"/></designation><designation><language value="es"/><value value="Vía gastroentérica"/></designation><designation><language value="fr"/><value value="Voie gastro-entérale"/></designation><designation><language value="it"/><value value="Uso gastrointestinale"/></designation><designation><language value="pt"/><value value="Via gastroentérica"/></designation></concept><concept><code value="20013500"/><display value="Gastric use"/><designation><language value="de"/><value value="zur Anwendung mittels Magensonde"/></designation><designation><language value="el"/><value value="Γαστρική χρήση"/></designation><designation><language value="es"/><value value="uso gástrico"/></designation><designation><language value="fr"/><value value="Voie gastrique"/></designation><designation><language value="it"/><value value="Uso gastrico"/></designation><designation><language value="pt"/><value value="Via gástrica"/></designation></concept><concept><code value="20014000"/><display value="Gingival use"/><designation><language value="de"/><value value="Anwendung am Zahnfleisch"/></designation><designation><language value="el"/><value value="Χρήση επί των ούλων"/></designation><designation><language value="es"/><value value="Uso gingival"/></designation><designation><language value="fr"/><value value="Voie gingivale"/></designation><designation><language value="it"/><value value="Uso gengivale"/></designation><designation><language value="pt"/><value value="Uso gengival"/></designation></concept><concept><code value="20015000"/><display value="Haemodialysis"/><designation><language value="de"/><value value="Hämodialyse"/></designation><designation><language value="el"/><value value="Αιμοδιαπίδυση"/></designation><designation><language value="es"/><value value="Hemodiálisis"/></designation><designation><language value="fr"/><value value="Hémodialyse"/></designation><designation><language value="it"/><value value="Emodialisi"/></designation><designation><language value="pt"/><value value="Hemodiálise"/></designation></concept><concept><code value="20015500"/><display value="Implantation"/><designation><language value="de"/><value value="zur Implantation"/></designation><designation><language value="el"/><value value="Εμφύτευση"/></designation><designation><language value="es"/><value value="Implantación"/></designation><designation><language value="fr"/><value value="Implantation"/></designation><designation><language value="it"/><value value="Impianto"/></designation><designation><language value="pt"/><value value="Implantação"/></designation></concept><concept><code value="20015700"/><display value="In drinking water use"/><designation><language value="de"/><value value="zum Eingeben über das Trinkwasser"/></designation><designation><language value="el"/><value value="Χορήγηση με το πόσιμο νερό"/></designation><designation><language value="es"/><value value="Administración en agua de bebida"/></designation><designation><language value="fr"/><value value="Administration dans l'eau de boisson"/></designation><designation><language value="it"/><value value="Somministrazione in acqua da bere"/></designation><designation><language value="pt"/><value value="Administração na água de bebida"/></designation></concept><concept><code value="20016000"/><display value="In drinking water/milk use"/><designation><language value="de"/><value value="zum Eingeben über das Trinkwasser/ die Milch"/></designation><designation><language value="el"/><value value="Χορήγηση με το πόσιμο νερό/γάλα"/></designation><designation><language value="es"/><value value="Administración en agua de bebida o en leche"/></designation><designation><language value="fr"/><value value="Administration dans l'eau de boisson/ le lait"/></designation><designation><language value="it"/><value value="Somministrazione in acqua da bere/latte"/></designation><designation><language value="pt"/><value value="Alimento medicamentoso líquido"/></designation></concept><concept><code value="20017000"/><display value="In ovo"/><designation><language value="de"/><value value="in das Ei"/></designation><designation><language value="el"/><value value="in ovo χορήγηση"/></designation><designation><language value="es"/><value value="In ovo"/></designation><designation><language value="fr"/><value value="In ovo"/></designation><designation><language value="it"/><value value="In ovo"/></designation><designation><language value="pt"/><value value="Via transcoriónica"/></designation></concept><concept><code value="20018000"/><display value="In-feed use"/><designation><language value="de"/><value value="zum Eingeben über das Futter"/></designation><designation><language value="el"/><value value="Χορήγηση εντός τροφής"/></designation><designation><language value="es"/><value value="Administración en el alimento"/></designation><designation><language value="fr"/><value value="Administration dans l'alimentation"/></designation><designation><language value="it"/><value value="Somministrazione con il mangime"/></designation><designation><language value="pt"/><value value="Alimento medicamentoso sólido"/></designation></concept><concept><code value="20019000"/><display value="In-hive use"/><designation><language value="de"/><value value="Anwendung im Bienenstock"/></designation><designation><language value="el"/><value value="Ενδοκυψελική χρήση"/></designation><designation><language value="es"/><value value="Uso en las colmenas"/></designation><designation><language value="fr"/><value value="Traitement dans la ruche"/></designation><designation><language value="it"/><value value="Trattamento in alveare"/></designation><designation><language value="pt"/><value value="Aplicação apícola"/></designation></concept><concept><code value="20019500"/><display value="Infiltration"/><designation><language value="de"/><value value="Infiltration"/></designation><designation><language value="el"/><value value="Διήθηση (ιατρ.)"/></designation><designation><language value="es"/><value value="Infiltración"/></designation><designation><language value="fr"/><value value="Infiltration"/></designation><designation><language value="it"/><value value="Infiltrazione"/></designation><designation><language value="pt"/><value value="Infiltração"/></designation></concept><concept><code value="20020000"/><display value="Inhalation use"/><designation><language value="de"/><value value="zur Inhalation"/></designation><designation><language value="el"/><value value="Χρήση δια εισπνοής"/></designation><designation><language value="es"/><value value="Vía inhalatoria"/></designation><designation><language value="fr"/><value value="Voie inhalée"/></designation><designation><language value="it"/><value value="Uso inalatorio"/></designation><designation><language value="pt"/><value value="Via inalatoria"/></designation></concept><concept><code value="20021000"/><display value="Intestinal use"/><designation><language value="de"/><value value="intestinale Anwendung"/></designation><designation><language value="el"/><value value="Εντερική χρήση"/></designation><designation><language value="es"/><value value="Uso intestinal"/></designation><designation><language value="fr"/><value value="Voie intestinale"/></designation><designation><language value="it"/><value value="Uso intestinale"/></designation><designation><language value="pt"/><value value="Via intestinal"/></designation></concept><concept><code value="20022000"/><display value="Intraamniotic use"/><designation><language value="de"/><value value="intraamniotische Anwendung"/></designation><designation><language value="el"/><value value="Ενδοαμνιακή χρήση"/></designation><designation><language value="es"/><value value="Vía intraamniótica"/></designation><designation><language value="fr"/><value value="Voie intraamniotique"/></designation><designation><language value="it"/><value value="Uso intra-amniotico"/></designation><designation><language value="pt"/><value value="Via intra-amniótica"/></designation></concept><concept><code value="20023000"/><display value="Intraarterial use"/><designation><language value="de"/><value value="intraarterielle Anwendung"/></designation><designation><language value="el"/><value value="Ενδοαρτηριακή χρήση"/></designation><designation><language value="es"/><value value="Vía intraarterial"/></designation><designation><language value="fr"/><value value="Voie intraartérielle"/></designation><designation><language value="it"/><value value="Uso endoarterioso"/></designation><designation><language value="pt"/><value value="Via intra-arterial"/></designation></concept><concept><code value="20024000"/><display value="Intraarticular use"/><designation><language value="de"/><value value="intraartikuläre Anwendung"/></designation><designation><language value="el"/><value value="Ενδοαρθρική χρήση"/></designation><designation><language value="es"/><value value="Vía intraarticular"/></designation><designation><language value="fr"/><value value="Voie intraarticulaire"/></designation><designation><language value="it"/><value value="Uso intra-articolare"/></designation><designation><language value="pt"/><value value="Via intra-articular"/></designation></concept><concept><code value="20025000"/><display value="Intrabursal use"/><designation><language value="de"/><value value="intrabursale Anwendung"/></designation><designation><language value="el"/><value value="Ενδοθυλακική χρήση"/></designation><designation><language value="es"/><value value="Vía intrasinovial"/></designation><designation><language value="fr"/><value value="Voie intrabursale"/></designation><designation><language value="it"/><value value="Uso intrabursale"/></designation><designation><language value="pt"/><value value="Via intrassinovial"/></designation></concept><concept><code value="20025500"/><display value="Intracameral use"/><designation><language value="de"/><value value="intrakamerale Anwendung"/></designation><designation><language value="el"/><value value="Χορήγηση ενδοθαλαμική στον οφθαλμικό"/></designation><designation><language value="es"/><value value="Uso intracameral"/></designation><designation><language value="fr"/><value value="Voie intracamérulaire"/></designation><designation><language value="it"/><value value="Uso intracamerale"/></designation><designation><language value="pt"/><value value="Via Intracameral"/></designation></concept><concept><code value="20026000"/><display value="Intracardiac use"/><designation><language value="de"/><value value="intracardiale Anwendung"/></designation><designation><language value="el"/><value value="Ενδοκαρδιακή χρήση"/></designation><designation><language value="es"/><value value="Vía intracardiaca"/></designation><designation><language value="fr"/><value value="Voie intracardiaque"/></designation><designation><language value="it"/><value value="Uso intracardiaco"/></designation><designation><language value="pt"/><value value="Via intracardíaca"/></designation></concept><concept><code value="20026500"/><display value="Intracartilaginous use"/><designation><language value="de"/><value value="intrakartilaginäre Anwendung"/></designation><designation><language value="el"/><value value="Ενδοχόνδρειος χορήγηση"/></designation><designation><language value="es"/><value value="Uso intracartilaginoso"/></designation><designation><language value="fr"/><value value="Voie intracartilagineuse"/></designation><designation><language value="it"/><value value="Uso intracartilagineo"/></designation><designation><language value="pt"/><value value="Via intracartilaginosa"/></designation></concept><concept><code value="20027000"/><display value="Intracavernous use"/><designation><language value="de"/><value value="intrakavernöse Anwendung"/></designation><designation><language value="el"/><value value="Ενδοσηραγγική χρήση"/></designation><designation><language value="es"/><value value="Vía intracavernosa"/></designation><designation><language value="fr"/><value value="Voie intracaverneuse"/></designation><designation><language value="it"/><value value="Uso intracavernoso"/></designation><designation><language value="pt"/><value value="Via intracavernosa"/></designation></concept><concept><code value="20027010"/><display value="Intracerebral use"/><designation><language value="de"/><value value="Intrazerebrale Anwendung"/></designation><designation><language value="el"/><value value="Ενδοεγκεφαλική χρήση"/></designation><designation><language value="es"/><value value="VÍA INTRACEREBRAL"/></designation><designation><language value="fr"/><value value="Voie intracérébrale"/></designation><designation><language value="it"/><value value="Uso intracerebrale"/></designation><designation><language value="pt"/><value value="Via intracerebral"/></designation></concept><concept><code value="20028000"/><display value="Intracervical use"/><designation><language value="de"/><value value="intrazervikale Anwendung"/></designation><designation><language value="el"/><value value="Ενδοτραχηλική χρήση"/></designation><designation><language value="es"/><value value="Vía intracervical"/></designation><designation><language value="fr"/><value value="Voie intracervicale"/></designation><designation><language value="it"/><value value="Uso intracervicale"/></designation><designation><language value="pt"/><value value="Via intracervical"/></designation></concept><concept><code value="20028300"/><display value="Intracholangiopancreatic use"/><designation><language value="de"/><value value="zur Anwendung in der Cholangiopankreatikographie"/></designation><designation><language value="el"/><value value="Ενδοχολαγγειοπαγκρεατική χρήση"/></designation><designation><language value="es"/><value value="Uso intracolangiopancreático"/></designation><designation><language value="fr"/><value value="Voie intracholangiopancréatique"/></designation><designation><language value="it"/><value value="Uso intracolangiopancreatico"/></designation><designation><language value="pt"/><value value="Via intracolangiopancreática"/></designation></concept><concept><code value="20028500"/><display value="Intracisternal use"/><designation><language value="de"/><value value="intracisternale Anwendung"/></designation><designation><language value="el"/><value value="Χορήγηση ενδοκοιλιακή στο κεντρικό νευρικό σύστημα"/></designation><designation><language value="es"/><value value="Uso intracisternal"/></designation><designation><language value="fr"/><value value="Voie intracisternale"/></designation><designation><language value="it"/><value value="Uso intracisternale"/></designation><designation><language value="pt"/><value value="Via intracisternal"/></designation></concept><concept><code value="20029000"/><display value="Intracoronary use"/><designation><language value="de"/><value value="intrakoronare Anwendung"/></designation><designation><language value="el"/><value value="Ενδοστεφανιαία χρήση"/></designation><designation><language value="es"/><value value="Vía intracoronaria"/></designation><designation><language value="fr"/><value value="Voie intracoronaire"/></designation><designation><language value="it"/><value value="Uso intracoronarico"/></designation><designation><language value="pt"/><value value="Via intracoronária"/></designation></concept><concept><code value="20030000"/><display value="Intradermal use"/><designation><language value="de"/><value value="intradermale Anwendung"/></designation><designation><language value="el"/><value value="Ενδοδερμική χρήση"/></designation><designation><language value="es"/><value value="Vía intradérmica"/></designation><designation><language value="fr"/><value value="Voie intradermique"/></designation><designation><language value="it"/><value value="Uso intradermico"/></designation><designation><language value="pt"/><value value="Via intradérmica"/></designation></concept><concept><code value="20031000"/><display value="Intradiscal use"/><designation><language value="de"/><value value="intradiskale Anwendung"/></designation><designation><language value="el"/><value value="Ενδομεσοσπονδύλια χρήση"/></designation><designation><language value="es"/><value value="Vía intradiscal"/></designation><designation><language value="fr"/><value value="Voie intradiscale"/></designation><designation><language value="it"/><value value="Uso intradiscale"/></designation><designation><language value="pt"/><value value="Via intradiscal"/></designation></concept><concept><code value="20031500"/><display value="Intraepidermal use"/><designation><language value="de"/><value value="intraepidermale Anwendung"/></designation><designation><language value="el"/><value value="Ενδοεπιδερμική χρήση"/></designation><designation><language value="es"/><value value="Vía intraepidérmica"/></designation><designation><language value="fr"/><value value="Voie intraépidermique"/></designation><designation><language value="it"/><value value="Uso intraepidermico"/></designation><designation><language value="pt"/><value value="Via intraepidérmica"/></designation></concept><concept><code value="20031700"/><display value="Intraglandular use"/><designation><language value="de"/><value value="intraglanduläre Anwendung"/></designation><designation><language value="el"/><value value="Ενδοαδενική χρήση"/></designation><designation><language value="es"/><value value="Uso intraglandular"/></designation><designation><language value="fr"/><value value="Voie intraglandulaire"/></designation><designation><language value="it"/><value value="Uso intraghiandolare"/></designation><designation><language value="pt"/><value value="Via intraglandular"/></designation></concept><concept><code value="20032000"/><display value="Intralesional use"/><designation><language value="de"/><value value="intraläsionale Anwendung"/></designation><designation><language value="el"/><value value="Ενδοβλαβική χρήση"/></designation><designation><language value="es"/><value value="Vía intralesional"/></designation><designation><language value="fr"/><value value="Voie intralésionnelle"/></designation><designation><language value="it"/><value value="Uso intralesionale"/></designation><designation><language value="pt"/><value value="Uso intralesional"/></designation></concept><concept><code value="20033000"/><display value="Intralymphatic use"/><designation><language value="de"/><value value="intralymphatische Anwendung"/></designation><designation><language value="el"/><value value="Ενδολεμφαγγειακή χρήση"/></designation><designation><language value="es"/><value value="Vía intralinfática"/></designation><designation><language value="fr"/><value value="Voie intralymphatique"/></designation><designation><language value="it"/><value value="Uso intralinfatico"/></designation><designation><language value="pt"/><value value="Via intralinfática"/></designation></concept><concept><code value="20034000"/><display value="Intramammary use"/><designation><language value="de"/><value value="intramammäre Anwendung"/></designation><designation><language value="el"/><value value="Ενδομαστική οδός"/></designation><designation><language value="es"/><value value="Vía intramamaria"/></designation><designation><language value="fr"/><value value="Voie intramammaire"/></designation><designation><language value="it"/><value value="Per uso intramammario"/></designation><designation><language value="pt"/><value value="Via intramamária"/></designation></concept><concept><code value="20035000"/><display value="Intramuscular use"/><designation><language value="de"/><value value="intramuskuläre Anwendung"/></designation><designation><language value="el"/><value value="Ενδομυική χρήση"/></designation><designation><language value="es"/><value value="Vía intramuscular"/></designation><designation><language value="fr"/><value value="Voie intramusculaire"/></designation><designation><language value="it"/><value value="Uso intramuscolare"/></designation><designation><language value="pt"/><value value="Via intramuscular"/></designation></concept><concept><code value="20036000"/><display value="Intraocular use"/><designation><language value="de"/><value value="intraokulare Anwendung"/></designation><designation><language value="el"/><value value="Ενδοφθάλμια χορήγηση"/></designation><designation><language value="es"/><value value="Vía intraocular"/></designation><designation><language value="fr"/><value value="Voie intraoculaire"/></designation><designation><language value="it"/><value value="Uso intraoculare"/></designation><designation><language value="pt"/><value value="Uso intraocular"/></designation></concept><concept><code value="20036500"/><display value="Intraosseous use"/><designation><language value="de"/><value value="intraossäre Anwendung"/></designation><designation><language value="el"/><value value="Ενδοοστική χρήση"/></designation><designation><language value="es"/><value value="Vía intraósea"/></designation><designation><language value="fr"/><value value="Voie intraosseuse"/></designation><designation><language value="it"/><value value="Uso intraosseo"/></designation><designation><language value="pt"/><value value="Uso intraósseo"/></designation></concept><concept><code value="20037000"/><display value="Intrapericardial use"/><designation><language value="de"/><value value="Intraperikardial"/></designation><designation><language value="el"/><value value="Ενδοπερικαρδιακή χρήση"/></designation><designation><language value="es"/><value value="Vía intrapericárdica"/></designation><designation><language value="fr"/><value value="Voie intrapéricardiaque"/></designation><designation><language value="it"/><value value="Uso intrapericardico"/></designation><designation><language value="pt"/><value value="Via intrapericárdica"/></designation></concept><concept><code value="20038000"/><display value="Intraperitoneal use"/><designation><language value="de"/><value value="intraperitoneale Anwendung"/></designation><designation><language value="el"/><value value="Ενδοπεριτοναϊκή χρήση"/></designation><designation><language value="es"/><value value="Vía intraperitoneal"/></designation><designation><language value="fr"/><value value="Voie intrapéritonéale"/></designation><designation><language value="it"/><value value="Uso intraperitoneale"/></designation><designation><language value="pt"/><value value="Via intraperitoneal"/></designation></concept><concept><code value="20039000"/><display value="Intrapleural use"/><designation><language value="de"/><value value="intrapleurale Anwendung"/></designation><designation><language value="el"/><value value="Ενδοϋπεζωκοτική χρήση"/></designation><designation><language value="es"/><value value="Vía intrapleural"/></designation><designation><language value="fr"/><value value="Voie intrapleurale"/></designation><designation><language value="it"/><value value="Uso intrapleurico"/></designation><designation><language value="pt"/><value value="Via intrapleural"/></designation></concept><concept><code value="20039200"/><display value="Intraportal use"/><designation><language value="de"/><value value="intraportale Anwendung"/></designation><designation><language value="el"/><value value="Ενδοπυλαία χρήση"/></designation><designation><language value="es"/><value value="Uso intraportal"/></designation><designation><language value="fr"/><value value="Voie intraportale"/></designation><designation><language value="it"/><value value="Uso intraportale"/></designation><designation><language value="pt"/><value value="Via intraportal"/></designation></concept><concept><code value="20039500"/><display value="Intraprostatic use"/><designation><language value="de"/><value value="intraprostatische Anwendung"/></designation><designation><language value="el"/><value value="Ενδοπροστατική χρήση"/></designation><designation><language value="es"/><value value="Uso intraprostático"/></designation><designation><language value="fr"/><value value="Voie intraprostatique"/></designation><designation><language value="it"/><value value="Uso intraprostatico"/></designation><designation><language value="pt"/><value value="Via intraprostática"/></designation></concept><concept><code value="20039800"/><display value="Intrapulmonary use"/><designation><language value="de"/><value value="intrapulmonale Anwendung"/></designation><designation><language value="el"/><value value="Ενδοπνευμονική χρήση"/></designation><designation><language value="es"/><value value="Uso intrapulmonar"/></designation><designation><language value="fr"/><value value="Voie intrabronchique"/></designation><designation><language value="it"/><value value="Uso intrabronchiale"/></designation><designation><language value="pt"/><value value="Via intrapulmonar"/></designation></concept><concept><code value="20040000"/><display value="Intraruminal use"/><designation><language value="de"/><value value="intraruminale Anwendung"/></designation><designation><language value="el"/><value value="Ενδομεγαλοκοιλιοκή χρήση"/></designation><designation><language value="es"/><value value="Vía intrarruminal"/></designation><designation><language value="fr"/><value value="Voie intraruminale"/></designation><designation><language value="it"/><value value="Per uso intraruminale"/></designation><designation><language value="pt"/><value value="Via intrarruminal"/></designation></concept><concept><code value="20041000"/><display value="Intrasternal use"/><designation><language value="de"/><value value="intrasternale Anwendung"/></designation><designation><language value="el"/><value value="Ενδοστερνική χρήση"/></designation><designation><language value="es"/><value value="Vía intraesternal"/></designation><designation><language value="fr"/><value value="Voie intrasternale"/></designation><designation><language value="it"/><value value="Uso intrasternale"/></designation><designation><language value="pt"/><value value="Via intraesternal"/></designation></concept><concept><code value="20042000"/><display value="Intrathecal use"/><designation><language value="de"/><value value="intrathekale Anwendung"/></designation><designation><language value="el"/><value value="Ενδορραχιαία χρήση"/></designation><designation><language value="es"/><value value="Vía intratecal"/></designation><designation><language value="fr"/><value value="Voie intrathécale"/></designation><designation><language value="it"/><value value="Uso intratecale"/></designation><designation><language value="pt"/><value value="Via intratecal"/></designation></concept><concept><code value="20043000"/><display value="Intratumoral use"/><designation><language value="de"/><value value="intratumorale Anwendung"/></designation><designation><language value="el"/><value value="Ενδοογκική χρήση"/></designation><designation><language value="es"/><value value="Vía intratumoral"/></designation><designation><language value="fr"/><value value="Voie intratumorale"/></designation><designation><language value="it"/><value value="Uso intratumorale"/></designation><designation><language value="pt"/><value value="Via intratumoral"/></designation></concept><concept><code value="20044000"/><display value="Intrauterine use"/><designation><language value="de"/><value value="intrauterine Anwendung"/></designation><designation><language value="el"/><value value="Ενδομήτρια χρήση"/></designation><designation><language value="es"/><value value="Vía intrauterina"/></designation><designation><language value="fr"/><value value="Voie intra-utérine"/></designation><designation><language value="it"/><value value="Uso intrauterino"/></designation><designation><language value="pt"/><value value="Via intrauterina"/></designation></concept><concept><code value="20045000"/><display value="Intravenous use"/><designation><language value="de"/><value value="intravenöse Anwendung"/></designation><designation><language value="el"/><value value="Ενδοφλέβια χρήση"/></designation><designation><language value="es"/><value value="Vía intravenosa"/></designation><designation><language value="fr"/><value value="Voie intraveineuse"/></designation><designation><language value="it"/><value value="Uso endovenoso"/></designation><designation><language value="pt"/><value value="Via intravenosa"/></designation></concept><concept><code value="20046000"/><display value="Intravesical use"/><designation><language value="de"/><value value="intravesikale Anwendung"/></designation><designation><language value="el"/><value value="Ενδοκυστική χρήση"/></designation><designation><language value="es"/><value value="Vía intravesical"/></designation><designation><language value="fr"/><value value="Voie intravésicale"/></designation><designation><language value="it"/><value value="Uso endovescicale"/></designation><designation><language value="pt"/><value value="Via intravesical"/></designation></concept><concept><code value="20047000"/><display value="Intravitreal use"/><designation><language value="de"/><value value="intravitreale Anwendung"/></designation><designation><language value="el"/><value value="Ενδοϋαλωδης χορήγηση"/></designation><designation><language value="es"/><value value="Vía intravítrea"/></designation><designation><language value="fr"/><value value="Voie intravitréenne"/></designation><designation><language value="it"/><value value="Uso intravitreo"/></designation><designation><language value="pt"/><value value="Uso intravítreo"/></designation></concept><concept><code value="20047500"/><display value="Iontophoresis"/><designation><language value="de"/><value value="zur Iontophorese"/></designation><designation><language value="el"/><value value="Ιοντοφόρηση"/></designation><designation><language value="es"/><value value="Iontoforesis"/></designation><designation><language value="fr"/><value value="Iontophorèse"/></designation><designation><language value="it"/><value value="Iontoforesi"/></designation><designation><language value="pt"/><value value="Iontoforese"/></designation></concept><concept><code value="20048000"/><display value="Laryngopharyngeal use"/><designation><language value="de"/><value value="zur Anwendung im Rachen und am Kehlkopf"/></designation><designation><language value="el"/><value value="Λαρυγγοφαρυγγική χρήση"/></designation><designation><language value="es"/><value value="Uso laringofaríngeo"/></designation><designation><language value="fr"/><value value="Voie laryngopharyngée"/></designation><designation><language value="it"/><value value="Uso laringofaringeo"/></designation><designation><language value="pt"/><value value="Uso laringofaríngeo"/></designation></concept><concept><code value="20048500"/><display value="Nail use"/></concept><concept><code value="20049000"/><display value="Nasal use"/><designation><language value="de"/><value value="nasale Anwendung"/></designation><designation><language value="el"/><value value="Ρινική χρήση"/></designation><designation><language value="es"/><value value="Vía nasal"/></designation><designation><language value="fr"/><value value="Voie nasale"/></designation><designation><language value="it"/><value value="Uso nasale"/></designation><designation><language value="pt"/><value value="Via nasal"/></designation></concept><concept><code value="20050000"/><display value="Nebulisation use"/><designation><language value="de"/><value value="zum Vernebeln"/></designation><designation><language value="el"/><value value="Χορήγηση με εκνέφωση"/></designation><designation><language value="es"/><value value="Nebulización"/></designation><designation><language value="fr"/><value value="Administration par nébulisation"/></designation><designation><language value="it"/><value value="Nebulizzazione"/></designation><designation><language value="pt"/><value value="Nebulização"/></designation></concept><concept><code value="20051000"/><display value="Ocular use"/><designation><language value="de"/><value value="Anwendung am Auge"/></designation><designation><language value="el"/><value value="Οφθαλμική χρήση"/></designation><designation><language value="es"/><value value="Vía oftálmica"/></designation><designation><language value="fr"/><value value="Voie ophtalmique"/></designation><designation><language value="it"/><value value="Uso oftalmico"/></designation><designation><language value="pt"/><value value="Uso oftálmico"/></designation></concept><concept><code value="20052000"/><display value="Oculonasal use"/><designation><language value="de"/><value value="okulonasale Anwendung"/></designation><designation><language value="el"/><value value="Οφθαλμορρινική ενστάλλαξη"/></designation><designation><language value="es"/><value value="Vía oculonasal"/></designation><designation><language value="fr"/><value value="Voie oculonasale"/></designation><designation><language value="it"/><value value="Per uso oculonasale"/></designation><designation><language value="pt"/><value value="Via oculonasal"/></designation></concept><concept><code value="20053000"/><display value="Oral use"/><designation><language value="de"/><value value="zum Einnehmen"/></designation><designation><language value="el"/><value value="Από στόματος χρήση"/></designation><designation><language value="es"/><value value="Vía oral"/></designation><designation><language value="fr"/><value value="Voie orale"/></designation><designation><language value="it"/><value value="Uso orale"/></designation><designation><language value="pt"/><value value="Via oral"/></designation></concept><concept><code value="20054000"/><display value="Oromucosal use"/><designation><language value="de"/><value value="Anwendung in der Mundhöhle"/></designation><designation><language value="el"/><value value="Χρήση στο στοματικό βλεννογόνο"/></designation><designation><language value="es"/><value value="Vía bucal"/></designation><designation><language value="fr"/><value value="Voie buccale"/></designation><designation><language value="it"/><value value="Per mucosa orale"/></designation><designation><language value="pt"/><value value="Via bucal"/></designation></concept><concept><code value="20055000"/><display value="Oropharyngeal use"/><designation><language value="de"/><value value="zur Anwendung im Mund- und Rachenraum"/></designation><designation><language value="el"/><value value="Στοματοφαρυγγική χρήση"/></designation><designation><language value="es"/><value value="Uso bucofaríngeo"/></designation><designation><language value="fr"/><value value="Voie oropharyngée"/></designation><designation><language value="it"/><value value="Uso orofaringeo"/></designation><designation><language value="pt"/><value value="Uso orofaríngeo"/></designation></concept><concept><code value="20056000"/><display value="Paravertebral use"/><designation><language value="de"/><value value="paravertebrale Anwendung"/></designation><designation><language value="el"/><value value="Παρασπονδυλική χρήση"/></designation><designation><language value="es"/><value value="Vía paravertebral"/></designation><designation><language value="fr"/><value value="Voie paravertébrale"/></designation><designation><language value="it"/><value value="Uso paravertebrale"/></designation><designation><language value="pt"/><value value="Via paravertebral"/></designation></concept><concept><code value="20057000"/><display value="Periarticular use"/><designation><language value="de"/><value value="periartikuläre Anwendung"/></designation><designation><language value="el"/><value value="Περιαρθρική χρήση"/></designation><designation><language value="es"/><value value="Vía periarticular"/></designation><designation><language value="fr"/><value value="Voie périarticulaire"/></designation><designation><language value="it"/><value value="Uso periarticolare"/></designation><designation><language value="pt"/><value value="Via periarticular"/></designation></concept><concept><code value="20058000"/><display value="Perineural use"/><designation><language value="de"/><value value="perineurale Anwendung"/></designation><designation><language value="el"/><value value="Περινευρική χρήση"/></designation><designation><language value="es"/><value value="Vía perineural"/></designation><designation><language value="fr"/><value value="Voie périneurale"/></designation><designation><language value="it"/><value value="Uso perineurale"/></designation><designation><language value="pt"/><value value="Via perineural"/></designation></concept><concept><code value="20059000"/><display value="Periodontal use"/><designation><language value="de"/><value value="periodontale Anwendung"/></designation><designation><language value="el"/><value value="Περιοδοντική χρήση"/></designation><designation><language value="es"/><value value="Uso periodontal"/></designation><designation><language value="fr"/><value value="Voie périodontale"/></designation><designation><language value="it"/><value value="Uso periodontale"/></designation><designation><language value="pt"/><value value="Uso periodontal"/></designation></concept><concept><code value="20059300"/><display value="Periosseous use"/><designation><language value="de"/><value value="periossäre Anwendung"/></designation><designation><language value="el"/><value value="Περιοστική χρήση"/></designation><designation><language value="es"/><value value="Uso perióseo"/></designation><designation><language value="fr"/><value value="Voie périosseuse"/></designation><designation><language value="it"/><value value="Uso periosseo"/></designation><designation><language value="pt"/><value value="Via perióssea"/></designation></concept><concept><code value="20059400"/><display value="Peritumoral use"/><designation><language value="de"/><value value="peritumorale Anwendung"/></designation><designation><language value="el"/><value value="Περιογκική χρήση"/></designation><designation><language value="es"/><value value="Uso peritumoral"/></designation><designation><language value="fr"/><value value="Voie péritumorale"/></designation><designation><language value="it"/><value value="Uso peritumorale"/></designation><designation><language value="pt"/><value value="Via peritumoral"/></designation></concept><concept><code value="20059500"/><display value="Posterior juxtascleral use"/><designation><language value="de"/><value value="posteriore juxtasclerale Anwendung"/></designation><designation><language value="el"/><value value="Χρήση στο οπίσθιο μέρος του σκληρού χιτώνα"/></designation><designation><language value="es"/><value value="Vía yuxtaescleral posterior"/></designation><designation><language value="fr"/><value value="Voie juxta-sclérale postérieure"/></designation><designation><language value="it"/><value value="Uso iuxtasclerale posteriore"/></designation><designation><language value="pt"/><value value="Via justa-escleral posterior"/></designation></concept><concept><code value="20060000"/><display value="Pour-on use"/><designation><language value="de"/><value value="Übergießen"/></designation><designation><language value="el"/><value value="Επίχυση"/></designation><designation><language value="es"/><value value="Unción dorsal continua"/></designation><designation><language value="fr"/><value value="Pour-on"/></designation><designation><language value="it"/><value value="Pour-on"/></designation><designation><language value="pt"/><value value="Unção contínua"/></designation></concept><concept><code value="20061000"/><display value="Rectal use"/><designation><language value="de"/><value value="rektale Anwendung"/></designation><designation><language value="el"/><value value="Ορθική χρήση"/></designation><designation><language value="es"/><value value="Vía rectal"/></designation><designation><language value="fr"/><value value="Voie rectale"/></designation><designation><language value="it"/><value value="Uso rettale"/></designation><designation><language value="pt"/><value value="Via retal"/></designation></concept><concept><code value="20061500"/><display value="Retrobulbar use"/><designation><language value="de"/><value value="retrobulbäre Anwendung"/></designation><designation><language value="el"/><value value="Οπισθοβολβική χρήση"/></designation><designation><language value="es"/><value value="Uso retrobulbar"/></designation><designation><language value="fr"/><value value="Voie rétrobulbaire"/></designation><designation><language value="it"/><value value="Uso retrobulbare"/></designation><designation><language value="pt"/><value value="Via retrobulbar"/></designation></concept><concept><code value="20062000"/><display value="Route of administration not applicable"/><designation><language value="de"/><value value="Art der Anwendung nicht spezifizierbar"/></designation><designation><language value="el"/><value value="Οδός χορήγησης μη εφαρμοζόμενη ή μη εξειδικευόμενη"/></designation><designation><language value="es"/><value value="Otra vía"/></designation><designation><language value="fr"/><value value="Autre(s)"/></designation><designation><language value="it"/><value value="Via di somministrazione non specificabile"/></designation><designation><language value="pt"/><value value="Via de administração não especificada"/></designation></concept><concept><code value="20063000"/><display value="Skin scarification"/><designation><language value="de"/><value value="Einritzen der Haut"/></designation><designation><language value="el"/><value value="Σκαριφισμός"/></designation><designation><language value="es"/><value value="Escarificación"/></designation><designation><language value="fr"/><value value="Scarification"/></designation><designation><language value="it"/><value value="Scarificazione"/></designation><designation><language value="pt"/><value value="Escarificação"/></designation></concept><concept><code value="20064000"/><display value="Spot-on use"/><designation><language value="de"/><value value="Auftropfen"/></designation><designation><language value="el"/><value value="Επίχυση σε σημείο"/></designation><designation><language value="es"/><value value="Unción dorsal puntual"/></designation><designation><language value="fr"/><value value="Spot-on"/></designation><designation><language value="it"/><value value="Spot-on"/></designation><designation><language value="pt"/><value value="Unção punctiforme"/></designation></concept><concept><code value="20065000"/><display value="Subconjunctival use"/><designation><language value="de"/><value value="subkonjunktivale Anwendung"/></designation><designation><language value="el"/><value value="Υποεπιπεφυκωτική χρήση"/></designation><designation><language value="es"/><value value="Vía subconjuntival"/></designation><designation><language value="fr"/><value value="Voie sous-conjonctivale"/></designation><designation><language value="it"/><value value="Uso subcongiuntivale"/></designation><designation><language value="pt"/><value value="Via subconjuntival"/></designation></concept><concept><code value="20066000"/><display value="Subcutaneous use"/><designation><language value="de"/><value value="subkutane Anwendung"/></designation><designation><language value="el"/><value value="Υποδόρια χρήση"/></designation><designation><language value="es"/><value value="Vía subcutánea"/></designation><designation><language value="fr"/><value value="Voie sous-cutanée"/></designation><designation><language value="it"/><value value="Uso sottocutaneo"/></designation><designation><language value="pt"/><value value="Via subcutânea"/></designation></concept><concept><code value="20067000"/><display value="Sublingual use"/><designation><language value="de"/><value value="Sublingual"/></designation><designation><language value="el"/><value value="Υπογλώσσια χρήοη"/></designation><designation><language value="es"/><value value="Vía sublingual"/></designation><designation><language value="fr"/><value value="Voie sublinguale"/></designation><designation><language value="it"/><value value="Uso sublinguale"/></designation><designation><language value="pt"/><value value="Via sublingual"/></designation></concept><concept><code value="20067500"/><display value="Submucosal use"/><designation><language value="de"/><value value="submuköse Anwendung"/></designation><designation><language value="el"/><value value="Υποβλεννογόνειος χορήγηση"/></designation><designation><language value="es"/><value value="Vía submucosal"/></designation><designation><language value="fr"/><value value="Voie sous-muqueuse"/></designation><designation><language value="it"/><value value="Uso sottomucosale"/></designation><designation><language value="pt"/><value value="Via submucosa"/></designation></concept><concept><code value="20068000"/><display value="Teat use"/><designation><language value="de"/><value value="Zitzenbehandlung"/></designation><designation><language value="el"/><value value="Θηλαία χρήση"/></designation><designation><language value="es"/><value value="Uso mamario externo"/></designation><designation><language value="fr"/><value value="Administration mammaire"/></designation><designation><language value="it"/><value value="Uso mammario"/></designation><designation><language value="pt"/><value value="Uso mamário externo"/></designation></concept><concept><code value="20069000"/><display value="Top-dressing use"/><designation><language value="de"/><value value="Aufstreuen auf das Futter"/></designation><designation><language value="el"/><value value="Χορήγηση με επίπαση πάνω στην τροφή"/></designation><designation><language value="es"/><value value="Administración sobre el alimento"/></designation><designation><language value="fr"/><value value="Administration par saupoudrage sur l'alimentation"/></designation><designation><language value="it"/><value value="Somministrazione mediante dispersione superficiale sugli alimenti"/></designation><designation><language value="pt"/><value value="Dispersão superficial no alimento"/></designation></concept><concept><code value="20070000"/><display value="Transdermal use"/><designation><language value="de"/><value value="transdermale Anwendung"/></designation><designation><language value="el"/><value value="Διαδερμική χρήση"/></designation><designation><language value="es"/><value value="Vía transdérmica"/></designation><designation><language value="fr"/><value value="Voie transdermique"/></designation><designation><language value="it"/><value value="Uso transdermico"/></designation><designation><language value="pt"/><value value="Via transdérmica"/></designation></concept><concept><code value="20071000"/><display value="Urethral use"/><designation><language value="de"/><value value="Anwendung in der Harnröhre"/></designation><designation><language value="el"/><value value="Ουρηθρική χρήση"/></designation><designation><language value="es"/><value value="Vía uretral"/></designation><designation><language value="fr"/><value value="Voie urétrale"/></designation><designation><language value="it"/><value value="Uso uretrale"/></designation><designation><language value="pt"/><value value="Via uretral"/></designation></concept><concept><code value="20072000"/><display value="Vaginal use"/><designation><language value="de"/><value value="vaginale Anwendung"/></designation><designation><language value="el"/><value value="Κολπική χρήση"/></designation><designation><language value="es"/><value value="Vía vaginal"/></designation><designation><language value="fr"/><value value="Voie vaginale"/></designation><designation><language value="it"/><value value="Uso vaginale"/></designation><designation><language value="pt"/><value value="Uso vaginal"/></designation></concept><concept><code value="20073000"/><display value="Water-borne use"/><designation><language value="de"/><value value="Anwendung im Wasser"/></designation><designation><language value="el"/><value value="Διυδατική χρήση"/></designation><designation><language value="es"/><value value="Uso en el medio acuático"/></designation><designation><language value="fr"/><value value="Balnéation dans l'eau"/></designation><designation><language value="it"/><value value="Trattamento per immersione"/></designation><designation><language value="pt"/><value value="Uso no meio aquático"/></designation></concept><concept><code value="20074000"/><display value="Wing-web-stab use"/><designation><language value="de"/><value value="Flügelstichapplikation"/></designation><designation><language value="el"/><value value="Χορήγηση με νύγμα πτέρυγας"/></designation><designation><language value="es"/><value value="Punción en la membrana del ala"/></designation><designation><language value="fr"/><value value="Administration par transfixion"/></designation><designation><language value="it"/><value value="Puntura alare"/></designation><designation><language value="pt"/><value value="Inoculação alar"/></designation></concept><concept><code value="20080000"/><display value="Intracerebroventricular use"/><designation><language value="de"/><value value="intracerebroventrikuläre Anwendung"/></designation><designation><language value="el"/><value value="Ενδοεγκεφαλοκοιλιακή χρήση"/></designation><designation><language value="es"/><value value="Vía intracerebroventricular"/></designation><designation><language value="fr"/><value value="Voie intracérébroventriculaire"/></designation><designation><language value="it"/><value value="Uso intracerebroventricolare"/></designation><designation><language value="pt"/><value value="Via intracerebroventricular"/></designation></concept><concept><code value="20081000"/><display value="Subretinal use"/><designation><language value="de"/><value value="subretinale Anwendung"/></designation><designation><language value="el"/><value value="Υπαμφιβληστροειδική χρήση"/></designation><designation><language value="es"/><value value="Uso subretinal"/></designation><designation><language value="fr"/><value value="Voie subrétinale"/></designation><designation><language value="it"/><value value="Uso sottoretinico"/></designation><designation><language value="pt"/><value value="Via subretiniana"/></designation></concept><concept><code value="20084000"/><display value="Intracorneal use"/><designation><language value="de"/><value value="intracorneale Anwendung"/></designation><designation><language value="es"/><value value="Vía intracorneal"/></designation><designation><language value="fr"/><value value="Voie intracornéenne"/></designation><designation><language value="it"/><value value="Uso intracorneale"/></designation><designation><language value="pt"/><value value="Via intracorneal"/></designation></concept><concept><code value="20086000"/><display value="Intraputaminal use"/><designation><language value="de"/><value value="Intraputaminale Anwendung"/></designation><designation><language value="es"/><value value="Vía intraputaminal"/></designation><designation><language value="it"/><value value="Intraputaminale"/></designation><designation><language value="pt"/><value value="Via intraputaminal"/></designation></concept><concept><code value="20087000"/><display value="Extrapleural use"/><designation><language value="de"/><value value="extrapleurale Anwendung"/></designation><designation><language value="es"/><value value="Vía extrapleural"/></designation><designation><language value="fr"/><value value="Voie extrapleurale"/></designation><designation><language value="it"/><value value="Uso extrapleurico"/></designation><designation><language value="pt"/><value value="Via extrapleural"/></designation></concept></include></compose></ValueSet>