{
  "resourceType" : "MedicinalProductDefinition",
  "id" : "Agen-5mg-Tablet-EE-MPD",
  "meta" : {
    "profile" : ["http://unicom-project.eu/fhir/StructureDefinition/PPLMedicinalProductDefinition"]
  },
  "text" : {
    "status" : "generated",
    "div" : "<div xmlns=\"http://www.w3.org/1999/xhtml\"><p><b>Generated Narrative: MedicinalProductDefinition</b><a name=\"Agen-5mg-Tablet-EE-MPD\"> </a></p><div style=\"display: inline-block; background-color: #d9e0e7; padding: 6px; margin: 4px; border: 1px solid #8da1b4; border-radius: 5px; line-height: 60%\"><p style=\"margin-bottom: 0px\">Resource MedicinalProductDefinition &quot;Agen-5mg-Tablet-EE-MPD&quot; </p><p style=\"margin-bottom: 0px\">Profile: <a href=\"StructureDefinition-PPLMedicinalProductDefinition.html\">PPL Medicinal Product profile</a></p></div><p><b>identifier</b>: id: EE-100002580-15547</p><p><b>domain</b>: Human use <span style=\"background: LightGoldenRodYellow; margin: 4px; border: 1px solid khaki\"> (<a href=\"CodeSystem-domain-ema-cs.html\">Domain EMA</a>#100000000012)</span></p><p><b>status</b>: Current <span style=\"background: LightGoldenRodYellow; margin: 4px; border: 1px solid khaki\"> (<a href=\"CodeSystem-recordStatus-ema-cs.html\">Record Status EMA SPOR</a>#200000005004)</span></p><p><b>combinedPharmaceuticalDoseForm</b>: Tablet <span style=\"background: LightGoldenRodYellow; margin: 4px; border: 1px solid khaki\"> (<a href=\"CodeSystem-pharmaceutical-dose-form-ema-cs.html\">Pharmaceutical Dose Form EMA</a>#100000073664)</span></p><p><b>legalStatusOfSupply</b>: Medicinal product subject to medical prescription <span style=\"background: LightGoldenRodYellow; margin: 4px; border: 1px solid khaki\"> (<a href=\"CodeSystem-legal-status-for-the-supply-ema-cs.html\">Legal Status for the Supply EMA</a>#100000072084)</span></p><p><b>classification</b>: amlodipine <span style=\"background: LightGoldenRodYellow; margin: 4px; border: 1px solid khaki\"> (<a href=\"CodeSystem-ATC-Human-EMA.html\">ATC Human EMA</a>#100000095065)</span>, amlodipine <span style=\"background: LightGoldenRodYellow; margin: 4px; border: 1px solid khaki\"> (<a href=\"http://terminology.hl7.org/5.0.0/CodeSystem-v3-WC.html\">WHO ATC</a>#C08CA01)</span></p><blockquote><p><b>name</b></p><p><b>productName</b>: AGEN 5 mg tabletid</p><blockquote><p><b>namePart</b></p><p><b>part</b>: AGEN</p><p><b>type</b>: Invented name part <span style=\"background: LightGoldenRodYellow; margin: 4px; border: 1px solid khaki\"> (220000000000#220000000002)</span></p></blockquote><blockquote><p><b>namePart</b></p><p><b>part</b>: 5 mg</p><p><b>type</b>: Strength part <span style=\"background: LightGoldenRodYellow; margin: 4px; border: 1px solid khaki\"> (220000000000#220000000004)</span></p></blockquote><blockquote><p><b>namePart</b></p><p><b>part</b>: tabletid</p><p><b>type</b>: Pharmaceutical dose form part <span style=\"background: LightGoldenRodYellow; margin: 4px; border: 1px solid khaki\"> (220000000000#220000000005)</span></p></blockquote><h3>CountryLanguages</h3><table class=\"grid\"><tr><td>-</td><td><b>Country</b></td><td><b>Language</b></td></tr><tr><td>*</td><td>Republic of Estonia <span style=\"background: LightGoldenRodYellow; margin: 4px; border: 1px solid khaki\"> (<a href=\"CodeSystem-country-ema-cs.html\">Country EMA</a>#100000000388)</span></td><td>Estonian <span style=\"background: LightGoldenRodYellow; margin: 4px; border: 1px solid khaki\"> (<a href=\"CodeSystem-language-ema-cs.html\">Language EMA</a>#100000072172)</span></td></tr></table></blockquote></div>"
  },
  "identifier" : [{
    "system" : "http://ema.europa.eu/fhir/mpId",
    "value" : "EE-100002580-15547"
  }],
  "domain" : {
    "coding" : [{
      "system" : "https://spor.ema.europa.eu/v1/lists/100000000004",
      "code" : "100000000012",
      "display" : "Human use"
    }]
  },
  "status" : {
    "coding" : [{
      "system" : "https://spor.ema.europa.eu/v1/lists/200000005003",
      "code" : "200000005004",
      "display" : "Current"
    }]
  },
  "combinedPharmaceuticalDoseForm" : {
    "coding" : [{
      "system" : "https://spor.ema.europa.eu/v1/lists/200000000004",
      "code" : "100000073664",
      "display" : "Tablet"
    }]
  },
  "legalStatusOfSupply" : {
    "coding" : [{
      "system" : "https://spor.ema.europa.eu/v1/lists/100000072051",
      "code" : "100000072084",
      "display" : "Medicinal product subject to medical prescription"
    }]
  },
  "classification" : [{
    "coding" : [{
      "system" : "https://spor.ema.europa.eu/v1/lists/100000093533",
      "code" : "100000095065",
      "display" : "amlodipine"
    }]
  },
  {
    "coding" : [{
      "system" : "http://www.whocc.no/atc",
      "code" : "C08CA01",
      "display" : "amlodipine"
    }]
  }],
  "name" : [{
    "productName" : "AGEN 5 mg tabletid",
    "namePart" : [{
      "part" : "AGEN",
      "type" : {
        "coding" : [{
          "system" : "https://spor.ema.europa.eu/v1/lists/220000000000",
          "code" : "220000000002",
          "display" : "Invented name part"
        }]
      }
    },
    {
      "part" : "5 mg",
      "type" : {
        "coding" : [{
          "system" : "https://spor.ema.europa.eu/v1/lists/220000000000",
          "code" : "220000000004",
          "display" : "Strength part"
        }]
      }
    },
    {
      "part" : "tabletid",
      "type" : {
        "coding" : [{
          "system" : "https://spor.ema.europa.eu/v1/lists/220000000000",
          "code" : "220000000005",
          "display" : "Pharmaceutical dose form part"
        }]
      }
    }],
    "countryLanguage" : [{
      "country" : {
        "coding" : [{
          "system" : "https://spor.ema.europa.eu/v1/lists/100000000002",
          "code" : "100000000388",
          "display" : "Republic of Estonia"
        }]
      },
      "language" : {
        "coding" : [{
          "system" : "https://spor.ema.europa.eu/v1/lists/100000072057",
          "code" : "100000072172",
          "display" : "Estonian"
        }]
      }
    }]
  }]
}