{
  "resourceType" : "ValueSet",
  "id" : "mapping",
  "text" : {
    "status" : "generated",
    "div" : "<div xmlns=\"http://www.w3.org/1999/xhtml\"><ul><li>Include all codes defined in <code>https://standardterms.edqm.eu</code></li></ul></div>"
  },
  "url" : "http://unicom-project.eu/fhir/ValueSet/mapping",
  "version" : "0.1.0",
  "name" : "Mapping",
  "title" : "Mapping",
  "status" : "active",
  "experimental" : false,
  "date" : "2023-02-03T15:45:39+00:00",
  "publisher" : "UNICOM",
  "contact" : [{
    "name" : "UNICOM",
    "telecom" : [{
      "system" : "url",
      "value" : "http://unicom-project.eu"
    }]
  }],
  "description" : "ValueSet Mapping from EDQM, MAP, see https://standardterms.edqm.eu/#",
  "immutable" : false,
  "compose" : {
    "include" : [{
      "system" : "https://standardterms.edqm.eu"
    }]
  }
}