{
  "resourceType" : "ValueSet",
  "id" : "administration-device",
  "text" : {
    "status" : "generated",
    "div" : "<div xmlns=\"http://www.w3.org/1999/xhtml\"><ul><li>Include these codes as defined in <code>https://standardterms.edqm.eu</code><table class=\"none\"><tr><td style=\"white-space:nowrap\"><b>Code</b></td><td><b>Display</b></td></tr><tr><td>13072000</td><td>Oral applicator</td></tr><tr><td>13114000</td><td>Pen</td></tr><tr><td>30000500</td><td>Administration system</td></tr><tr><td>30002000</td><td>Applicator</td></tr><tr><td>30003000</td><td>Automatic injection device</td></tr><tr><td>30005000</td><td>Balling gun</td></tr><tr><td>30010000</td><td>Brush</td></tr><tr><td>30012000</td><td>Cannula</td></tr><tr><td>30016000</td><td>Cup</td></tr><tr><td>30017000</td><td>Dabbing applicator</td></tr><tr><td>30018200</td><td>Dose dispenser</td></tr><tr><td>30019000</td><td>Dredging applicator</td></tr><tr><td>30021000</td><td>Drench gun</td></tr><tr><td>30022000</td><td>Dropper applicator</td></tr><tr><td>30025000</td><td>High pressure transdermal delivery device</td></tr><tr><td>30026000</td><td>Implanter</td></tr><tr><td>30026500</td><td>Inhaler</td></tr><tr><td>30027000</td><td>In-ovo injection device</td></tr><tr><td>30028000</td><td>Injection needle</td></tr><tr><td>30029000</td><td>Injection syringe</td></tr><tr><td>30030000</td><td>Internal graduated calibration chamber</td></tr><tr><td>30031000</td><td>Intramammary syringe</td></tr><tr><td>30033000</td><td>Measuring device</td></tr><tr><td>30034000</td><td>Measuring spoon</td></tr><tr><td>30037000</td><td>Mouthpiece</td></tr><tr><td>30040000</td><td>Multipuncturer</td></tr><tr><td>30041000</td><td>Nasal applicator</td></tr><tr><td>30042000</td><td>Nebuliser</td></tr><tr><td>30043500</td><td>Needle-free injector</td></tr><tr><td>30044000</td><td>Nozzle</td></tr><tr><td>30045000</td><td>Oral syringe</td></tr><tr><td>30046000</td><td>Pipette</td></tr><tr><td>30053000</td><td>Prick test applicator</td></tr><tr><td>30055000</td><td>Scarifier</td></tr><tr><td>30058000</td><td>Spatula</td></tr><tr><td>30059000</td><td>Spot-on applicator</td></tr><tr><td>30063000</td><td>Stab vaccinator</td></tr><tr><td>30068000</td><td>Vaginal sponge applicator</td></tr></table></li></ul><p><b>Additional Language Displays</b></p><table class=\"codes\"><tr><td><b>Code</b></td><td><b>Deutsch (German, de)</b></td><td><b>Greek (el)</b></td><td><b>Spanish (es)</b></td><td><b>French (fr)</b></td><td><b>Italian (it)</b></td><td><b>Portuguese (pt)</b></td></tr><tr><td>13072000</td><td>Applikator für die orale Verabreichung</td><td>Εξάρτημα χορήγησης  από του στόματος</td><td>Aplicador para uso oral</td><td>Applicateur pour administration orale</td><td>Applicatore per somministrazione orale</td><td>Aplicador oral</td></tr><tr><td>13114000</td><td>Pen</td><td></td><td>Pluma</td><td>Stylo</td><td>Penna</td><td>Caneta</td></tr><tr><td>30000500</td><td>Applikationssystem</td><td>Σύστημα χορήγησης</td><td>Sistema de administración</td><td>Système d'administration</td><td>Sistema di somministrazione</td><td>Sistema de administração</td></tr><tr><td>30002000</td><td>Applikator</td><td>Εξάρτημα χορήγησης</td><td>Aplicador</td><td>Applicateur</td><td>Applicatore</td><td>Aplicador</td></tr><tr><td>30003000</td><td>automatischer Injektor</td><td>Συσκευή αυτόματης ένεσης</td><td>Inyector automático</td><td>Injecteur automatique</td><td>Dispositivo automatico per iniezone</td><td>Seringa automática</td></tr><tr><td>30005000</td><td>Bolusgeber</td><td>Συσκευή χορήγησης βώλων</td><td>Aplicador para administración intrarruminal</td><td>Applicateur pour dispositif intraruminal</td><td>Applicatore per dispositivo intraruminale</td><td>Aplicador para bólus</td></tr><tr><td>30010000</td><td>Pinsel</td><td>Ψύκτρα</td><td>Pincel</td><td>Pinceau applicateur</td><td>Pennello</td><td>Pincel</td></tr><tr><td>30012000</td><td>Kanüle</td><td>Σωληνίσκος</td><td>Cánula</td><td>Canule</td><td>Cannula</td><td>Cânula</td></tr><tr><td>30016000</td><td>Messbecher</td><td>Κύπελλο</td><td>Vaso dosificador</td><td>Godet</td><td>Bicchiere dosatore</td><td>Copo-medida</td></tr><tr><td>30017000</td><td>Verschluss mit Tupfer</td><td>Πώμα με εξάρτημα επάλειψης</td><td>Cierre con aplicador para toques</td><td>Embout applicateur</td><td>Tappo con applicatore</td><td>Fecho com aplicador de contacto</td></tr><tr><td>30018200</td><td>Dosiergerät</td><td>Δοσομετρητής</td><td>Dispensador de dosis</td><td>Dispensateur de dose</td><td>Dispensatore di dose</td><td>Dispensador de dose</td></tr><tr><td>30019000</td><td>Verschluss mit Streuvorrichtung</td><td>Πώμα με εξάρτημα επίπασης</td><td>Cierre espolvoreador</td><td>Embout poudreur</td><td>Aspersore</td><td>Fecho polvilhador</td></tr><tr><td>30021000</td><td>Applikator für eine Flüssigkeit zum Einnehmen</td><td>Συσκευή χορήγησης στοματικών διαλυμάτων</td><td>Pistola dosificadora</td><td>Embout buccal</td><td>Pistola dosatrice per somministrazioni orali</td><td>Pistola doseadora</td></tr><tr><td>30022000</td><td>Verschluss mit Tropfer</td><td>Σταγονομετρικό βιδωτό πώμα</td><td>Tapón cuentagotas</td><td>Embout compte-gouttes</td><td>Contagocce</td><td>Fecho conta-gotas</td></tr><tr><td>30025000</td><td>Intradermaldruckinjektor</td><td>Σύστημα διαδερμικής χορήγησης υπό πίεση</td><td>Dispositivo a presión para liberación transdermica</td><td>Injecteur intradermique sous pression</td><td>Dispositivo sotto pressione a rilascio transdermico</td><td>Injector transdérmico sob pressão</td></tr><tr><td>30026000</td><td>Implantatinjektor</td><td>Συσκευή εμφύτευσης</td><td>Inyector de implantes</td><td>Pistolet pour implant</td><td>Iniettore per impianto</td><td>Seringa para implantes</td></tr><tr><td>30026500</td><td>Inhalator</td><td>Συσκευή εισπνοής</td><td>Inhalador</td><td>Inhalateur</td><td>Inalatore</td><td>Inalador</td></tr><tr><td>30027000</td><td>Eiinjektor</td><td>Συσκευή χορήγησης in ovo</td><td>Inyector automático in ovo</td><td>Dispositif pour injection in ovo</td><td>Dispositivo per iniezione in ovo</td><td>Seringa para via transcoriónica</td></tr><tr><td>30028000</td><td>Injektionsnadel</td><td>Βελόνη σύριγγας</td><td>Aguja para inyección</td><td>Aiguille</td><td>Ago per iniezione</td><td>Agulha para injecção</td></tr><tr><td>30029000</td><td>Injektionsspritze</td><td>Σύριγγα ένεσης</td><td>Jeringa para inyección</td><td>Seringue</td><td>Siringa per iniezione</td><td>Seringa para injectáveis</td></tr><tr><td>30030000</td><td>Intern graduierte Dosierkammer</td><td>Δοσιμετρικό εξάρτημα</td><td>Dispensador de dosis múltiples</td><td>Dispositif à cran d'arrêt</td><td>Bolo ruminale</td><td>Câmara de calibração graduada</td></tr><tr><td>30031000</td><td>Euterinjektor</td><td>Ενδομαστική σύριγγα</td><td>Jeringa intramamaria</td><td>Seringue pour administration intramammaire</td><td>Siringa intramammaria</td><td>Injetor intramamário</td></tr><tr><td>30033000</td><td>Dosierhilfe</td><td>Δοσιμετρικό εξάρτημα</td><td>Dosificador</td><td>Dispositif de mesure</td><td>Dosatore</td><td>Dispositivo doseador</td></tr><tr><td>30034000</td><td>Messlöffel</td><td>Δοσιμετρικό κοχλιάριο</td><td>Cucharilla de medida</td><td>Cuillère-mesure</td><td>Cucchiaio dosatore</td><td>Colher-medida</td></tr><tr><td>30037000</td><td>Mundstück</td><td>Εξάρτημα στοματικής προσαρμογής</td><td>Aplicador bucal</td><td>Embout buccal</td><td>Boccaglio</td><td>Aplicador bucal</td></tr><tr><td>30040000</td><td>Multipunkturstempel</td><td>Εξάρτημα πολλαπλής νύξεως</td><td>Aplicador para punción múltiple</td><td>Applicateur pour multipuncture</td><td>Dispositivo per intradermoreazione per puntura multipla</td><td>Aplicador para punção múltipla</td></tr><tr><td>30041000</td><td>Nasenapplikator</td><td>Εξάρτημα ρινικής προσαρμογής</td><td>Aplicador nasal</td><td>Embout nasal</td><td>Applicatore nasale</td><td>Aplicador nasal</td></tr><tr><td>30042000</td><td>Vernebler</td><td>Εκνεφωτής</td><td>Nebulizador</td><td>Nébuliseur</td><td>Nebulizzatore</td><td>Nebulizador</td></tr><tr><td>30043500</td><td>nadelfreier Injektor</td><td>Σύστημα διαδερμικής χορήγησης χωρίς βελόνα</td><td>Inyector sin aguja</td><td>Injecteur sans aiguille</td><td>Iniettore privo di ago</td><td>Injetor sem seringa</td></tr><tr><td>30044000</td><td>Sprühkopf</td><td>Ρύγχος</td><td>Boquilla</td><td>Embout</td><td>Erogatore</td><td>Adaptador</td></tr><tr><td>30045000</td><td>Applikationsspritze für Zubereitungen zum Einnehmen</td><td>Σύριγγα για χορήγηση από του στόματος</td><td>Jeringa para uso oral</td><td>Seringue pour administration orale</td><td>Siringa per somministrazione orale</td><td>Seringa para uso oral</td></tr><tr><td>30046000</td><td>Pipette</td><td>Πιπέτα</td><td>Pipeta</td><td>Pipette</td><td>Pipetta</td><td>Pipeta</td></tr><tr><td>30053000</td><td>Teststempel</td><td>Εξάρτημα εφαρμογής αλλεργιογόνων δτα νύξεως</td><td>Aplicador para pruebas de alergenos</td><td>Applicateur pour prick test</td><td>Dispositivo per prick test</td><td>Estilete aplicador</td></tr><tr><td>30055000</td><td>Einritzer</td><td>Ακίδα σκαριφισμού</td><td>Escarificador</td><td>Vaccinostyle</td><td>Scarificatore</td><td>Escarificador</td></tr><tr><td>30058000</td><td>Spatel</td><td>Σπαθίδα</td><td>Espátula</td><td>Spatule</td><td>Spatola</td><td>Espátula</td></tr><tr><td>30059000</td><td>Tropfapplikator</td><td>Συσκευή επίχυσης σε σημείο</td><td>Aplicador para unción puntual</td><td>Applicateur pour spot-on</td><td>Applicatore per spot-on</td><td>Aplicador para unção punctiforme</td></tr><tr><td>30063000</td><td>Impfautomat</td><td>Ακίδα εμβολιασμού</td><td>Punzón</td><td>Stylet</td><td>Dispositivo a punta per vaccinazione</td><td>estilete de inoculação</td></tr><tr><td>30068000</td><td>Applikator für ein Schwämmchen zur vaginalen Anwendung</td><td>Συσκευή για ενδοκολπική τοποθέτηση σπόγγων</td><td>Aplicador de esponjas vaginales</td><td>Applicateur pour éponge vaginale</td><td>Applicatore per spugnetta intravaginale</td><td>Aplicador para esponja vaginal</td></tr></table></div>"
  },
  "url" : "http://unicom-project.eu/fhir/ValueSet/administration-device",
  "version" : "0.1.0",
  "name" : "AdministrationDevice",
  "title" : "EDQM Administration Device",
  "status" : "active",
  "experimental" : false,
  "date" : "2023-11-20T21:10:00+00:00",
  "publisher" : "UNICOM",
  "contact" : [{
    "name" : "UNICOM",
    "telecom" : [{
      "system" : "url",
      "value" : "http://unicom-project.eu"
    }]
  }],
  "description" : "ValueSet Administration device from EDQM, DEV, see https://standardterms.edqm.eu/#",
  "immutable" : false,
  "compose" : {
    "include" : [{
      "system" : "https://standardterms.edqm.eu",
      "concept" : [{
        "code" : "13072000",
        "display" : "Oral applicator",
        "designation" : [{
          "language" : "de",
          "value" : "Applikator für die orale Verabreichung"
        },
        {
          "language" : "el",
          "value" : "Εξάρτημα χορήγησης  από του στόματος"
        },
        {
          "language" : "es",
          "value" : "Aplicador para uso oral"
        },
        {
          "language" : "fr",
          "value" : "Applicateur pour administration orale"
        },
        {
          "language" : "it",
          "value" : "Applicatore per somministrazione orale"
        },
        {
          "language" : "pt",
          "value" : "Aplicador oral"
        }]
      },
      {
        "code" : "13114000",
        "display" : "Pen",
        "designation" : [{
          "language" : "de",
          "value" : "Pen"
        },
        {
          "language" : "es",
          "value" : "Pluma"
        },
        {
          "language" : "fr",
          "value" : "Stylo"
        },
        {
          "language" : "it",
          "value" : "Penna"
        },
        {
          "language" : "pt",
          "value" : "Caneta"
        }]
      },
      {
        "code" : "30000500",
        "display" : "Administration system",
        "designation" : [{
          "language" : "de",
          "value" : "Applikationssystem"
        },
        {
          "language" : "el",
          "value" : "Σύστημα χορήγησης"
        },
        {
          "language" : "es",
          "value" : "Sistema de administración"
        },
        {
          "language" : "fr",
          "value" : "Système d'administration"
        },
        {
          "language" : "it",
          "value" : "Sistema di somministrazione"
        },
        {
          "language" : "pt",
          "value" : "Sistema de administração"
        }]
      },
      {
        "code" : "30002000",
        "display" : "Applicator",
        "designation" : [{
          "language" : "de",
          "value" : "Applikator"
        },
        {
          "language" : "el",
          "value" : "Εξάρτημα χορήγησης"
        },
        {
          "language" : "es",
          "value" : "Aplicador"
        },
        {
          "language" : "fr",
          "value" : "Applicateur"
        },
        {
          "language" : "it",
          "value" : "Applicatore"
        },
        {
          "language" : "pt",
          "value" : "Aplicador"
        }]
      },
      {
        "code" : "30003000",
        "display" : "Automatic injection device",
        "designation" : [{
          "language" : "de",
          "value" : "automatischer Injektor"
        },
        {
          "language" : "el",
          "value" : "Συσκευή αυτόματης ένεσης"
        },
        {
          "language" : "es",
          "value" : "Inyector automático"
        },
        {
          "language" : "fr",
          "value" : "Injecteur automatique"
        },
        {
          "language" : "it",
          "value" : "Dispositivo automatico per iniezone"
        },
        {
          "language" : "pt",
          "value" : "Seringa automática"
        }]
      },
      {
        "code" : "30005000",
        "display" : "Balling gun",
        "designation" : [{
          "language" : "de",
          "value" : "Bolusgeber"
        },
        {
          "language" : "el",
          "value" : "Συσκευή χορήγησης βώλων"
        },
        {
          "language" : "es",
          "value" : "Aplicador para administración intrarruminal"
        },
        {
          "language" : "fr",
          "value" : "Applicateur pour dispositif intraruminal"
        },
        {
          "language" : "it",
          "value" : "Applicatore per dispositivo intraruminale"
        },
        {
          "language" : "pt",
          "value" : "Aplicador para bólus"
        }]
      },
      {
        "code" : "30010000",
        "display" : "Brush",
        "designation" : [{
          "language" : "de",
          "value" : "Pinsel"
        },
        {
          "language" : "el",
          "value" : "Ψύκτρα"
        },
        {
          "language" : "es",
          "value" : "Pincel"
        },
        {
          "language" : "fr",
          "value" : "Pinceau applicateur"
        },
        {
          "language" : "it",
          "value" : "Pennello"
        },
        {
          "language" : "pt",
          "value" : "Pincel"
        }]
      },
      {
        "code" : "30012000",
        "display" : "Cannula",
        "designation" : [{
          "language" : "de",
          "value" : "Kanüle"
        },
        {
          "language" : "el",
          "value" : "Σωληνίσκος"
        },
        {
          "language" : "es",
          "value" : "Cánula"
        },
        {
          "language" : "fr",
          "value" : "Canule"
        },
        {
          "language" : "it",
          "value" : "Cannula"
        },
        {
          "language" : "pt",
          "value" : "Cânula"
        }]
      },
      {
        "code" : "30016000",
        "display" : "Cup",
        "designation" : [{
          "language" : "de",
          "value" : "Messbecher"
        },
        {
          "language" : "el",
          "value" : "Κύπελλο"
        },
        {
          "language" : "es",
          "value" : "Vaso dosificador"
        },
        {
          "language" : "fr",
          "value" : "Godet"
        },
        {
          "language" : "it",
          "value" : "Bicchiere dosatore"
        },
        {
          "language" : "pt",
          "value" : "Copo-medida"
        }]
      },
      {
        "code" : "30017000",
        "display" : "Dabbing applicator",
        "designation" : [{
          "language" : "de",
          "value" : "Verschluss mit Tupfer"
        },
        {
          "language" : "el",
          "value" : "Πώμα με εξάρτημα επάλειψης"
        },
        {
          "language" : "es",
          "value" : "Cierre con aplicador para toques"
        },
        {
          "language" : "fr",
          "value" : "Embout applicateur"
        },
        {
          "language" : "it",
          "value" : "Tappo con applicatore"
        },
        {
          "language" : "pt",
          "value" : "Fecho com aplicador de contacto"
        }]
      },
      {
        "code" : "30018200",
        "display" : "Dose dispenser",
        "designation" : [{
          "language" : "de",
          "value" : "Dosiergerät"
        },
        {
          "language" : "el",
          "value" : "Δοσομετρητής"
        },
        {
          "language" : "es",
          "value" : "Dispensador de dosis"
        },
        {
          "language" : "fr",
          "value" : "Dispensateur de dose"
        },
        {
          "language" : "it",
          "value" : "Dispensatore di dose"
        },
        {
          "language" : "pt",
          "value" : "Dispensador de dose"
        }]
      },
      {
        "code" : "30019000",
        "display" : "Dredging applicator",
        "designation" : [{
          "language" : "de",
          "value" : "Verschluss mit Streuvorrichtung"
        },
        {
          "language" : "el",
          "value" : "Πώμα με εξάρτημα επίπασης"
        },
        {
          "language" : "es",
          "value" : "Cierre espolvoreador"
        },
        {
          "language" : "fr",
          "value" : "Embout poudreur"
        },
        {
          "language" : "it",
          "value" : "Aspersore"
        },
        {
          "language" : "pt",
          "value" : "Fecho polvilhador"
        }]
      },
      {
        "code" : "30021000",
        "display" : "Drench gun",
        "designation" : [{
          "language" : "de",
          "value" : "Applikator für eine Flüssigkeit zum Einnehmen"
        },
        {
          "language" : "el",
          "value" : "Συσκευή χορήγησης στοματικών διαλυμάτων"
        },
        {
          "language" : "es",
          "value" : "Pistola dosificadora"
        },
        {
          "language" : "fr",
          "value" : "Embout buccal"
        },
        {
          "language" : "it",
          "value" : "Pistola dosatrice per somministrazioni orali"
        },
        {
          "language" : "pt",
          "value" : "Pistola doseadora"
        }]
      },
      {
        "code" : "30022000",
        "display" : "Dropper applicator",
        "designation" : [{
          "language" : "de",
          "value" : "Verschluss mit Tropfer"
        },
        {
          "language" : "el",
          "value" : "Σταγονομετρικό βιδωτό πώμα"
        },
        {
          "language" : "es",
          "value" : "Tapón cuentagotas"
        },
        {
          "language" : "fr",
          "value" : "Embout compte-gouttes"
        },
        {
          "language" : "it",
          "value" : "Contagocce"
        },
        {
          "language" : "pt",
          "value" : "Fecho conta-gotas"
        }]
      },
      {
        "code" : "30025000",
        "display" : "High pressure transdermal delivery device",
        "designation" : [{
          "language" : "de",
          "value" : "Intradermaldruckinjektor"
        },
        {
          "language" : "el",
          "value" : "Σύστημα διαδερμικής χορήγησης υπό πίεση"
        },
        {
          "language" : "es",
          "value" : "Dispositivo a presión para liberación transdermica"
        },
        {
          "language" : "fr",
          "value" : "Injecteur intradermique sous pression"
        },
        {
          "language" : "it",
          "value" : "Dispositivo sotto pressione a rilascio transdermico"
        },
        {
          "language" : "pt",
          "value" : "Injector transdérmico sob pressão"
        }]
      },
      {
        "code" : "30026000",
        "display" : "Implanter",
        "designation" : [{
          "language" : "de",
          "value" : "Implantatinjektor"
        },
        {
          "language" : "el",
          "value" : "Συσκευή εμφύτευσης"
        },
        {
          "language" : "es",
          "value" : "Inyector de implantes"
        },
        {
          "language" : "fr",
          "value" : "Pistolet pour implant"
        },
        {
          "language" : "it",
          "value" : "Iniettore per impianto"
        },
        {
          "language" : "pt",
          "value" : "Seringa para implantes"
        }]
      },
      {
        "code" : "30026500",
        "display" : "Inhaler",
        "designation" : [{
          "language" : "de",
          "value" : "Inhalator"
        },
        {
          "language" : "el",
          "value" : "Συσκευή εισπνοής"
        },
        {
          "language" : "es",
          "value" : "Inhalador"
        },
        {
          "language" : "fr",
          "value" : "Inhalateur"
        },
        {
          "language" : "it",
          "value" : "Inalatore"
        },
        {
          "language" : "pt",
          "value" : "Inalador"
        }]
      },
      {
        "code" : "30027000",
        "display" : "In-ovo injection device",
        "designation" : [{
          "language" : "de",
          "value" : "Eiinjektor"
        },
        {
          "language" : "el",
          "value" : "Συσκευή χορήγησης in ovo"
        },
        {
          "language" : "es",
          "value" : "Inyector automático in ovo"
        },
        {
          "language" : "fr",
          "value" : "Dispositif pour injection in ovo"
        },
        {
          "language" : "it",
          "value" : "Dispositivo per iniezione in ovo"
        },
        {
          "language" : "pt",
          "value" : "Seringa para via transcoriónica"
        }]
      },
      {
        "code" : "30028000",
        "display" : "Injection needle",
        "designation" : [{
          "language" : "de",
          "value" : "Injektionsnadel"
        },
        {
          "language" : "el",
          "value" : "Βελόνη σύριγγας"
        },
        {
          "language" : "es",
          "value" : "Aguja para inyección"
        },
        {
          "language" : "fr",
          "value" : "Aiguille"
        },
        {
          "language" : "it",
          "value" : "Ago per iniezione"
        },
        {
          "language" : "pt",
          "value" : "Agulha para injecção"
        }]
      },
      {
        "code" : "30029000",
        "display" : "Injection syringe",
        "designation" : [{
          "language" : "de",
          "value" : "Injektionsspritze"
        },
        {
          "language" : "el",
          "value" : "Σύριγγα ένεσης"
        },
        {
          "language" : "es",
          "value" : "Jeringa para inyección"
        },
        {
          "language" : "fr",
          "value" : "Seringue"
        },
        {
          "language" : "it",
          "value" : "Siringa per iniezione"
        },
        {
          "language" : "pt",
          "value" : "Seringa para injectáveis"
        }]
      },
      {
        "code" : "30030000",
        "display" : "Internal graduated calibration chamber",
        "designation" : [{
          "language" : "de",
          "value" : "Intern graduierte Dosierkammer"
        },
        {
          "language" : "el",
          "value" : "Δοσιμετρικό εξάρτημα"
        },
        {
          "language" : "es",
          "value" : "Dispensador de dosis múltiples"
        },
        {
          "language" : "fr",
          "value" : "Dispositif à cran d'arrêt"
        },
        {
          "language" : "it",
          "value" : "Bolo ruminale"
        },
        {
          "language" : "pt",
          "value" : "Câmara de calibração graduada"
        }]
      },
      {
        "code" : "30031000",
        "display" : "Intramammary syringe",
        "designation" : [{
          "language" : "de",
          "value" : "Euterinjektor"
        },
        {
          "language" : "el",
          "value" : "Ενδομαστική σύριγγα"
        },
        {
          "language" : "es",
          "value" : "Jeringa intramamaria"
        },
        {
          "language" : "fr",
          "value" : "Seringue pour administration intramammaire"
        },
        {
          "language" : "it",
          "value" : "Siringa intramammaria"
        },
        {
          "language" : "pt",
          "value" : "Injetor intramamário"
        }]
      },
      {
        "code" : "30033000",
        "display" : "Measuring device",
        "designation" : [{
          "language" : "de",
          "value" : "Dosierhilfe"
        },
        {
          "language" : "el",
          "value" : "Δοσιμετρικό εξάρτημα"
        },
        {
          "language" : "es",
          "value" : "Dosificador"
        },
        {
          "language" : "fr",
          "value" : "Dispositif de mesure"
        },
        {
          "language" : "it",
          "value" : "Dosatore"
        },
        {
          "language" : "pt",
          "value" : "Dispositivo doseador"
        }]
      },
      {
        "code" : "30034000",
        "display" : "Measuring spoon",
        "designation" : [{
          "language" : "de",
          "value" : "Messlöffel"
        },
        {
          "language" : "el",
          "value" : "Δοσιμετρικό κοχλιάριο"
        },
        {
          "language" : "es",
          "value" : "Cucharilla de medida"
        },
        {
          "language" : "fr",
          "value" : "Cuillère-mesure"
        },
        {
          "language" : "it",
          "value" : "Cucchiaio dosatore"
        },
        {
          "language" : "pt",
          "value" : "Colher-medida"
        }]
      },
      {
        "code" : "30037000",
        "display" : "Mouthpiece",
        "designation" : [{
          "language" : "de",
          "value" : "Mundstück"
        },
        {
          "language" : "el",
          "value" : "Εξάρτημα στοματικής προσαρμογής"
        },
        {
          "language" : "es",
          "value" : "Aplicador bucal"
        },
        {
          "language" : "fr",
          "value" : "Embout buccal"
        },
        {
          "language" : "it",
          "value" : "Boccaglio"
        },
        {
          "language" : "pt",
          "value" : "Aplicador bucal"
        }]
      },
      {
        "code" : "30040000",
        "display" : "Multipuncturer",
        "designation" : [{
          "language" : "de",
          "value" : "Multipunkturstempel"
        },
        {
          "language" : "el",
          "value" : "Εξάρτημα πολλαπλής νύξεως"
        },
        {
          "language" : "es",
          "value" : "Aplicador para punción múltiple"
        },
        {
          "language" : "fr",
          "value" : "Applicateur pour multipuncture"
        },
        {
          "language" : "it",
          "value" : "Dispositivo per intradermoreazione per puntura multipla"
        },
        {
          "language" : "pt",
          "value" : "Aplicador para punção múltipla"
        }]
      },
      {
        "code" : "30041000",
        "display" : "Nasal applicator",
        "designation" : [{
          "language" : "de",
          "value" : "Nasenapplikator"
        },
        {
          "language" : "el",
          "value" : "Εξάρτημα ρινικής προσαρμογής"
        },
        {
          "language" : "es",
          "value" : "Aplicador nasal"
        },
        {
          "language" : "fr",
          "value" : "Embout nasal"
        },
        {
          "language" : "it",
          "value" : "Applicatore nasale"
        },
        {
          "language" : "pt",
          "value" : "Aplicador nasal"
        }]
      },
      {
        "code" : "30042000",
        "display" : "Nebuliser",
        "designation" : [{
          "language" : "de",
          "value" : "Vernebler"
        },
        {
          "language" : "el",
          "value" : "Εκνεφωτής"
        },
        {
          "language" : "es",
          "value" : "Nebulizador"
        },
        {
          "language" : "fr",
          "value" : "Nébuliseur"
        },
        {
          "language" : "it",
          "value" : "Nebulizzatore"
        },
        {
          "language" : "pt",
          "value" : "Nebulizador"
        }]
      },
      {
        "code" : "30043500",
        "display" : "Needle-free injector",
        "designation" : [{
          "language" : "de",
          "value" : "nadelfreier Injektor"
        },
        {
          "language" : "el",
          "value" : "Σύστημα διαδερμικής χορήγησης χωρίς βελόνα"
        },
        {
          "language" : "es",
          "value" : "Inyector sin aguja"
        },
        {
          "language" : "fr",
          "value" : "Injecteur sans aiguille"
        },
        {
          "language" : "it",
          "value" : "Iniettore privo di ago"
        },
        {
          "language" : "pt",
          "value" : "Injetor sem seringa"
        }]
      },
      {
        "code" : "30044000",
        "display" : "Nozzle",
        "designation" : [{
          "language" : "de",
          "value" : "Sprühkopf"
        },
        {
          "language" : "el",
          "value" : "Ρύγχος"
        },
        {
          "language" : "es",
          "value" : "Boquilla"
        },
        {
          "language" : "fr",
          "value" : "Embout"
        },
        {
          "language" : "it",
          "value" : "Erogatore"
        },
        {
          "language" : "pt",
          "value" : "Adaptador"
        }]
      },
      {
        "code" : "30045000",
        "display" : "Oral syringe",
        "designation" : [{
          "language" : "de",
          "value" : "Applikationsspritze für Zubereitungen zum Einnehmen"
        },
        {
          "language" : "el",
          "value" : "Σύριγγα για χορήγηση από του στόματος"
        },
        {
          "language" : "es",
          "value" : "Jeringa para uso oral"
        },
        {
          "language" : "fr",
          "value" : "Seringue pour administration orale"
        },
        {
          "language" : "it",
          "value" : "Siringa per somministrazione orale"
        },
        {
          "language" : "pt",
          "value" : "Seringa para uso oral"
        }]
      },
      {
        "code" : "30046000",
        "display" : "Pipette",
        "designation" : [{
          "language" : "de",
          "value" : "Pipette"
        },
        {
          "language" : "el",
          "value" : "Πιπέτα"
        },
        {
          "language" : "es",
          "value" : "Pipeta"
        },
        {
          "language" : "fr",
          "value" : "Pipette"
        },
        {
          "language" : "it",
          "value" : "Pipetta"
        },
        {
          "language" : "pt",
          "value" : "Pipeta"
        }]
      },
      {
        "code" : "30053000",
        "display" : "Prick test applicator",
        "designation" : [{
          "language" : "de",
          "value" : "Teststempel"
        },
        {
          "language" : "el",
          "value" : "Εξάρτημα εφαρμογής αλλεργιογόνων δτα νύξεως"
        },
        {
          "language" : "es",
          "value" : "Aplicador para pruebas de alergenos"
        },
        {
          "language" : "fr",
          "value" : "Applicateur pour prick test"
        },
        {
          "language" : "it",
          "value" : "Dispositivo per prick test"
        },
        {
          "language" : "pt",
          "value" : "Estilete aplicador"
        }]
      },
      {
        "code" : "30055000",
        "display" : "Scarifier",
        "designation" : [{
          "language" : "de",
          "value" : "Einritzer"
        },
        {
          "language" : "el",
          "value" : "Ακίδα σκαριφισμού"
        },
        {
          "language" : "es",
          "value" : "Escarificador"
        },
        {
          "language" : "fr",
          "value" : "Vaccinostyle"
        },
        {
          "language" : "it",
          "value" : "Scarificatore"
        },
        {
          "language" : "pt",
          "value" : "Escarificador"
        }]
      },
      {
        "code" : "30058000",
        "display" : "Spatula",
        "designation" : [{
          "language" : "de",
          "value" : "Spatel"
        },
        {
          "language" : "el",
          "value" : "Σπαθίδα"
        },
        {
          "language" : "es",
          "value" : "Espátula"
        },
        {
          "language" : "fr",
          "value" : "Spatule"
        },
        {
          "language" : "it",
          "value" : "Spatola"
        },
        {
          "language" : "pt",
          "value" : "Espátula"
        }]
      },
      {
        "code" : "30059000",
        "display" : "Spot-on applicator",
        "designation" : [{
          "language" : "de",
          "value" : "Tropfapplikator"
        },
        {
          "language" : "el",
          "value" : "Συσκευή επίχυσης σε σημείο"
        },
        {
          "language" : "es",
          "value" : "Aplicador para unción puntual"
        },
        {
          "language" : "fr",
          "value" : "Applicateur pour spot-on"
        },
        {
          "language" : "it",
          "value" : "Applicatore per spot-on"
        },
        {
          "language" : "pt",
          "value" : "Aplicador para unção punctiforme"
        }]
      },
      {
        "code" : "30063000",
        "display" : "Stab vaccinator",
        "designation" : [{
          "language" : "de",
          "value" : "Impfautomat"
        },
        {
          "language" : "el",
          "value" : "Ακίδα εμβολιασμού"
        },
        {
          "language" : "es",
          "value" : "Punzón"
        },
        {
          "language" : "fr",
          "value" : "Stylet"
        },
        {
          "language" : "it",
          "value" : "Dispositivo a punta per vaccinazione"
        },
        {
          "language" : "pt",
          "value" : "estilete de inoculação"
        }]
      },
      {
        "code" : "30068000",
        "display" : "Vaginal sponge applicator",
        "designation" : [{
          "language" : "de",
          "value" : "Applikator für ein Schwämmchen zur vaginalen Anwendung"
        },
        {
          "language" : "el",
          "value" : "Συσκευή για ενδοκολπική τοποθέτηση σπόγγων"
        },
        {
          "language" : "es",
          "value" : "Aplicador de esponjas vaginales"
        },
        {
          "language" : "fr",
          "value" : "Applicateur pour éponge vaginale"
        },
        {
          "language" : "it",
          "value" : "Applicatore per spugnetta intravaginale"
        },
        {
          "language" : "pt",
          "value" : "Aplicador para esponja vaginal"
        }]
      }]
    }]
  }
}