{
  "resourceType" : "ValueSet",
  "id" : "pharmaceutical-doseform-vs",
  "text" : {
    "status" : "generated",
    "div" : "<div xmlns=\"http://www.w3.org/1999/xhtml\"><ul><li>Include all codes defined in <a href=\"CodeSystem-pharmaceutical-dose-form-ema-cs.html\"><code>https://spor.ema.europa.eu/v1/lists/200000000004</code></a></li></ul></div>"
  },
  "url" : "http://unicom-project.eu/fhir/ValueSet/pharmaceutical-doseform-vs",
  "version" : "0.1.0",
  "name" : "PharmaceuticalDoseForm",
  "title" : "EMA SPOR Pharmaceutical Dose Form",
  "status" : "draft",
  "experimental" : false,
  "date" : "2023-11-20T21:10:00+00:00",
  "publisher" : "UNICOM",
  "contact" : [{
    "name" : "UNICOM",
    "telecom" : [{
      "system" : "url",
      "value" : "http://unicom-project.eu"
    }]
  }],
  "description" : "Pharmaceutical dose form. Does not include combination dose forms.",
  "compose" : {
    "include" : [{
      "system" : "https://spor.ema.europa.eu/v1/lists/200000000004"
    }]
  }
}