<?xml version="1.0" encoding="UTF-8"?>

<CodeSystem xmlns="http://hl7.org/fhir">
  <id value="ATC-Human-EMA"/>
  <text>
    <status value="generated"/><div xmlns="http://www.w3.org/1999/xhtml"><p>This code system <code>https://spor.ema.europa.eu/v1/lists/100000093533</code> defines the following codes:</p><table class="codes"><tr><td style="white-space:nowrap"><b>Code</b></td><td><b>Display</b></td><td><b>Definition</b></td></tr><tr><td style="white-space:nowrap">100000095729<a name="ATC-Human-EMA-100000095729"> </a></td><td>OTHER GYNECOLOGICALS</td><td>G02</td></tr><tr><td style="white-space:nowrap">100000095065<a name="ATC-Human-EMA-100000095065"> </a></td><td>amlodipine</td><td>C08CA01</td></tr><tr><td style="white-space:nowrap">100000116213<a name="ATC-Human-EMA-100000116213"> </a></td><td>valsartan, amlodipine and hydrochlorothiazide</td><td>C09DX01</td></tr><tr><td style="white-space:nowrap">100000095785<a name="ATC-Human-EMA-100000095785"> </a></td><td>drospirenone and ethinylestradiol</td><td>G03AA12</td></tr><tr><td style="white-space:nowrap">100000097305<a name="ATC-Human-EMA-100000097305"> </a></td><td>paracetamol</td><td>N02BE01</td></tr><tr><td style="white-space:nowrap">100000096183<a name="ATC-Human-EMA-100000096183"> </a></td><td>cefuroxime</td><td>J01DC02</td></tr><tr><td style="white-space:nowrap">100000096162<a name="ATC-Human-EMA-100000096162"> </a></td><td>amoxicillin and beta-lactamase inhibitor</td><td>J01CR02</td></tr><tr><td style="white-space:nowrap">100000094266<a name="ATC-Human-EMA-100000094266"> </a></td><td>enoxaparin</td><td>B01AB05</td></tr><tr><td style="white-space:nowrap">100000095693<a name="ATC-Human-EMA-100000095693"> </a></td><td>clotrimazole</td><td>G01AF02</td></tr><tr><td style="white-space:nowrap">100000094023<a name="ATC-Human-EMA-100000094023"> </a></td><td>insulin glargine</td><td>A10AE04</td></tr></table></div>
  </text>
  <url value="https://spor.ema.europa.eu/v1/lists/100000093533"/>
  <version value="0.1.0"/>
  <name value="ATC_Human_EMA"/>
  <title value="ATC Human EMA"/>
  <status value="draft"/>
  <experimental value="false"/>
  <date value="2023-02-24T10:33:27+00:00"/>
  <publisher value="UNICOM"/>
  <contact>
    <name value="UNICOM"/>
    <telecom>
      <system value="url"/>
      <value value="http://unicom-project.eu"/>
    </telecom>
  </contact>
  <description value="ATC classification recoded with EMA SPOR RMS codes. Flat list, WHO ATC codes provided in description field for easier use."/>
  <caseSensitive value="true"/>
  <compositional value="false"/>
  <content value="complete"/>
  <count value="10"/>
  <concept>
    <code value="100000095729"/>
    <display value="OTHER GYNECOLOGICALS"/>
    <definition value="G02"/>
  </concept>
  <concept>
    <code value="100000095065"/>
    <display value="amlodipine"/>
    <definition value="C08CA01"/>
  </concept>
  <concept>
    <code value="100000116213"/>
    <display value="valsartan, amlodipine and hydrochlorothiazide"/>
    <definition value="C09DX01"/>
  </concept>
  <concept>
    <code value="100000095785"/>
    <display value="drospirenone and ethinylestradiol"/>
    <definition value="G03AA12"/>
  </concept>
  <concept>
    <code value="100000097305"/>
    <display value="paracetamol"/>
    <definition value="N02BE01"/>
  </concept>
  <concept>
    <code value="100000096183"/>
    <display value="cefuroxime"/>
    <definition value="J01DC02"/>
  </concept>
  <concept>
    <code value="100000096162"/>
    <display value="amoxicillin and beta-lactamase inhibitor"/>
    <definition value="J01CR02"/>
  </concept>
  <concept>
    <code value="100000094266"/>
    <display value="enoxaparin"/>
    <definition value="B01AB05"/>
  </concept>
  <concept>
    <code value="100000095693"/>
    <display value="clotrimazole"/>
    <definition value="G01AF02"/>
  </concept>
  <concept>
    <code value="100000094023"/>
    <display value="insulin glargine"/>
    <definition value="A10AE04"/>
  </concept>
</CodeSystem>