<?xml version="1.0" encoding="UTF-8"?>

<ValueSet xmlns="http://hl7.org/fhir">
  <id value="release-characteristics"/>
  <text>
    <status value="generated"/><div xmlns="http://www.w3.org/1999/xhtml"><ul><li>Include these codes as defined in <code>https://standardterms.edqm.eu</code><table class="none"><tr><td style="white-space:nowrap"><b>Code</b></td><td><b>Display</b></td></tr><tr><td>0044</td><td>Delayed</td></tr><tr><td>0045</td><td>Prolonged</td></tr><tr><td>0046</td><td>Modified</td></tr><tr><td>0047</td><td>Conventional</td></tr><tr><td>0048</td><td>Unknown</td></tr></table></li></ul></div>
  </text>
  <url value="http://unicom-project.eu/fhir/ValueSet/release-characteristics"/>
  <version value="0.1.0"/>
  <name value="ReleaseCharacteristics"/>
  <title value="Release characteristics"/>
  <status value="active"/>
  <experimental value="false"/>
  <date value="2023-02-24T10:33:27+00:00"/>
  <publisher value="UNICOM"/>
  <contact>
    <name value="UNICOM"/>
    <telecom>
      <system value="url"/>
      <value value="http://unicom-project.eu"/>
    </telecom>
  </contact>
  <description value="ValueSet Release characteristics from EDQM, RCA, see https://standardterms.edqm.eu/#"/>
  <immutable value="false"/>
  <compose>
    <include>
      <system value="https://standardterms.edqm.eu"/>
      <concept>
        <code value="0044"/>
        <display value="Delayed"/>
      </concept>
      <concept>
        <code value="0045"/>
        <display value="Prolonged"/>
      </concept>
      <concept>
        <code value="0046"/>
        <display value="Modified"/>
      </concept>
      <concept>
        <code value="0047"/>
        <display value="Conventional"/>
      </concept>
      <concept>
        <code value="0048"/>
        <display value="Unknown"/>
      </concept>
    </include>
  </compose>
</ValueSet>