<?xml version="1.0" encoding="UTF-8"?>

<ValueSet xmlns="http://hl7.org/fhir">
  <id value="mapping"/>
  <text>
    <status value="generated"/><div xmlns="http://www.w3.org/1999/xhtml"><ul><li>Include all codes defined in <code>https://standardterms.edqm.eu</code></li></ul></div>
  </text>
  <url value="http://unicom-project.eu/fhir/ValueSet/mapping"/>
  <version value="0.1.0"/>
  <name value="Mapping"/>
  <title value="Mapping"/>
  <status value="active"/>
  <experimental value="false"/>
  <date value="2023-02-24T10:33:27+00:00"/>
  <publisher value="UNICOM"/>
  <contact>
    <name value="UNICOM"/>
    <telecom>
      <system value="url"/>
      <value value="http://unicom-project.eu"/>
    </telecom>
  </contact>
  <description value="ValueSet Mapping from EDQM, MAP, see https://standardterms.edqm.eu/#"/>
  <immutable value="false"/>
  <compose>
    <include>
      <system value="https://standardterms.edqm.eu"/>
    </include>
  </compose>
</ValueSet>