<?xml version="1.0" encoding="UTF-8"?>

<CodeSystem xmlns="http://hl7.org/fhir">
  <id value="dose-form-ontology-cs"/>
  <text>
    <status value="generated"/><div xmlns="http://www.w3.org/1999/xhtml"><p>This code system <code>http://medigree.net/fhir/ee/idmp/CodeSystem/dose-form-ontology-cs</code> defines the following codes:</p><table class="codes"><tr><td><b>Lvl</b></td><td style="white-space:nowrap"><b>Code</b></td><td><b>Display</b></td><td><b>Definition</b></td></tr><tr><td>1</td><td style="white-space:nowrap">20053000<a name="dose-form-ontology-cs-20053000"> </a></td><td>Oral use</td><td>Oral Use</td></tr><tr><td>2</td><td style="white-space:nowrap">  10220XXX<a name="dose-form-ontology-cs-10220XXX"> </a></td><td>Capsule</td><td>Capsule</td></tr><tr><td>2</td><td style="white-space:nowrap">  10220000<a name="dose-form-ontology-cs-10220000"> </a></td><td>Tablet</td><td>Tablet</td></tr><tr><td>3</td><td style="white-space:nowrap">    10318000<a name="dose-form-ontology-cs-10318000"> </a></td><td>Sublingual tablet</td><td>Sublingual tablet</td></tr></table><p><b>Additional Language Displays</b></p><table class="codes"><tr><td><b>Code</b></td><td><b>English (English, en)</b></td><td><b>French (Belgium) (fr)</b></td><td><b>Nederlands (België) (Dutch (Belgium), nl)</b></td></tr><tr><td>20053000</td><td>Oral use</td><td>Voie orale</td><td>Oraal gebruik</td></tr></table></div>
  </text>
  <url value="http://medigree.net/fhir/ee/idmp/CodeSystem/dose-form-ontology-cs"/>
  <version value="0.1.0"/>
  <name value="DoseFormOntologyCS"/>
  <title value="Dose Form Ontology Code System"/>
  <status value="active"/>
  <date value="2022-10-12T11:16:51+00:00"/>
  <publisher value="UNICOM"/>
  <contact>
    <name value="UNICOM"/>
    <telecom>
      <system value="url"/>
      <value value="http://medigree.net"/>
    </telecom>
  </contact>
  <hierarchyMeaning value="is-a"/>
  <content value="complete"/>
  <count value="4"/>
  <concept>
    <code value="20053000"/>
    <display value="Oral use"/>
    <definition value="Oral Use"/>
    <designation>
      <language value="en"/>
      <value value="Oral use"/>
    </designation>
    <designation>
      <language value="nl-BE"/>
      <value value="Oraal gebruik"/>
    </designation>
    <designation>
      <language value="fr-BE"/>
      <value value="Voie orale"/>
    </designation>
    <concept>
      <code value="10220XXX"/>
      <display value="Capsule"/>
      <definition value="Capsule"/>
      <designation>
        <language value="en"/>
        <value value="Capsule"/>
      </designation>
      <designation>
        <language value="nl-BE"/>
        <value value="X"/>
      </designation>
      <designation>
        <language value="fr-BE"/>
        <value value="Y"/>
      </designation>
    </concept>
    <concept>
      <code value="10220000"/>
      <display value="Tablet"/>
      <definition value="Tablet"/>
      <designation>
        <language value="en"/>
        <value value="Tablet"/>
      </designation>
      <designation>
        <language value="nl-BE"/>
        <value value="X"/>
      </designation>
      <designation>
        <language value="fr-BE"/>
        <value value="Y"/>
      </designation>
      <concept>
        <code value="10318000"/>
        <display value="Sublingual tablet"/>
        <definition value="Sublingual tablet"/>
        <designation>
          <language value="en"/>
          <value value="Sublingual tablet"/>
        </designation>
      </concept>
    </concept>
  </concept>
</CodeSystem>