<?xml version="1.0" encoding="UTF-8"?>

<Bundle xmlns="http://hl7.org/fhir">
  <id value="AMLmedvalley-5mg-Tablet-SE-IS-MedicinalProductDefinition-BBDL"/>
  <type value="collection"/>
  <entry>
    <fullUrl value="https://hl7-eu.github.io/unicom-ig/branches/mpd-r4b/MedicinalProductDefinition/AMLmedvalley-5mg-Tablet-SE-IS-MedicinalProductDefinition"/>
    <resource>
      <MedicinalProductDefinition>
        <id value="AMLmedvalley-5mg-Tablet-SE-IS-MedicinalProductDefinition"/>
        <meta>
          <profile value="http://unicom-project.eu/fhir/StructureDefinition/PPLMedicinalProductDefinition"/>
        </meta>
        <text>
          <status value="generated"/><div xmlns="http://www.w3.org/1999/xhtml"><p><b>Generated Narrative: MedicinalProductDefinition</b><a name="AMLmedvalley-5mg-Tablet-SE-IS-MedicinalProductDefinition"> </a></p><div style="display: inline-block; background-color: #d9e0e7; padding: 6px; margin: 4px; border: 1px solid #8da1b4; border-radius: 5px; line-height: 60%"><p style="margin-bottom: 0px">Resource MedicinalProductDefinition &quot;AMLmedvalley-5mg-Tablet-SE-IS-MedicinalProductDefinition&quot; </p><p style="margin-bottom: 0px">Profile: <a href="StructureDefinition-PPLMedicinalProductDefinition.html">PPL Medicinal Product profile</a></p></div><p><b>identifier</b>: id: SE-100004388-00057541</p><p><b>domain</b>: Human use <span style="background: LightGoldenRodYellow; margin: 4px; border: 1px solid khaki"> (<a href="CodeSystem-domain-ema-cs.html">Domain EMA</a>#100000000012)</span></p><p><b>status</b>: Current <span style="background: LightGoldenRodYellow; margin: 4px; border: 1px solid khaki"> (<a href="CodeSystem-recordStatus-ema-cs.html">Record Status EMA SPOR</a>#200000005004)</span></p><p><b>combinedPharmaceuticalDoseForm</b>: Tablet <span style="background: LightGoldenRodYellow; margin: 4px; border: 1px solid khaki"> (<a href="CodeSystem-pharmaceutical-dose-form-ema-cs.html">Pharmaceutical Dose Form EMA</a>#100000073664)</span></p><p><b>indication</b>: Hypertoni Kronisk stabil angina pectoris Vasospastisk (Prinzmetals) angina</p><p><b>legalStatusOfSupply</b>: Medicinal product subject to medical prescription <span style="background: LightGoldenRodYellow; margin: 4px; border: 1px solid khaki"> (<a href="CodeSystem-legal-status-for-the-supply-ema-cs.html">Legal Status for the Supply EMA</a>#100000072084)</span></p><p><b>classification</b>: amlodipine <span style="background: LightGoldenRodYellow; margin: 4px; border: 1px solid khaki"> (<a href="CodeSystem-ATC-Human-EMA.html">ATC Human EMA</a>#100000095065)</span>, amlodipine <span style="background: LightGoldenRodYellow; margin: 4px; border: 1px solid khaki"> (<a href="http://terminology.hl7.org/5.3.0/CodeSystem-v3-WC.html">WHO ATC</a>#C08CA01)</span></p><blockquote><p><b>name</b></p><p><b>productName</b>: Amlodipin Medical Valley 5 mg Tablett</p><blockquote><p><b>part</b></p><p><b>part</b>: Amlodipin Medical Valley</p><p><b>type</b>: Invented name part <span style="background: LightGoldenRodYellow; margin: 4px; border: 1px solid khaki"> (220000000000#220000000002)</span></p></blockquote><blockquote><p><b>part</b></p><p><b>part</b>: 5 mg</p><p><b>type</b>: Strength part <span style="background: LightGoldenRodYellow; margin: 4px; border: 1px solid khaki"> (220000000000#220000000004)</span></p></blockquote><blockquote><p><b>part</b></p><p><b>part</b>: Tablett</p><p><b>type</b>: Pharmaceutical dose form part <span style="background: LightGoldenRodYellow; margin: 4px; border: 1px solid khaki"> (220000000000#220000000005)</span></p></blockquote><h3>Usages</h3><table class="grid"><tr><td style="display: none">-</td><td><b>Country</b></td><td><b>Language</b></td></tr><tr><td style="display: none">*</td><td>Kingdom of Sweden <span style="background: LightGoldenRodYellow; margin: 4px; border: 1px solid khaki"> (<a href="CodeSystem-country-ema-cs.html">Country EMA</a>#100000000535)</span></td><td>Swedish <span style="background: LightGoldenRodYellow; margin: 4px; border: 1px solid khaki"> (<a href="http://terminology.hl7.org/5.3.0/CodeSystem-v3-ietf3066.html">Tags for the Identification of Languages</a>#sv)</span></td></tr></table></blockquote></div>
        </text>
        <identifier>
          <system value="http://ema.europa.eu/fhir/mpId"/>
          <value value="SE-100004388-00057541"/>
        </identifier>
        <domain>
          <coding>
            <system value="https://spor.ema.europa.eu/v1/lists/100000000004"/>
            <code value="100000000012"/>
            <display value="Human use"/>
          </coding>
        </domain>
        <status>
          <coding>
            <system value="https://spor.ema.europa.eu/v1/lists/200000005003"/>
            <code value="200000005004"/>
            <display value="Current"/>
          </coding>
        </status>
        <combinedPharmaceuticalDoseForm>
          <coding>
            <system value="https://spor.ema.europa.eu/v1/lists/200000000004"/>
            <code value="100000073664"/>
            <display value="Tablet"/>
          </coding>
        </combinedPharmaceuticalDoseForm>
        <indication value="Hypertoni Kronisk stabil angina pectoris Vasospastisk (Prinzmetals) angina"/>
        <legalStatusOfSupply>
          <coding>
            <system value="https://spor.ema.europa.eu/v1/lists/100000072051"/>
            <code value="100000072084"/>
            <display value="Medicinal product subject to medical prescription"/>
          </coding>
        </legalStatusOfSupply>
        <classification>
          <coding>
            <system value="https://spor.ema.europa.eu/v1/lists/100000093533"/>
            <code value="100000095065"/>
            <display value="amlodipine"/>
          </coding>
        </classification>
        <classification>
          <coding>
            <system value="http://www.whocc.no/atc"/>
            <code value="C08CA01"/>
            <display value="amlodipine"/>
          </coding>
        </classification>
        <name>
          <productName value="Amlodipin Medical Valley 5 mg Tablett"/>
          <part>
            <part value="Amlodipin Medical Valley"/>
            <type>
              <coding>
                <system value="https://spor.ema.europa.eu/v1/lists/220000000000"/>
                <code value="220000000002"/>
                <display value="Invented name part"/>
              </coding>
            </type>
          </part>
          <part>
            <part value="5 mg"/>
            <type>
              <coding>
                <system value="https://spor.ema.europa.eu/v1/lists/220000000000"/>
                <code value="220000000004"/>
                <display value="Strength part"/>
              </coding>
            </type>
          </part>
          <part>
            <part value="Tablett"/>
            <type>
              <coding>
                <system value="https://spor.ema.europa.eu/v1/lists/220000000000"/>
                <code value="220000000005"/>
                <display value="Pharmaceutical dose form part"/>
              </coding>
            </type>
          </part>
          <usage>
            <country>
              <coding>
                <system value="https://spor.ema.europa.eu/v1/lists/100000000002"/>
                <code value="100000000535"/>
                <display value="Kingdom of Sweden"/>
              </coding>
            </country>
            <language>
              <coding>
                <system value="urn:ietf:bcp:47"/>
                <code value="sv"/>
                <display value="Swedish"/>
              </coding>
            </language>
          </usage>
        </name>
      </MedicinalProductDefinition>
    </resource>
  </entry>
  <entry>
    <fullUrl value="https://hl7-eu.github.io/unicom-ig/branches/mpd-r4b/AdministrableProductDefinition/AMLmedvalley-5mg-Tablet-SE-IS-AdministrableProductDefinition"/>
    <resource>
      <AdministrableProductDefinition>
        <id value="AMLmedvalley-5mg-Tablet-SE-IS-AdministrableProductDefinition"/>
        <meta>
          <profile value="http://unicom-project.eu/fhir/StructureDefinition/PPLAdministrableProductDefinition"/>
        </meta>
        <text>
          <status value="generated"/><div xmlns="http://www.w3.org/1999/xhtml"><p><b>Generated Narrative: AdministrableProductDefinition</b><a name="AMLmedvalley-5mg-Tablet-SE-IS-AdministrableProductDefinition"> </a></p><div style="display: inline-block; background-color: #d9e0e7; padding: 6px; margin: 4px; border: 1px solid #8da1b4; border-radius: 5px; line-height: 60%"><p style="margin-bottom: 0px">Resource AdministrableProductDefinition &quot;AMLmedvalley-5mg-Tablet-SE-IS-AdministrableProductDefinition&quot; </p><p style="margin-bottom: 0px">Profile: <a href="StructureDefinition-PPLAdministrableProductDefinition.html">PPL Administrable Product profile</a></p></div><p><b>status</b>: active</p><p><b>formOf</b>: <a href="#MedicinalProductDefinition_AMLmedvalley-5mg-Tablet-SE-IS-MedicinalProductDefinition">See above (MedicinalProductDefinition/AMLmedvalley-5mg-Tablet-SE-IS-MedicinalProductDefinition)</a></p><p><b>administrableDoseForm</b>: Tablet <span style="background: LightGoldenRodYellow; margin: 4px; border: 1px solid khaki"> (<a href="CodeSystem-pharmaceutical-dose-form-ema-cs.html">Pharmaceutical Dose Form EMA</a>#100000073664)</span></p><p><b>unitOfPresentation</b>: Tablet <span style="background: LightGoldenRodYellow; margin: 4px; border: 1px solid khaki"> (<a href="CodeSystem-unit-of-presentation-ema-cs.html">Unit of Presentation EMA</a>#200000002152)</span></p><p><b>producedFrom</b>: <a href="#ManufacturedItemDefinition_AMLmedvalley-5mg-Tablet-SE-IS-ManufacturedItemDefinition">See above (ManufacturedItemDefinition/AMLmedvalley-5mg-Tablet-SE-IS-ManufacturedItemDefinition)</a></p><h3>RouteOfAdministrations</h3><table class="grid"><tr><td style="display: none">-</td><td><b>Code</b></td></tr><tr><td style="display: none">*</td><td>Oral use <span style="background: LightGoldenRodYellow; margin: 4px; border: 1px solid khaki"> (<a href="CodeSystem-routes-and-methods-of-administration-ema-cs.html">Routes and Methods of Administration EMA</a>#100000073619)</span></td></tr></table></div>
        </text>
        <status value="active"/>
        <formOf>
          <reference value="MedicinalProductDefinition/AMLmedvalley-5mg-Tablet-SE-IS-MedicinalProductDefinition"/>
        </formOf>
        <administrableDoseForm>
          <coding>
            <system value="https://spor.ema.europa.eu/v1/lists/200000000004"/>
            <code value="100000073664"/>
            <display value="Tablet"/>
          </coding>
        </administrableDoseForm>
        <unitOfPresentation>
          <coding>
            <system value="https://spor.ema.europa.eu/v1/lists/200000000014"/>
            <code value="200000002152"/>
            <display value="Tablet"/>
          </coding>
        </unitOfPresentation>
        <producedFrom>
          <reference value="ManufacturedItemDefinition/AMLmedvalley-5mg-Tablet-SE-IS-ManufacturedItemDefinition"/>
        </producedFrom>
        <routeOfAdministration>
          <code>
            <coding>
              <system value="https://spor.ema.europa.eu/v1/lists/100000073345"/>
              <code value="100000073619"/>
              <display value="Oral use"/>
            </coding>
          </code>
        </routeOfAdministration>
      </AdministrableProductDefinition>
    </resource>
  </entry>
  <entry>
    <fullUrl value="https://hl7-eu.github.io/unicom-ig/branches/mpd-r4b/RegulatedAuthorization/AMLmedvalley-5mg-Tablet-SE-IS-RegulatedAuthorization"/>
    <resource>
      <RegulatedAuthorization>
        <id value="AMLmedvalley-5mg-Tablet-SE-IS-RegulatedAuthorization"/>
        <meta>
          <lastUpdated value="2022-10-08T10:56:09.381+00:00"/>
          <profile value="http://unicom-project.eu/fhir/StructureDefinition/PPLRegulatedAuthorization"/>
        </meta>
        <text>
          <status value="generated"/><div xmlns="http://www.w3.org/1999/xhtml"><p><b>Generated Narrative: RegulatedAuthorization</b><a name="AMLmedvalley-5mg-Tablet-SE-IS-RegulatedAuthorization"> </a></p><div style="display: inline-block; background-color: #d9e0e7; padding: 6px; margin: 4px; border: 1px solid #8da1b4; border-radius: 5px; line-height: 60%"><p style="margin-bottom: 0px">Resource RegulatedAuthorization &quot;AMLmedvalley-5mg-Tablet-SE-IS-RegulatedAuthorization&quot; Updated &quot;2022-10-08 10:56:09+0000&quot; </p><p style="margin-bottom: 0px">Profile: <a href="StructureDefinition-PPLRegulatedAuthorization.html">PPL Marketing Authorisation profile</a></p></div><p><b>identifier</b>: id: 57541</p><p><b>subject</b>: <a href="#MedicinalProductDefinition_AMLmedvalley-5mg-Tablet-SE-IS-MedicinalProductDefinition">See above (MedicinalProductDefinition/AMLmedvalley-5mg-Tablet-SE-IS-MedicinalProductDefinition)</a></p><p><b>type</b>: Marketing Authorisation <span style="background: LightGoldenRodYellow; margin: 4px; border: 1px solid khaki"> (220000000060#220000000061)</span></p><p><b>region</b>: Kingdom of Sweden <span style="background: LightGoldenRodYellow; margin: 4px; border: 1px solid khaki"> (<a href="CodeSystem-country-ema-cs.html">Country EMA</a>#100000000535)</span></p><p><b>status</b>: Valid <span style="background: LightGoldenRodYellow; margin: 4px; border: 1px solid khaki"> (<a href="CodeSystem-regulatoryStatus-ema-cs.html">Regulatory Entitlement Status EMA SPOR</a>#100000072099)</span></p><p><b>statusDate</b>: 2019-03-29</p><p><b>holder</b>: <a href="#Organization_LOC-100001125-MedicalValleyInvest">See above (Organization/LOC-100001125-MedicalValleyInvest)</a></p></div>
        </text>
        <identifier>
          <value value="57541"/>
        </identifier>
        <subject>
          <reference value="MedicinalProductDefinition/AMLmedvalley-5mg-Tablet-SE-IS-MedicinalProductDefinition"/>
        </subject>
        <type>
          <coding>
            <system value="https://spor.ema.europa.eu/v1/lists/220000000060"/>
            <code value="220000000061"/>
            <display value="Marketing Authorisation"/>
          </coding>
        </type>
        <region>
          <coding>
            <system value="https://spor.ema.europa.eu/v1/lists/100000000002"/>
            <code value="100000000535"/>
            <display value="Kingdom of Sweden"/>
          </coding>
        </region>
        <status>
          <coding>
            <system value="https://spor.ema.europa.eu/v1/lists/100000072049"/>
            <code value="100000072099"/>
            <display value="Valid"/>
          </coding>
        </status>
        <statusDate value="2019-03-29"/>
        <holder>
          <reference value="Organization/LOC-100001125-MedicalValleyInvest"/>
        </holder>
      </RegulatedAuthorization>
    </resource>
  </entry>
  <entry>
    <fullUrl value="https://hl7-eu.github.io/unicom-ig/branches/mpd-r4b/Organization-LOC-100001125-MedicalValleyInvest"/>
    <resource>
      <Organization>
        <id value="LOC-100001125-MedicalValleyInvest"/>
        <meta>
          <profile value="http://unicom-project.eu/fhir/StructureDefinition/PPLOrganization"/>
        </meta>
        <text>
          <status value="generated"/><div xmlns="http://www.w3.org/1999/xhtml"><p><b>Generated Narrative: Organization</b><a name="LOC-100001125-MedicalValleyInvest"> </a></p><div style="display: inline-block; background-color: #d9e0e7; padding: 6px; margin: 4px; border: 1px solid #8da1b4; border-radius: 5px; line-height: 60%"><p style="margin-bottom: 0px">Resource Organization &quot;LOC-100001125-MedicalValleyInvest&quot; </p><p style="margin-bottom: 0px">Profile: <a href="StructureDefinition-PPLOrganization.html">PPL Organization</a></p></div><p><b>identifier</b>: id: LOC-100001125</p><p><b>name</b>: Medical Valley Invest AB</p></div>
        </text>
        <identifier>
          <system value="https://spor.ema.europa.eu/v1/locations"/>
          <value value="LOC-100001125"/>
        </identifier>
        <name value="Medical Valley Invest AB"/>
      </Organization>
    </resource>
  </entry>
  <entry>
    <fullUrl value="https://hl7-eu.github.io/unicom-ig/branches/mpd-r4b/PackagedProductDefinition/AMLmedvalley-5mg-Tablet-SE-IS-PackagedProductDefinition01"/>
    <resource>
      <PackagedProductDefinition>
        <id value="AMLmedvalley-5mg-Tablet-SE-IS-PackagedProductDefinition01"/>
        <meta>
          <profile value="http://unicom-project.eu/fhir/StructureDefinition/PPLPackagedProductDefinition"/>
        </meta>
        <text>
          <status value="generated"/><div xmlns="http://www.w3.org/1999/xhtml"><p><b>Generated Narrative: PackagedProductDefinition</b><a name="AMLmedvalley-5mg-Tablet-SE-IS-PackagedProductDefinition01"> </a></p><div style="display: inline-block; background-color: #d9e0e7; padding: 6px; margin: 4px; border: 1px solid #8da1b4; border-radius: 5px; line-height: 60%"><p style="margin-bottom: 0px">Resource PackagedProductDefinition &quot;AMLmedvalley-5mg-Tablet-SE-IS-PackagedProductDefinition01&quot; </p><p style="margin-bottom: 0px">Profile: <a href="StructureDefinition-PPLPackagedProductDefinition.html">PPL Packaged Product profile</a></p></div><p><b>identifier</b>: id: ?ngen-9?</p><p><b>packageFor</b>: <a href="#MedicinalProductDefinition_AMLmedvalley-5mg-Tablet-SE-IS-MedicinalProductDefinition">See above (MedicinalProductDefinition/AMLmedvalley-5mg-Tablet-SE-IS-MedicinalProductDefinition)</a></p><p><b>containedItemQuantity</b>: 100 Tablet<span style="background: LightGoldenRodYellow"> (Details: https://spor.ema.europa.eu/v1/lists/200000000014 code 200000002152 = 'Tablet')</span></p><p><b>description</b>: Blister, 100 tabletter</p><h3>MarketingStatuses</h3><table class="grid"><tr><td style="display: none">-</td><td><b>Country</b></td><td><b>Status</b></td></tr><tr><td style="display: none">*</td><td>Kingdom of Sweden <span style="background: LightGoldenRodYellow; margin: 4px; border: 1px solid khaki"> (<a href="CodeSystem-country-ema-cs.html">Country EMA</a>#100000000535)</span></td><td>Marketed <span style="background: LightGoldenRodYellow; margin: 4px; border: 1px solid khaki"> (<a href="CodeSystem-Marketing-Status-ema-cs.html">Marketing Status EMA</a>#100000072083)</span></td></tr></table><blockquote><p><b>packaging</b></p><p><b>type</b>: Box <span style="background: LightGoldenRodYellow; margin: 4px; border: 1px solid khaki"> (<a href="CodeSystem-packaging-ema-cs.html">Packaging EMA SPOR</a>#100000073498)</span></p><p><b>quantity</b>: 1</p><p><b>material</b>: Cardboard <span style="background: LightGoldenRodYellow; margin: 4px; border: 1px solid khaki"> (<a href="CodeSystem-material-ema-cs.html">Material EMA</a>#200000003529)</span></p><blockquote><p><b>packaging</b></p><p><b>type</b>: Blister <span style="background: LightGoldenRodYellow; margin: 4px; border: 1px solid khaki"> (<a href="CodeSystem-packaging-ema-cs.html">Packaging EMA SPOR</a>#100000073496)</span></p><p><b>quantity</b>: 10</p><p><b>material</b>: PolyVinyl Chloride <span style="background: LightGoldenRodYellow; margin: 4px; border: 1px solid khaki"> (<a href="CodeSystem-material-ema-cs.html">Material EMA</a>#200000003222)</span>, PolyVinylidene Chloride <span style="background: LightGoldenRodYellow; margin: 4px; border: 1px solid khaki"> (<a href="CodeSystem-material-ema-cs.html">Material EMA</a>#200000003225)</span>, Aluminium <span style="background: LightGoldenRodYellow; margin: 4px; border: 1px solid khaki"> (<a href="CodeSystem-material-ema-cs.html">Material EMA</a>#200000003200)</span></p><blockquote><p><b>containedItem</b></p></blockquote></blockquote></blockquote></div>
        </text>
        <identifier>
          <system value="http://ema.europa.eu/example/pcid"/>
        </identifier>
        <packageFor>
          <reference value="MedicinalProductDefinition/AMLmedvalley-5mg-Tablet-SE-IS-MedicinalProductDefinition"/>
        </packageFor>
        <containedItemQuantity>
          <value value="100"/>
          <unit value="Tablet"/>
          <system value="https://spor.ema.europa.eu/v1/lists/200000000014"/>
          <code value="200000002152"/>
        </containedItemQuantity>
        <description value="Blister, 100 tabletter"/>
        <marketingStatus>
          <country>
            <coding>
              <system value="https://spor.ema.europa.eu/v1/lists/100000000002"/>
              <code value="100000000535"/>
              <display value="Kingdom of Sweden"/>
            </coding>
          </country>
          <status>
            <coding>
              <system value="https://spor.ema.europa.eu/v1/lists/100000072052"/>
              <code value="100000072083"/>
              <display value="Marketed"/>
            </coding>
          </status>
        </marketingStatus>
        <packaging>
          <type>
            <coding>
              <system value="https://spor.ema.europa.eu/v1/lists/100000073346"/>
              <code value="100000073498"/>
              <display value="Box"/>
            </coding>
          </type>
          <quantity value="1"/>
          <material>
            <coding>
              <system value="https://spor.ema.europa.eu/v1/lists/200000003199"/>
              <code value="200000003529"/>
              <display value="Cardboard"/>
            </coding>
          </material>
          <packaging>
            <type>
              <coding>
                <system value="https://spor.ema.europa.eu/v1/lists/100000073346"/>
                <code value="100000073496"/>
                <display value="Blister"/>
              </coding>
            </type>
            <quantity value="10"/>
            <material>
              <coding>
                <system value="https://spor.ema.europa.eu/v1/lists/200000003199"/>
                <code value="200000003222"/>
                <display value="PolyVinyl Chloride"/>
              </coding>
            </material>
            <material>
              <coding>
                <system value="https://spor.ema.europa.eu/v1/lists/200000003199"/>
                <code value="200000003225"/>
                <display value="PolyVinylidene Chloride"/>
              </coding>
            </material>
            <material>
              <coding>
                <system value="https://spor.ema.europa.eu/v1/lists/200000003199"/>
                <code value="200000003200"/>
                <display value="Aluminium"/>
              </coding>
            </material>
            <containedItem>
              <item>
                <reference>
                  <reference value="ManufacturedItemDefinition/AMLmedvalley-5mg-Tablet-SE-IS-ManufacturedItemDefinition"/>
                </reference>
              </item>
              <amount>
                <value value="10"/>
                <unit value="Tablet"/>
                <system value="https://spor.ema.europa.eu/v1/lists/200000000014"/>
                <code value="200000002152"/>
              </amount>
            </containedItem>
          </packaging>
        </packaging>
      </PackagedProductDefinition>
    </resource>
  </entry>
  <entry>
    <fullUrl value="https://hl7-eu.github.io/unicom-ig/branches/mpd-r4b/PackagedProductDefinition/AMLmedvalley-5mg-Tablet-SE-IS-PackagedProductDefinition02"/>
    <resource>
      <PackagedProductDefinition>
        <id value="AMLmedvalley-5mg-Tablet-SE-IS-PackagedProductDefinition02"/>
        <meta>
          <profile value="http://unicom-project.eu/fhir/StructureDefinition/PPLPackagedProductDefinition"/>
        </meta>
        <text>
          <status value="generated"/><div xmlns="http://www.w3.org/1999/xhtml"><p><b>Generated Narrative: PackagedProductDefinition</b><a name="AMLmedvalley-5mg-Tablet-SE-IS-PackagedProductDefinition02"> </a></p><div style="display: inline-block; background-color: #d9e0e7; padding: 6px; margin: 4px; border: 1px solid #8da1b4; border-radius: 5px; line-height: 60%"><p style="margin-bottom: 0px">Resource PackagedProductDefinition &quot;AMLmedvalley-5mg-Tablet-SE-IS-PackagedProductDefinition02&quot; </p><p style="margin-bottom: 0px">Profile: <a href="StructureDefinition-PPLPackagedProductDefinition.html">PPL Packaged Product profile</a></p></div><p><b>identifier</b>: id: ?ngen-9?</p><p><b>packageFor</b>: <a href="#MedicinalProductDefinition_AMLmedvalley-5mg-Tablet-SE-IS-MedicinalProductDefinition">See above (MedicinalProductDefinition/AMLmedvalley-5mg-Tablet-SE-IS-MedicinalProductDefinition)</a></p><p><b>containedItemQuantity</b>: 105 Tablet<span style="background: LightGoldenRodYellow"> (Details: https://spor.ema.europa.eu/v1/lists/200000000014 code 200000002152 = 'Tablet')</span></p><p><b>description</b>: Burk, 105 tabletter</p><h3>MarketingStatuses</h3><table class="grid"><tr><td style="display: none">-</td><td><b>Country</b></td><td><b>Status</b></td></tr><tr><td style="display: none">*</td><td>Kingdom of Sweden <span style="background: LightGoldenRodYellow; margin: 4px; border: 1px solid khaki"> (<a href="CodeSystem-country-ema-cs.html">Country EMA</a>#100000000535)</span></td><td>Marketed <span style="background: LightGoldenRodYellow; margin: 4px; border: 1px solid khaki"> (<a href="CodeSystem-Marketing-Status-ema-cs.html">Marketing Status EMA</a>#100000072083)</span></td></tr></table><blockquote><p><b>packaging</b></p><p><b>type</b>: Box <span style="background: LightGoldenRodYellow; margin: 4px; border: 1px solid khaki"> (<a href="CodeSystem-packaging-ema-cs.html">Packaging EMA SPOR</a>#100000073498)</span></p><p><b>quantity</b>: 1</p><p><b>material</b>: Cardboard <span style="background: LightGoldenRodYellow; margin: 4px; border: 1px solid khaki"> (<a href="CodeSystem-material-ema-cs.html">Material EMA</a>#200000003529)</span></p><blockquote><p><b>packaging</b></p><p><b>type</b>: Bottle <span style="background: LightGoldenRodYellow; margin: 4px; border: 1px solid khaki"> (<a href="CodeSystem-packaging-ema-cs.html">Packaging EMA SPOR</a>#100000073497)</span></p><p><b>quantity</b>: 1</p><p><b>material</b>: High Density PolyEthylene <span style="background: LightGoldenRodYellow; margin: 4px; border: 1px solid khaki"> (<a href="CodeSystem-material-ema-cs.html">Material EMA</a>#200000003215)</span></p><blockquote><p><b>containedItem</b></p></blockquote></blockquote></blockquote></div>
        </text>
        <identifier>
          <system value="http://ema.europa.eu/example/pcid"/>
        </identifier>
        <packageFor>
          <reference value="MedicinalProductDefinition/AMLmedvalley-5mg-Tablet-SE-IS-MedicinalProductDefinition"/>
        </packageFor>
        <containedItemQuantity>
          <value value="105"/>
          <unit value="Tablet"/>
          <system value="https://spor.ema.europa.eu/v1/lists/200000000014"/>
          <code value="200000002152"/>
        </containedItemQuantity>
        <description value="Burk, 105 tabletter"/>
        <marketingStatus>
          <country>
            <coding>
              <system value="https://spor.ema.europa.eu/v1/lists/100000000002"/>
              <code value="100000000535"/>
              <display value="Kingdom of Sweden"/>
            </coding>
          </country>
          <status>
            <coding>
              <system value="https://spor.ema.europa.eu/v1/lists/100000072052"/>
              <code value="100000072083"/>
              <display value="Marketed"/>
            </coding>
          </status>
        </marketingStatus>
        <packaging>
          <type>
            <coding>
              <system value="https://spor.ema.europa.eu/v1/lists/100000073346"/>
              <code value="100000073498"/>
              <display value="Box"/>
            </coding>
          </type>
          <quantity value="1"/>
          <material>
            <coding>
              <system value="https://spor.ema.europa.eu/v1/lists/200000003199"/>
              <code value="200000003529"/>
              <display value="Cardboard"/>
            </coding>
          </material>
          <packaging>
            <type>
              <coding>
                <system value="https://spor.ema.europa.eu/v1/lists/100000073346"/>
                <code value="100000073497"/>
                <display value="Bottle"/>
              </coding>
            </type>
            <quantity value="1"/>
            <material>
              <coding>
                <system value="https://spor.ema.europa.eu/v1/lists/200000003199"/>
                <code value="200000003215"/>
                <display value="High Density PolyEthylene"/>
              </coding>
            </material>
            <containedItem>
              <item>
                <reference>
                  <reference value="ManufacturedItemDefinition/AMLmedvalley-5mg-Tablet-SE-IS-ManufacturedItemDefinition"/>
                </reference>
              </item>
              <amount>
                <value value="105"/>
                <unit value="Tablet"/>
                <system value="https://spor.ema.europa.eu/v1/lists/200000000014"/>
                <code value="200000002152"/>
              </amount>
            </containedItem>
          </packaging>
        </packaging>
      </PackagedProductDefinition>
    </resource>
  </entry>
  <entry>
    <fullUrl value="https://hl7-eu.github.io/unicom-ig/branches/mpd-r4b/ManufacturedItemDefinition/AMLmedvalley-5mg-Tablet-SE-IS-ManufacturedItemDefinition"/>
    <resource>
      <ManufacturedItemDefinition>
        <id value="AMLmedvalley-5mg-Tablet-SE-IS-ManufacturedItemDefinition"/>
        <meta>
          <lastUpdated value="2022-10-08T10:56:09.541+00:00"/>
          <profile value="http://unicom-project.eu/fhir/StructureDefinition/PPLManufacturedItemDefinition"/>
        </meta>
        <text>
          <status value="generated"/><div xmlns="http://www.w3.org/1999/xhtml"><p><b>Generated Narrative: ManufacturedItemDefinition</b><a name="AMLmedvalley-5mg-Tablet-SE-IS-ManufacturedItemDefinition"> </a></p><div style="display: inline-block; background-color: #d9e0e7; padding: 6px; margin: 4px; border: 1px solid #8da1b4; border-radius: 5px; line-height: 60%"><p style="margin-bottom: 0px">Resource ManufacturedItemDefinition &quot;AMLmedvalley-5mg-Tablet-SE-IS-ManufacturedItemDefinition&quot; Updated &quot;2022-10-08 10:56:09+0000&quot; </p><p style="margin-bottom: 0px">Profile: <a href="StructureDefinition-PPLManufacturedItemDefinition.html">PPL Manufactured Item profile</a></p></div><p><b>status</b>: active</p><p><b>manufacturedDoseForm</b>: Tablet <span style="background: LightGoldenRodYellow; margin: 4px; border: 1px solid khaki"> (<a href="CodeSystem-pharmaceutical-dose-form-ema-cs.html">Pharmaceutical Dose Form EMA</a>#100000073664)</span></p><p><b>unitOfPresentation</b>: Tablet <span style="background: LightGoldenRodYellow; margin: 4px; border: 1px solid khaki"> (<a href="CodeSystem-unit-of-presentation-ema-cs.html">Unit of Presentation EMA</a>#200000002152)</span></p></div>
        </text>
        <status value="active"/>
        <manufacturedDoseForm>
          <coding>
            <system value="https://spor.ema.europa.eu/v1/lists/200000000004"/>
            <code value="100000073664"/>
            <display value="Tablet"/>
          </coding>
        </manufacturedDoseForm>
        <unitOfPresentation>
          <coding>
            <system value="https://spor.ema.europa.eu/v1/lists/200000000014"/>
            <code value="200000002152"/>
            <display value="Tablet"/>
          </coding>
        </unitOfPresentation>
      </ManufacturedItemDefinition>
    </resource>
  </entry>
  <entry>
    <fullUrl value="https://hl7-eu.github.io/unicom-ig/branches/mpd-r4b/Ingredient/AMLmedvalley-5mg-Tablet-SE-IS-Ingredient"/>
    <resource>
      <Ingredient>
        <id value="AMLmedvalley-5mg-Tablet-SE-IS-Ingredient"/>
        <meta>
          <profile value="http://unicom-project.eu/fhir/StructureDefinition/PPLIngredient"/>
        </meta>
        <text>
          <status value="generated"/><div xmlns="http://www.w3.org/1999/xhtml"><p><b>Generated Narrative: Ingredient</b><a name="AMLmedvalley-5mg-Tablet-SE-IS-Ingredient"> </a></p><div style="display: inline-block; background-color: #d9e0e7; padding: 6px; margin: 4px; border: 1px solid #8da1b4; border-radius: 5px; line-height: 60%"><p style="margin-bottom: 0px">Resource Ingredient &quot;AMLmedvalley-5mg-Tablet-SE-IS-Ingredient&quot; </p><p style="margin-bottom: 0px">Profile: <a href="StructureDefinition-PPLIngredient.html">PPL Ingredient profile</a></p></div><p><b>status</b>: active</p><p><b>for</b>: </p><ul><li><a href="#MedicinalProductDefinition_AMLmedvalley-5mg-Tablet-SE-IS-MedicinalProductDefinition">See above (MedicinalProductDefinition/AMLmedvalley-5mg-Tablet-SE-IS-MedicinalProductDefinition)</a></li><li><a href="#ManufacturedItemDefinition_AMLmedvalley-5mg-Tablet-SE-IS-ManufacturedItemDefinition">See above (ManufacturedItemDefinition/AMLmedvalley-5mg-Tablet-SE-IS-ManufacturedItemDefinition)</a></li><li><a href="#AdministrableProductDefinition_AMLmedvalley-5mg-Tablet-SE-IS-AdministrableProductDefinition">See above (AdministrableProductDefinition/AMLmedvalley-5mg-Tablet-SE-IS-AdministrableProductDefinition)</a></li></ul><p><b>role</b>: Active <span style="background: LightGoldenRodYellow; margin: 4px; border: 1px solid khaki"> (100000072050#100000072072)</span></p><blockquote><p><b>substance</b></p><h3>Codes</h3><table class="grid"><tr><td style="display: none">-</td><td><b>Concept</b></td></tr><tr><td style="display: none">*</td><td>Amlodipine besilate <span style="background: LightGoldenRodYellow; margin: 4px; border: 1px solid khaki"> (<a href="CodeSystem-substance-sms-cs.html">Substances EMA SPOR SMS</a>#100000090079)</span></td></tr></table><blockquote><p><b>strength</b></p><p><b>presentation</b>: 6.935 milligram(s)<span style="background: LightGoldenRodYellow"> (Details: https://spor.ema.europa.eu/v1/lists/100000110633 code 100000110655 = 'milligram(s)')</span>/1 unit(s)<span style="background: LightGoldenRodYellow"> (Details: https://spor.ema.europa.eu/v1/lists/100000110633 code 100000110756 = 'unit(s)')</span></p><blockquote><p><b>referenceStrength</b></p><h3>Substances</h3><table class="grid"><tr><td style="display: none">-</td><td><b>Concept</b></td></tr><tr><td style="display: none">*</td><td>Amlodipine <span style="background: LightGoldenRodYellow; margin: 4px; border: 1px solid khaki"> (<a href="CodeSystem-substance-sms-cs.html">Substances EMA SPOR SMS</a>#100000085259)</span></td></tr></table><p><b>strength</b>: 5 milligram(s)<span style="background: LightGoldenRodYellow"> (Details: https://spor.ema.europa.eu/v1/lists/100000110633 code 100000110655 = 'milligram(s)')</span>/1 unit(s)<span style="background: LightGoldenRodYellow"> (Details: https://spor.ema.europa.eu/v1/lists/100000110633 code 100000110756 = 'unit(s)')</span></p></blockquote></blockquote></blockquote></div>
        </text>
        <status value="active"/>
        <for>
          <reference value="MedicinalProductDefinition/AMLmedvalley-5mg-Tablet-SE-IS-MedicinalProductDefinition"/>
        </for>
        <for>
          <reference value="ManufacturedItemDefinition/AMLmedvalley-5mg-Tablet-SE-IS-ManufacturedItemDefinition"/>
        </for>
        <for>
          <reference value="AdministrableProductDefinition/AMLmedvalley-5mg-Tablet-SE-IS-AdministrableProductDefinition"/>
        </for>
        <role>
          <coding>
            <system value="https://spor.ema.europa.eu/v1/lists/100000072050"/>
            <code value="100000072072"/>
            <display value="Active"/>
          </coding>
        </role>
        <substance>
          <code>
            <concept>
              <coding>
                <system value="https://spor.ema.europa.eu/v2/SubstanceDefinition"/>
                <code value="100000090079"/>
                <display value="Amlodipine besilate"/>
              </coding>
            </concept>
          </code>
          <strength>
            <presentationRatio>
              <numerator>
                <value value="6.935"/>
                <unit value="milligram(s)"/>
                <system value="https://spor.ema.europa.eu/v1/lists/100000110633"/>
                <code value="100000110655"/>
              </numerator>
              <denominator>
                <value value="1"/>
                <unit value="unit(s)"/>
                <system value="https://spor.ema.europa.eu/v1/lists/100000110633"/>
                <code value="100000110756"/>
              </denominator>
            </presentationRatio>
            <referenceStrength>
              <substance>
                <concept>
                  <coding>
                    <system value="https://spor.ema.europa.eu/v2/SubstanceDefinition"/>
                    <code value="100000085259"/>
                    <display value="Amlodipine"/>
                  </coding>
                </concept>
              </substance>
              <strengthRatio>
                <numerator>
                  <value value="5"/>
                  <unit value="milligram(s)"/>
                  <system value="https://spor.ema.europa.eu/v1/lists/100000110633"/>
                  <code value="100000110655"/>
                </numerator>
                <denominator>
                  <value value="1"/>
                  <unit value="unit(s)"/>
                  <system value="https://spor.ema.europa.eu/v1/lists/100000110633"/>
                  <code value="100000110756"/>
                </denominator>
              </strengthRatio>
            </referenceStrength>
          </strength>
        </substance>
      </Ingredient>
    </resource>
  </entry>
</Bundle>