<?xml version="1.0" encoding="UTF-8"?>

<CodeSystem xmlns="http://hl7.org/fhir">
  <id value="material-ema-cs"/>
  <text>
    <status value="generated"/><div xmlns="http://www.w3.org/1999/xhtml"><p>This case-sensitive code system <code>https://spor.ema.europa.eu/v1/lists/200000003199</code> defines the following codes:</p><table class="codes"><tr><td style="white-space:nowrap"><b>Code</b></td><td><b>Display</b></td></tr><tr><td style="white-space:nowrap">200000025262<a name="material-ema-cs-200000025262"> </a></td><td>PolyEthylene TerePhthalate Glycol</td></tr><tr><td style="white-space:nowrap">200000025919<a name="material-ema-cs-200000025919"> </a></td><td>Titanium Dioxide</td></tr><tr><td style="white-space:nowrap">200000003205<a name="material-ema-cs-200000003205"> </a></td><td>Glass type II</td></tr><tr><td style="white-space:nowrap">200000003206<a name="material-ema-cs-200000003206"> </a></td><td>Glass type III</td></tr><tr><td style="white-space:nowrap">200000003207<a name="material-ema-cs-200000003207"> </a></td><td>Paper</td></tr><tr><td style="white-space:nowrap">200000015521<a name="material-ema-cs-200000015521"> </a></td><td>PolyEthylene copolymer</td></tr><tr><td style="white-space:nowrap">200000027028<a name="material-ema-cs-200000027028"> </a></td><td>Ethylene-Vinyl Acetate</td></tr><tr><td style="white-space:nowrap">200000003201<a name="material-ema-cs-200000003201"> </a></td><td>Cyclic Olefin Copolymer</td></tr><tr><td style="white-space:nowrap">200000003202<a name="material-ema-cs-200000003202"> </a></td><td>Epoxyphenol</td></tr><tr><td style="white-space:nowrap">200000003203<a name="material-ema-cs-200000003203"> </a></td><td>Glass</td></tr><tr><td style="white-space:nowrap">200000003208<a name="material-ema-cs-200000003208"> </a></td><td>Plastic</td></tr><tr><td style="white-space:nowrap">200000003209<a name="material-ema-cs-200000003209"> </a></td><td>PolyAmide</td></tr><tr><td style="white-space:nowrap">200000003210<a name="material-ema-cs-200000003210"> </a></td><td>Orientated PolyAmide</td></tr><tr><td style="white-space:nowrap">200000003211<a name="material-ema-cs-200000003211"> </a></td><td>PolyCarbonate</td></tr><tr><td style="white-space:nowrap">200000003212<a name="material-ema-cs-200000003212"> </a></td><td>PolyChloroTriFluoroEthylene</td></tr><tr><td style="white-space:nowrap">200000003213<a name="material-ema-cs-200000003213"> </a></td><td>Polyester</td></tr><tr><td style="white-space:nowrap">200000003214<a name="material-ema-cs-200000003214"> </a></td><td>PolyEthylene</td></tr><tr><td style="white-space:nowrap">200000003216<a name="material-ema-cs-200000003216"> </a></td><td>Low Density PolyEthylene</td></tr><tr><td style="white-space:nowrap">200000003217<a name="material-ema-cs-200000003217"> </a></td><td>PolyEthylene TerePhthalate</td></tr><tr><td style="white-space:nowrap">200000003218<a name="material-ema-cs-200000003218"> </a></td><td>Polyolefin</td></tr><tr><td style="white-space:nowrap">200000003219<a name="material-ema-cs-200000003219"> </a></td><td>PolyPropylene</td></tr><tr><td style="white-space:nowrap">200000003220<a name="material-ema-cs-200000003220"> </a></td><td>PolyStyrene</td></tr><tr><td style="white-space:nowrap">200000003221<a name="material-ema-cs-200000003221"> </a></td><td>PolyVinyl Acetate</td></tr><tr><td style="white-space:nowrap">200000003222<a name="material-ema-cs-200000003222"> </a></td><td>PolyVinyl Chloride</td></tr><tr><td style="white-space:nowrap">200000003223<a name="material-ema-cs-200000003223"> </a></td><td>Plasticised PolyVinyl Chloride</td></tr><tr><td style="white-space:nowrap">200000003224<a name="material-ema-cs-200000003224"> </a></td><td>Non-plasticised PolyVinyl Chloride / Unplasticised PolyVinyl Chloride</td></tr><tr><td style="white-space:nowrap">200000003225<a name="material-ema-cs-200000003225"> </a></td><td>PolyVinylidene Chloride</td></tr><tr><td style="white-space:nowrap">200000003226<a name="material-ema-cs-200000003226"> </a></td><td>Rubber</td></tr><tr><td style="white-space:nowrap">200000003227<a name="material-ema-cs-200000003227"> </a></td><td>Silicone oil</td></tr><tr><td style="white-space:nowrap">200000003228<a name="material-ema-cs-200000003228"> </a></td><td>Silicone elastomer</td></tr><tr><td style="white-space:nowrap">200000003229<a name="material-ema-cs-200000003229"> </a></td><td>Steel</td></tr><tr><td style="white-space:nowrap">200000003529<a name="material-ema-cs-200000003529"> </a></td><td>Cardboard</td></tr><tr><td style="white-space:nowrap">200000012514<a name="material-ema-cs-200000012514"> </a></td><td>PolyAcryloNitrile</td></tr><tr><td style="white-space:nowrap">200000012515<a name="material-ema-cs-200000012515"> </a></td><td>Ethylene acrylic acid copolymer</td></tr><tr><td style="white-space:nowrap">200000012521<a name="material-ema-cs-200000012521"> </a></td><td>Ethylene meta-acrylic acid</td></tr><tr><td style="white-space:nowrap">200000012522<a name="material-ema-cs-200000012522"> </a></td><td>Ethylene-Vinyl Alcohol copolymer</td></tr><tr><td style="white-space:nowrap">200000012523<a name="material-ema-cs-200000012523"> </a></td><td>PolyVinylidene Fluoride</td></tr><tr><td style="white-space:nowrap">200000012524<a name="material-ema-cs-200000012524"> </a></td><td>Medium Density PolyEthylene</td></tr><tr><td style="white-space:nowrap">200000023330<a name="material-ema-cs-200000023330"> </a></td><td>Expanded Polyethylene</td></tr><tr><td style="white-space:nowrap">200000025255<a name="material-ema-cs-200000025255"> </a></td><td>Silica gel</td></tr><tr><td style="white-space:nowrap">200000025257<a name="material-ema-cs-200000025257"> </a></td><td>Linear Low Density PolyEthylene</td></tr><tr><td style="white-space:nowrap">200000025918<a name="material-ema-cs-200000025918"> </a></td><td>PolyButyl Methacrylate</td></tr><tr><td style="white-space:nowrap">200000025920<a name="material-ema-cs-200000025920"> </a></td><td>PolyButylene Terephthalate</td></tr><tr><td style="white-space:nowrap">200000025921<a name="material-ema-cs-200000025921"> </a></td><td>Acrylonitrile Butadiene Styrene</td></tr><tr><td style="white-space:nowrap">200000025922<a name="material-ema-cs-200000025922"> </a></td><td>PolyOxyMethylene</td></tr><tr><td style="white-space:nowrap">200000025923<a name="material-ema-cs-200000025923"> </a></td><td>Chlorobutyl Rubber</td></tr><tr><td style="white-space:nowrap">200000003200<a name="material-ema-cs-200000003200"> </a></td><td>Aluminium</td></tr><tr><td style="white-space:nowrap">200000003204<a name="material-ema-cs-200000003204"> </a></td><td>Glass type I</td></tr><tr><td style="white-space:nowrap">200000003215<a name="material-ema-cs-200000003215"> </a></td><td>High Density PolyEthylene</td></tr><tr><td style="white-space:nowrap">200000012538<a name="material-ema-cs-200000012538"> </a></td><td>Syndiotactic Polypropylene</td></tr><tr><td style="white-space:nowrap">200000023332<a name="material-ema-cs-200000023332"> </a></td><td>Cyclic Olefin Polymer</td></tr><tr><td style="white-space:nowrap">200000026009<a name="material-ema-cs-200000026009"> </a></td><td>Bromobutyl Rubber</td></tr></table></div>
  </text>
  <url value="https://spor.ema.europa.eu/v1/lists/200000003199"/>
  <version value="0.1.0"/>
  <name value="Material_EMA_CS"/>
  <title value="Material EMA"/>
  <status value="draft"/>
  <experimental value="false"/>
  <date value="2023-12-11T14:40:01+00:00"/>
  <publisher value="UNICOM"/>
  <contact>
    <name value="UNICOM"/>
    <telecom>
      <system value="url"/>
      <value value="http://unicom-project.eu"/>
    </telecom>
  </contact>
  <description value="Package material. EMA SPOR RMS list. Hierarchical."/>
  <caseSensitive value="true"/>
  <compositional value="false"/>
  <content value="complete"/>
  <count value="52"/>
  <concept>
    <code value="200000025262"/>
    <display value="PolyEthylene TerePhthalate Glycol"/>
  </concept>
  <concept>
    <code value="200000025919"/>
    <display value="Titanium Dioxide"/>
  </concept>
  <concept>
    <code value="200000003205"/>
    <display value="Glass type II"/>
    <property>
      <code value="parent"/>
      <valueCode value="200000003203"/>
    </property>
  </concept>
  <concept>
    <code value="200000003206"/>
    <display value="Glass type III"/>
    <property>
      <code value="parent"/>
      <valueCode value="200000003203"/>
    </property>
  </concept>
  <concept>
    <code value="200000003207"/>
    <display value="Paper"/>
  </concept>
  <concept>
    <code value="200000015521"/>
    <display value="PolyEthylene copolymer"/>
  </concept>
  <concept>
    <code value="200000027028"/>
    <display value="Ethylene-Vinyl Acetate"/>
  </concept>
  <concept>
    <code value="200000003201"/>
    <display value="Cyclic Olefin Copolymer"/>
  </concept>
  <concept>
    <code value="200000003202"/>
    <display value="Epoxyphenol"/>
  </concept>
  <concept>
    <code value="200000003203"/>
    <display value="Glass"/>
  </concept>
  <concept>
    <code value="200000003208"/>
    <display value="Plastic"/>
  </concept>
  <concept>
    <code value="200000003209"/>
    <display value="PolyAmide"/>
  </concept>
  <concept>
    <code value="200000003210"/>
    <display value="Orientated PolyAmide"/>
    <property>
      <code value="parent"/>
      <valueCode value="200000003209"/>
    </property>
  </concept>
  <concept>
    <code value="200000003211"/>
    <display value="PolyCarbonate"/>
  </concept>
  <concept>
    <code value="200000003212"/>
    <display value="PolyChloroTriFluoroEthylene"/>
  </concept>
  <concept>
    <code value="200000003213"/>
    <display value="Polyester"/>
  </concept>
  <concept>
    <code value="200000003214"/>
    <display value="PolyEthylene"/>
  </concept>
  <concept>
    <code value="200000003216"/>
    <display value="Low Density PolyEthylene"/>
    <property>
      <code value="parent"/>
      <valueCode value="200000003214"/>
    </property>
  </concept>
  <concept>
    <code value="200000003217"/>
    <display value="PolyEthylene TerePhthalate"/>
  </concept>
  <concept>
    <code value="200000003218"/>
    <display value="Polyolefin"/>
  </concept>
  <concept>
    <code value="200000003219"/>
    <display value="PolyPropylene"/>
  </concept>
  <concept>
    <code value="200000003220"/>
    <display value="PolyStyrene"/>
  </concept>
  <concept>
    <code value="200000003221"/>
    <display value="PolyVinyl Acetate"/>
  </concept>
  <concept>
    <code value="200000003222"/>
    <display value="PolyVinyl Chloride"/>
  </concept>
  <concept>
    <code value="200000003223"/>
    <display value="Plasticised PolyVinyl Chloride"/>
    <property>
      <code value="parent"/>
      <valueCode value="200000003222"/>
    </property>
  </concept>
  <concept>
    <code value="200000003224"/>
    <display value="Non-plasticised PolyVinyl Chloride / Unplasticised PolyVinyl Chloride"/>
    <property>
      <code value="parent"/>
      <valueCode value="200000003222"/>
    </property>
  </concept>
  <concept>
    <code value="200000003225"/>
    <display value="PolyVinylidene Chloride"/>
  </concept>
  <concept>
    <code value="200000003226"/>
    <display value="Rubber"/>
  </concept>
  <concept>
    <code value="200000003227"/>
    <display value="Silicone oil"/>
  </concept>
  <concept>
    <code value="200000003228"/>
    <display value="Silicone elastomer"/>
  </concept>
  <concept>
    <code value="200000003229"/>
    <display value="Steel"/>
  </concept>
  <concept>
    <code value="200000003529"/>
    <display value="Cardboard"/>
  </concept>
  <concept>
    <code value="200000012514"/>
    <display value="PolyAcryloNitrile"/>
  </concept>
  <concept>
    <code value="200000012515"/>
    <display value="Ethylene acrylic acid copolymer"/>
  </concept>
  <concept>
    <code value="200000012521"/>
    <display value="Ethylene meta-acrylic acid"/>
  </concept>
  <concept>
    <code value="200000012522"/>
    <display value="Ethylene-Vinyl Alcohol copolymer"/>
  </concept>
  <concept>
    <code value="200000012523"/>
    <display value="PolyVinylidene Fluoride"/>
  </concept>
  <concept>
    <code value="200000012524"/>
    <display value="Medium Density PolyEthylene"/>
  </concept>
  <concept>
    <code value="200000023330"/>
    <display value="Expanded Polyethylene"/>
  </concept>
  <concept>
    <code value="200000025255"/>
    <display value="Silica gel"/>
  </concept>
  <concept>
    <code value="200000025257"/>
    <display value="Linear Low Density PolyEthylene"/>
    <property>
      <code value="parent"/>
      <valueCode value="200000003216"/>
    </property>
  </concept>
  <concept>
    <code value="200000025918"/>
    <display value="PolyButyl Methacrylate"/>
  </concept>
  <concept>
    <code value="200000025920"/>
    <display value="PolyButylene Terephthalate"/>
  </concept>
  <concept>
    <code value="200000025921"/>
    <display value="Acrylonitrile Butadiene Styrene"/>
  </concept>
  <concept>
    <code value="200000025922"/>
    <display value="PolyOxyMethylene"/>
  </concept>
  <concept>
    <code value="200000025923"/>
    <display value="Chlorobutyl Rubber"/>
  </concept>
  <concept>
    <code value="200000003200"/>
    <display value="Aluminium"/>
  </concept>
  <concept>
    <code value="200000003204"/>
    <display value="Glass type I"/>
    <property>
      <code value="parent"/>
      <valueCode value="200000003203"/>
    </property>
  </concept>
  <concept>
    <code value="200000003215"/>
    <display value="High Density PolyEthylene"/>
    <property>
      <code value="parent"/>
      <valueCode value="200000003214"/>
    </property>
  </concept>
  <concept>
    <code value="200000012538"/>
    <display value="Syndiotactic Polypropylene"/>
    <property>
      <code value="parent"/>
      <valueCode value="200000003219"/>
    </property>
  </concept>
  <concept>
    <code value="200000023332"/>
    <display value="Cyclic Olefin Polymer"/>
  </concept>
  <concept>
    <code value="200000026009"/>
    <display value="Bromobutyl Rubber"/>
  </concept>
</CodeSystem>