<?xml version="1.0" encoding="UTF-8"?>

<Medication xmlns="http://hl7.org/fhir">
  <id value="CanifugCremolum-EE-Medication-Clinical"/>
  <meta>
    <profile value="http://unicom-project.eu/fhir/StructureDefinition/MedicationAsMedicinalProduct"/>
  </meta>
  <text>
    <status value="extensions"/><div xmlns="http://www.w3.org/1999/xhtml"><p><b>Generated Narrative: Medication</b><a name="CanifugCremolum-EE-Medication-Clinical"> </a></p><div style="display: inline-block; background-color: #d9e0e7; padding: 6px; margin: 4px; border: 1px solid #8da1b4; border-radius: 5px; line-height: 60%"><p style="margin-bottom: 0px">Resource Medication &quot;CanifugCremolum-EE-Medication-Clinical&quot; </p><p style="margin-bottom: 0px">Profile: <a href="StructureDefinition-MedicationAsMedicinalProduct.html">Medication</a></p></div><p><b>MedicinalProductClassification</b>: clotrimazole <span style="background: LightGoldenRodYellow; margin: 4px; border: 1px solid khaki"> (<a href="http://terminology.hl7.org/5.3.0/CodeSystem-v3-WC.html">WHO ATC</a>#G01AF02)</span></p><p><b>MedicinalProductName</b>: Canifug Cremolum</p><p><b>AdministrableDoseForm</b>: Vaginal cream <span style="background: LightGoldenRodYellow; margin: 4px; border: 1px solid khaki"> (standardterms.edqm.eu#10901000)</span></p><p><b>identifier</b>: id: EE-100004795-10280, id: EE-100004795-10280-1033692</p><p><b>marketingAuthorizationHolder</b>: <a href="Organization-LOC-100004795-Wolff-Arzneimittel.html">Organization/LOC-100004795-Wolff-Arzneimittel</a> &quot;Dr. August Wolff GmbH &amp; Co. KG Arzneimittel&quot;</p><p><b>doseForm</b>: Cream + pessary <span style="background: LightGoldenRodYellow; margin: 4px; border: 1px solid khaki"> (standardterms.edqm.eu#14001000)</span></p><blockquote><p><b>ingredient</b></p><h3>Items</h3><table class="grid"><tr><td style="display: none">-</td><td><b>Reference</b></td></tr><tr><td style="display: none">*</td><td><a href="Medication-CanifugCremolum-EE-Cream-Medication-Item.html">Medication/CanifugCremolum-EE-Cream-Medication-Item</a></td></tr></table></blockquote><blockquote><p><b>ingredient</b></p><h3>Items</h3><table class="grid"><tr><td style="display: none">-</td><td><b>Reference</b></td></tr><tr><td style="display: none">*</td><td><a href="Medication-CanifugCremolum-EE-Pessary-Medication-Item.html">Medication/CanifugCremolum-EE-Pessary-Medication-Item</a></td></tr></table></blockquote></div>
  </text>
  <extension url="http://unicom-project.eu/fhir/StructureDefinition/medicinal-product-classification">
    <valueCodeableConcept>
      <coding>
        <system value="http://www.whocc.no/atc"/>
        <code value="G01AF02"/>
        <display value="clotrimazole"/>
      </coding>
    </valueCodeableConcept>
  </extension>
  <extension url="http://unicom-project.eu/fhir/StructureDefinition/medicinal-product-name">
    <valueString value="Canifug Cremolum"/>
  </extension>
  <extension url="http://unicom-project.eu/fhir/StructureDefinition/administrable-doseform">
    <valueCodeableConcept>
      <coding>
        <system value="https://standardterms.edqm.eu"/>
        <code value="10901000"/>
        <display value="Vaginal cream"/>
      </coding>
    </valueCodeableConcept>
  </extension>
  <identifier>
    <system value="http://ema.europa.eu/fhir/mpId"/>
    <value value="EE-100004795-10280"/>
  </identifier>
  <identifier>
    <system value="http://ema.europa.eu/fhir/pcId"/>
    <value value="EE-100004795-10280-1033692"/>
  </identifier>
  <marketingAuthorizationHolder>
    <reference value="Organization/LOC-100004795-Wolff-Arzneimittel"/>
  </marketingAuthorizationHolder>
  <doseForm>
    <coding>
      <system value="https://standardterms.edqm.eu"/>
      <code value="14001000"/>
      <display value="Cream + pessary"/>
    </coding>
  </doseForm>
  <ingredient>
    <item>
      <reference>
        <reference value="Medication/CanifugCremolum-EE-Cream-Medication-Item"/>
      </reference>
    </item>
  </ingredient>
  <ingredient>
    <item>
      <reference>
        <reference value="Medication/CanifugCremolum-EE-Pessary-Medication-Item"/>
      </reference>
    </item>
  </ingredient>
</Medication>