<?xml version="1.0" encoding="UTF-8"?>

<ValueSet xmlns="http://hl7.org/fhir">
  <id value="routes-and-methods-of-administration-vs"/>
  <text>
    <status value="generated"/><div xmlns="http://www.w3.org/1999/xhtml"><ul><li>Include all codes defined in <a href="CodeSystem-routes-and-methods-of-administration-ema-cs.html"><code>https://spor.ema.europa.eu/v1/lists/100000073345</code></a></li></ul></div>
  </text>
  <url value="http://unicom-project.eu/fhir/ValueSet/routes-and-methods-of-administration-vs"/>
  <version value="0.1.0"/>
  <name value="RoutesAndMethodsOfAdministration"/>
  <title value="EMA SPOR Routes and Methods of Administration"/>
  <status value="draft"/>
  <experimental value="false"/>
  <date value="2023-12-11T14:40:01+00:00"/>
  <publisher value="UNICOM"/>
  <contact>
    <name value="UNICOM"/>
    <telecom>
      <system value="url"/>
      <value value="http://unicom-project.eu"/>
    </telecom>
  </contact>
  <description value="Routes and methods of medication administration. EMA SPOR RMS list, based on EDQM."/>
  <compose>
    <include>
      <system value="https://spor.ema.europa.eu/v1/lists/100000073345"/>
    </include>
  </compose>
</ValueSet>