{"resourceType":"ValueSet","id":"shelflifetype-spor-vs","text":{"status":"generated","div":"<div xmlns=\"http://www.w3.org/1999/xhtml\"><ul><li>Include all codes defined in <code>https://spor.ema.europa.eu/v1/lists/100000073343</code></li></ul></div>"},"url":"http://unicom-project.eu/fhir/ValueSet/shelflifetype-spor-vs","version":"0.1.0","name":"SporShelfLifeType","title":"EMA SPOR Shelf Life Type","status":"draft","experimental":false,"date":"2023-11-20T21:10:00+00:00","publisher":"UNICOM","contact":[{"name":"UNICOM","telecom":[{"system":"url","value":"http://unicom-project.eu"}]}],"description":"Shelf Life Type","compose":{"include":[{"system":"https://spor.ema.europa.eu/v1/lists/100000073343"}]}}