<?xml version="1.0" encoding="UTF-8"?>

<Ingredient xmlns="http://hl7.org/fhir">
  <id value="Cefuroxime-MIP-1500mg-EE-I"/>
  <text>
    <status value="generated"/><div xmlns="http://www.w3.org/1999/xhtml"><p><b>Generated Narrative: Ingredient</b><a name="Cefuroxime-MIP-1500mg-EE-I"> </a><a name="hcCefuroxime-MIP-1500mg-EE-I"> </a></p><div style="display: inline-block; background-color: #d9e0e7; padding: 6px; margin: 4px; border: 1px solid #8da1b4; border-radius: 5px; line-height: 60%"><p style="margin-bottom: 0px">Resource Ingredient &quot;Cefuroxime-MIP-1500mg-EE-I&quot; </p></div><p><b>status</b>: active</p><p><b>for</b>: </p><ul><li><a href="MedicinalProductDefinition-Cefuroxime-MIP-1500mg-EE-MPD.html">MedicinalProductDefinition/Cefuroxime-MIP-1500mg-EE-MPD</a></li><li><a href="ManufacturedItemDefinition-Cefuroxime-MIP-1500mg-EE-MID.html">ManufacturedItemDefinition/Cefuroxime-MIP-1500mg-EE-MID</a></li><li><a href="AdministrableProductDefinition-Cefuroxime-MIP-1500mg-EE-APD.html">AdministrableProductDefinition/Cefuroxime-MIP-1500mg-EE-APD</a></li></ul><p><b>role</b>: Active <span style="background: LightGoldenRodYellow; margin: 4px; border: 1px solid khaki"> (100000072050#100000072072)</span></p><blockquote><p><b>substance</b></p><h3>Codes</h3><table class="grid"><tr><td style="display: none">-</td><td><b>Concept</b></td></tr><tr><td style="display: none">*</td><td>CEFUROXIME SODIUM <span style="background: LightGoldenRodYellow; margin: 4px; border: 1px solid khaki"> (<a href="CodeSystem-substance-sms-cs.html">Substances EMA SPOR SMS</a>#100000091436)</span></td></tr></table><blockquote><p><b>strength</b></p><p><b>presentation</b>: 1578 milligram(s)<span style="background: LightGoldenRodYellow"> (Details: https://spor.ema.europa.eu/v1/lists/100000110633 code 100000110655 = 'milligram(s)')</span>/1 Vial<span style="background: LightGoldenRodYellow"> (Details: https://spor.ema.europa.eu/v1/lists/200000000014 code 200000002158 = 'Vial')</span></p><blockquote><p><b>referenceStrength</b></p><h3>Substances</h3><table class="grid"><tr><td style="display: none">-</td><td><b>Concept</b></td></tr><tr><td style="display: none">*</td><td>CEFUROXIME <span style="background: LightGoldenRodYellow; margin: 4px; border: 1px solid khaki"> (<a href="CodeSystem-substance-sms-cs.html">Substances EMA SPOR SMS</a>#100000092667)</span></td></tr></table><p><b>strength</b>: 1500 milligram(s)<span style="background: LightGoldenRodYellow"> (Details: https://spor.ema.europa.eu/v1/lists/100000110633 code 100000110655 = 'milligram(s)')</span>/1 Vial<span style="background: LightGoldenRodYellow"> (Details: https://spor.ema.europa.eu/v1/lists/200000000014 code 200000002158 = 'Vial')</span></p></blockquote></blockquote></blockquote></div>
  </text>
  <status value="active"/>
  <for>
    <reference value="MedicinalProductDefinition/Cefuroxime-MIP-1500mg-EE-MPD"/>
  </for>
  <for>
    <reference value="ManufacturedItemDefinition/Cefuroxime-MIP-1500mg-EE-MID"/>
  </for>
  <for>
    <reference value="AdministrableProductDefinition/Cefuroxime-MIP-1500mg-EE-APD"/>
  </for>
  <role>
    <coding>
      <system value="https://spor.ema.europa.eu/v1/lists/100000072050"/>
      <code value="100000072072"/>
      <display value="Active"/>
    </coding>
  </role>
  <substance>
    <code>
      <concept>
        <coding>
          <system value="https://spor.ema.europa.eu/v2/SubstanceDefinition"/>
          <code value="100000091436"/>
          <display value="CEFUROXIME SODIUM"/>
        </coding>
      </concept>
    </code>
    <strength>
      <presentationRatio>
        <numerator>
          <value value="1578"/>
          <unit value="milligram(s)"/>
          <system value="https://spor.ema.europa.eu/v1/lists/100000110633"/>
          <code value="100000110655"/>
        </numerator>
        <denominator>
          <value value="1"/>
          <unit value="Vial"/>
          <system value="https://spor.ema.europa.eu/v1/lists/200000000014"/>
          <code value="200000002158"/>
        </denominator>
      </presentationRatio>
      <referenceStrength>
        <substance>
          <concept>
            <coding>
              <system value="https://spor.ema.europa.eu/v2/SubstanceDefinition"/>
              <code value="100000092667"/>
              <display value="CEFUROXIME"/>
            </coding>
          </concept>
        </substance>
        <strengthRatio>
          <numerator>
            <value value="1500"/>
            <unit value="milligram(s)"/>
            <system value="https://spor.ema.europa.eu/v1/lists/100000110633"/>
            <code value="100000110655"/>
          </numerator>
          <denominator>
            <value value="1"/>
            <unit value="Vial"/>
            <system value="https://spor.ema.europa.eu/v1/lists/200000000014"/>
            <code value="200000002158"/>
          </denominator>
        </strengthRatio>
      </referenceStrength>
    </strength>
  </substance>
</Ingredient>