<?xml version="1.0" encoding="UTF-8"?>

<Organization xmlns="http://hl7.org/fhir">
  <id value="LOC-100009199-Mip"/>
  <meta>
    <profile value="http://unicom-project.eu/fhir/StructureDefinition/PPLOrganization"/>
  </meta>
  <text>
    <status value="generated"/><div xmlns="http://www.w3.org/1999/xhtml"><p><b>Generated Narrative: Organization</b><a name="LOC-100009199-Mip"> </a><a name="hcLOC-100009199-Mip"> </a></p><div style="display: inline-block; background-color: #d9e0e7; padding: 6px; margin: 4px; border: 1px solid #8da1b4; border-radius: 5px; line-height: 60%"><p style="margin-bottom: 0px">Resource Organization &quot;LOC-100009199-Mip&quot; </p><p style="margin-bottom: 0px">Profile: <a href="StructureDefinition-PPLOrganization.html">PPL Organization</a></p></div><p><b>identifier</b>: <code>https://spor.ema.europa.eu/v1/locations</code>/LOC-100009199</p><p><b>name</b>: Mip Pharma GmbH</p></div>
  </text>
  <identifier>
    <system value="https://spor.ema.europa.eu/v1/locations"/>
    <value value="LOC-100009199"/>
  </identifier>
  <name value="Mip Pharma GmbH"/>
</Organization>