<?xml version="1.0" encoding="UTF-8"?>

<SearchParameter xmlns="http://hl7.org/fhir">
  <id value="name-language-correct"/>
  <text>
    <status value="generated"/><div xmlns="http://www.w3.org/1999/xhtml"><h2>name-language-correct</h2><p>Parameter <code>name-language-correct</code>:<code>token</code></p><div><p>Possiblity to search ingredient for MedicinalProductDefinition.name.usage.language</p>
</div><table class="grid"><tr><td>Resource</td><td><a href="http://hl7.org/fhir/R5/medicinalproductdefinition.html">MedicinalProductDefinition</a></td></tr><tr><td>Expression</td><td><code>MedicinalProductDefinition.name.usage.language</code></td></tr><tr><td>Processing Mode</td><td>Normal</td></tr><tr><td>Multiples</td><td><ul><li>multipleAnd: It's up to the server whether the parameter may repeat in order to specify multiple values that must all be true</li><li>multipleOr: It's up to the server whether the parameter can have multiple values (separated by comma) where at least one must be true</li></ul></td></tr></table></div>
  </text>
  <url value="http://unicom-project.eu/fhir/SearchParameter/name-language-correct"/>
  <version value="0.1.0"/>
  <name value="name-language-correct"/>
  <status value="active"/>
  <date value="2024-05-03T19:27:00+00:00"/>
  <publisher value="UNICOM"/>
  <contact>
    <name value="UNICOM"/>
    <telecom>
      <system value="url"/>
      <value value="http://unicom-project.eu"/>
    </telecom>
  </contact>
  <description value="Possiblity to search ingredient for MedicinalProductDefinition.name.usage.language"/>
  <code value="name-language-correct"/>
  <base value="MedicinalProductDefinition"/>
  <type value="token"/>
  <expression value="MedicinalProductDefinition.name.usage.language"/>
  <processingMode value="normal"/>
</SearchParameter>