{
  "resourceType" : "MedicinalProductDefinition",
  "id" : "CanifugCremolum-EE-MPD",
  "meta" : {
    "profile" : ["http://unicom-project.eu/fhir/StructureDefinition/PPLMedicinalProductDefinition"]
  },
  "text" : {
    "status" : "generated",
    "div" : "<div xmlns=\"http://www.w3.org/1999/xhtml\"><p><b>Generated Narrative: MedicinalProductDefinition</b><a name=\"CanifugCremolum-EE-MPD\"> </a></p><div style=\"display: inline-block; background-color: #d9e0e7; padding: 6px; margin: 4px; border: 1px solid #8da1b4; border-radius: 5px; line-height: 60%\"><p style=\"margin-bottom: 0px\">Resource MedicinalProductDefinition &quot;CanifugCremolum-EE-MPD&quot; </p><p style=\"margin-bottom: 0px\">Profile: <a href=\"StructureDefinition-PPLMedicinalProductDefinition.html\">PPL Medicinal Product profile</a></p></div><p><b>identifier</b>: id: EE-100004795-10280, id: EE00000003</p><p><b>domain</b>: Human use <span style=\"background: LightGoldenRodYellow; margin: 4px; border: 1px solid khaki\"> (<a href=\"CodeSystem-domain-ema-cs.html\">Domain EMA</a>#100000000012)</span></p><p><b>status</b>: Current <span style=\"background: LightGoldenRodYellow; margin: 4px; border: 1px solid khaki\"> (<a href=\"CodeSystem-recordStatus-ema-cs.html\">Record Status EMA SPOR</a>#200000005004)</span></p><p><b>combinedPharmaceuticalDoseForm</b>: Cream + pessary <span style=\"background: LightGoldenRodYellow; margin: 4px; border: 1px solid khaki\"> (<a href=\"CodeSystem-combination-package-ema-cs.html\">Combination Package EMA</a>#100000173972)</span></p><p><b>legalStatusOfSupply</b>: Medicinal Product subject to medical prescription <span style=\"background: LightGoldenRodYellow; margin: 4px; border: 1px solid khaki\"> (<a href=\"CodeSystem-legal-status-for-the-supply-ema-cs.html\">Legal Status for the Supply EMA</a>#100000072084)</span></p><p><b>classification</b>: clotrimazole <span style=\"background: LightGoldenRodYellow; margin: 4px; border: 1px solid khaki\"> (<a href=\"CodeSystem-ATC-Human-EMA.html\">ATC Human EMA</a>#100000095693)</span>, clotrimazole <span style=\"background: LightGoldenRodYellow; margin: 4px; border: 1px solid khaki\"> (<a href=\"http://terminology.hl7.org/5.0.0/CodeSystem-v3-WC.html\">WHO ATC</a>#G01AF02)</span></p><blockquote><p><b>name</b></p><p><b>productName</b>: Canifug Cremolum</p><h3>Parts</h3><table class=\"grid\"><tr><td>-</td><td><b>Part</b></td><td><b>Type</b></td></tr><tr><td>*</td><td>Canifug Cremolum</td><td>Invented name part <span style=\"background: LightGoldenRodYellow; margin: 4px; border: 1px solid khaki\"> (220000000000#220000000002)</span></td></tr></table><h3>Usages</h3><table class=\"grid\"><tr><td>-</td><td><b>Country</b></td><td><b>Language</b></td></tr><tr><td>*</td><td>Republic of Estonia <span style=\"background: LightGoldenRodYellow; margin: 4px; border: 1px solid khaki\"> (<a href=\"CodeSystem-country-ema-cs.html\">Country EMA</a>#100000000388)</span></td><td>Estonian <span style=\"background: LightGoldenRodYellow; margin: 4px; border: 1px solid khaki\"> (<a href=\"CodeSystem-language-ema-cs.html\">Language EMA</a>#100000072172)</span></td></tr></table></blockquote></div>"
  },
  "identifier" : [{
    "system" : "http://ema.europa.eu/fhir/mpId",
    "value" : "EE-100004795-10280"
  },
  {
    "system" : "http://ema.europa.eu/fhir/pmsId",
    "value" : "EE00000003"
  }],
  "domain" : {
    "coding" : [{
      "system" : "https://spor.ema.europa.eu/v1/lists/100000000004",
      "code" : "100000000012",
      "display" : "Human use"
    }]
  },
  "status" : {
    "coding" : [{
      "system" : "https://spor.ema.europa.eu/v1/lists/200000005003",
      "code" : "200000005004",
      "display" : "Current"
    }]
  },
  "combinedPharmaceuticalDoseForm" : {
    "coding" : [{
      "system" : "https://spor.ema.europa.eu/v1/lists/200000000008",
      "code" : "100000173972",
      "display" : "Cream + pessary"
    }]
  },
  "legalStatusOfSupply" : {
    "coding" : [{
      "system" : "https://spor.ema.europa.eu/v1/lists/100000072051",
      "code" : "100000072084",
      "display" : "Medicinal Product subject to medical prescription"
    }]
  },
  "classification" : [{
    "coding" : [{
      "system" : "https://spor.ema.europa.eu/v1/lists/100000093533",
      "code" : "100000095693",
      "display" : "clotrimazole"
    }]
  },
  {
    "coding" : [{
      "system" : "http://www.whocc.no/atc",
      "code" : "G01AF02",
      "display" : "clotrimazole"
    }]
  }],
  "name" : [{
    "productName" : "Canifug Cremolum",
    "part" : [{
      "part" : "Canifug Cremolum",
      "type" : {
        "coding" : [{
          "system" : "https://spor.ema.europa.eu/v1/lists/220000000000",
          "code" : "220000000002",
          "display" : "Invented name part"
        }]
      }
    }],
    "usage" : [{
      "country" : {
        "coding" : [{
          "system" : "https://spor.ema.europa.eu/v1/lists/100000000002",
          "code" : "100000000388",
          "display" : "Republic of Estonia"
        }]
      },
      "language" : {
        "coding" : [{
          "system" : "https://spor.ema.europa.eu/v1/lists/100000072057",
          "code" : "100000072172",
          "display" : "Estonian"
        }]
      }
    }]
  }]
}