{
  "resourceType" : "RegulatedAuthorization",
  "id" : "Agen-5mg-Tablet-EE-RA",
  "meta" : {
    "profile" : ["http://unicom-project.eu/fhir/StructureDefinition/PPLRegulatedAuthorization"]
  },
  "text" : {
    "status" : "generated",
    "div" : "<div xmlns=\"http://www.w3.org/1999/xhtml\"><p><b>Generated Narrative: RegulatedAuthorization</b><a name=\"Agen-5mg-Tablet-EE-RA\"> </a></p><div style=\"display: inline-block; background-color: #d9e0e7; padding: 6px; margin: 4px; border: 1px solid #8da1b4; border-radius: 5px; line-height: 60%\"><p style=\"margin-bottom: 0px\">Resource RegulatedAuthorization &quot;Agen-5mg-Tablet-EE-RA&quot; </p><p style=\"margin-bottom: 0px\">Profile: <a href=\"StructureDefinition-PPLRegulatedAuthorization.html\">PPL Marketing Authorisation profile</a></p></div><p><b>identifier</b>: id: 418303</p><p><b>subject</b>: <a href=\"MedicinalProductDefinition-Agen-5mg-Tablet-EE-MPD.html\">MedicinalProductDefinition/Agen-5mg-Tablet-EE-MPD</a></p><p><b>type</b>: Marketing Authorisation <span style=\"background: LightGoldenRodYellow; margin: 4px; border: 1px solid khaki\"> (220000000060#220000000061)</span></p><p><b>region</b>: Republic of Estonia <span style=\"background: LightGoldenRodYellow; margin: 4px; border: 1px solid khaki\"> (<a href=\"CodeSystem-country-ema-cs.html\">Country EMA</a>#100000000388)</span></p><p><b>status</b>: Valid - Renewed/Varied <span style=\"background: LightGoldenRodYellow; margin: 4px; border: 1px solid khaki\"> (<a href=\"CodeSystem-regulatoryStatus-ema-cs.html\">Regulatory Entitlement Status EMA SPOR</a>#200000017708)</span></p><p><b>statusDate</b>: 2013-06-07</p><p><b>holder</b>: <a href=\"Organization-LOC-100002580-Zentiva.html\">Organization/LOC-100002580-Zentiva</a> &quot;Zentiva k.s.&quot;</p></div>"
  },
  "identifier" : [{
    "value" : "418303"
  }],
  "subject" : [{
    "reference" : "MedicinalProductDefinition/Agen-5mg-Tablet-EE-MPD"
  }],
  "type" : {
    "coding" : [{
      "system" : "https://spor.ema.europa.eu/v1/lists/220000000060",
      "code" : "220000000061",
      "display" : "Marketing Authorisation"
    }]
  },
  "region" : [{
    "coding" : [{
      "system" : "https://spor.ema.europa.eu/v1/lists/100000000002",
      "code" : "100000000388",
      "display" : "Republic of Estonia"
    }]
  }],
  "status" : {
    "coding" : [{
      "system" : "https://spor.ema.europa.eu/v1/lists/100000072049",
      "code" : "200000017708",
      "display" : "Valid - Renewed/Varied"
    }]
  },
  "statusDate" : "2013-06-07",
  "holder" : {
    "reference" : "Organization/LOC-100002580-Zentiva"
  }
}