{
  "resourceType" : "ValueSet",
  "id" : "substances-vs",
  "text" : {
    "status" : "generated",
    "div" : "<div xmlns=\"http://www.w3.org/1999/xhtml\"><ul><li>Include all codes defined in <a href=\"CodeSystem-substance-sms-cs.html\"><code>https://spor.ema.europa.eu/v2/SubstanceDefinition</code></a></li></ul></div>"
  },
  "url" : "http://unicom-project.eu/fhir/ValueSet/substances-vs",
  "version" : "0.1.0",
  "name" : "SubstancesSMS",
  "title" : "EMA SPOR SMS Substances",
  "status" : "active",
  "experimental" : false,
  "date" : "2023-02-24T10:33:27+00:00",
  "publisher" : "UNICOM",
  "contact" : [{
    "name" : "UNICOM",
    "telecom" : [{
      "system" : "url",
      "value" : "http://unicom-project.eu"
    }]
  }],
  "description" : "Value set for substances, PPL subset from SMS.",
  "compose" : {
    "include" : [{
      "system" : "https://spor.ema.europa.eu/v2/SubstanceDefinition"
    }]
  }
}