{
  "resourceType" : "ValueSet",
  "id" : "language-ema-vs",
  "text" : {
    "status" : "generated",
    "div" : "<div xmlns=\"http://www.w3.org/1999/xhtml\"><ul><li>Include all codes defined in <a href=\"CodeSystem-language-ema-cs.html\"><code>https://spor.ema.europa.eu/v1/lists/100000072057</code></a></li></ul></div>"
  },
  "url" : "http://unicom-project.eu/fhir/ValueSet/language-ema-vs",
  "version" : "0.1.0",
  "name" : "LanguageEMA",
  "title" : "Language (EMA SPOR RMS)",
  "status" : "active",
  "experimental" : false,
  "date" : "2023-02-24T10:33:27+00:00",
  "publisher" : "UNICOM",
  "contact" : [{
    "name" : "UNICOM",
    "telecom" : [{
      "system" : "url",
      "value" : "http://unicom-project.eu"
    }]
  }],
  "description" : "Languages. EMA SPOR RMS list.",
  "compose" : {
    "include" : [{
      "system" : "https://spor.ema.europa.eu/v1/lists/100000072057"
    }]
  }
}