{
  "resourceType" : "ValueSet",
  "id" : "Filter-label",
  "text" : {
    "status" : "generated",
    "div" : "<div xmlns=\"http://www.w3.org/1999/xhtml\"><ul><li>Include all codes defined in <code>https://standardterms.edqm.eu</code></li></ul></div>"
  },
  "url" : "http://unicom-project.eu/fhir/ValueSet/Filter-label",
  "version" : "0.1.0",
  "name" : "FilterLabel",
  "title" : "Filter label",
  "status" : "active",
  "experimental" : false,
  "date" : "2023-02-24T10:33:27+00:00",
  "publisher" : "UNICOM",
  "contact" : [{
    "name" : "UNICOM",
    "telecom" : [{
      "system" : "url",
      "value" : "http://unicom-project.eu"
    }]
  }],
  "description" : "ValueSet Filter label from EDQM, FIL, see https://standardterms.edqm.eu/#",
  "immutable" : false,
  "compose" : {
    "include" : [{
      "system" : "https://standardterms.edqm.eu"
    }]
  }
}