<?xml version="1.0" encoding="UTF-8"?>

<Bundle xmlns="http://hl7.org/fhir">
  <id value="d59ee6f0-175d-4a68-947f-c32ba3b2f2f2"/>
  <meta>
    <lastUpdated value="2022-10-12T11:16:51.617+00:00"/>
  </meta>
  <type value="collection"/>
  <entry>
    <fullUrl value="http://medigree.net/fhir/ee/idmp/ValueSet/dose-form-ontology-cs"/>
    <resource>
      <ValueSet>
        <id value="dose-form-ontology-cs"/>
        <text>
          <status value="generated"/>
          <div xmlns="http://www.w3.org/1999/xhtml">
            <p>This value set contains 4 concepts</p>
            <p style="border: black 1px dotted; background-color: #EEEEEE; padding: 8px; margin-bottom: 8px">Expansion based on 
              <a href="CodeSystem-dose-form-ontology-cs.html">Dose Form Ontology Code System v0.1.0 (CodeSystem)</a>
            </p>
            <table class="codes">
              <tr>
                <td>
                  <b>Level</b>
                </td>
                <td style="white-space:nowrap">
                  <b>Code</b>
                </td>
                <td>
                  <b>System</b>
                </td>
                <td>
                  <b>Display</b>
                </td>
                <td>
                  <b>Definition</b>
                </td>
              </tr>
              <tr>
                <td>
                  <a name="http---medigree.net-fhir-ee-idmp-CodeSystem-dose-form-ontology-cs-20053000"> </a>1
                </td>
                <td style="white-space:nowrap">  
                  <a href="CodeSystem-dose-form-ontology-cs.html#dose-form-ontology-cs-20053000">20053000</a>
                </td>
                <td>http://medigree.net/fhir/ee/idmp/CodeSystem/dose-form-ontology-cs</td>
                <td>Oral use</td>
                <td>
                  <div>
                    <p>Oral Use</p>

                  </div>
                </td>
              </tr>
              <tr>
                <td>
                  <a name="http---medigree.net-fhir-ee-idmp-CodeSystem-dose-form-ontology-cs-10220XXX"> </a>2
                </td>
                <td style="white-space:nowrap">    
                  <a href="CodeSystem-dose-form-ontology-cs.html#dose-form-ontology-cs-10220XXX">10220XXX</a>
                </td>
                <td>http://medigree.net/fhir/ee/idmp/CodeSystem/dose-form-ontology-cs</td>
                <td>Capsule</td>
                <td>
                  <div>
                    <p>Capsule</p>

                  </div>
                </td>
              </tr>
              <tr>
                <td>
                  <a name="http---medigree.net-fhir-ee-idmp-CodeSystem-dose-form-ontology-cs-10220000"> </a>2
                </td>
                <td style="white-space:nowrap">    
                  <a href="CodeSystem-dose-form-ontology-cs.html#dose-form-ontology-cs-10220000">10220000</a>
                </td>
                <td>http://medigree.net/fhir/ee/idmp/CodeSystem/dose-form-ontology-cs</td>
                <td>Tablet</td>
                <td>
                  <div>
                    <p>Tablet</p>

                  </div>
                </td>
              </tr>
              <tr>
                <td>
                  <a name="http---medigree.net-fhir-ee-idmp-CodeSystem-dose-form-ontology-cs-10318000"> </a>3
                </td>
                <td style="white-space:nowrap">      
                  <a href="CodeSystem-dose-form-ontology-cs.html#dose-form-ontology-cs-10318000">10318000</a>
                </td>
                <td>http://medigree.net/fhir/ee/idmp/CodeSystem/dose-form-ontology-cs</td>
                <td>Sublingual tablet</td>
                <td>
                  <div>
                    <p>Sublingual tablet</p>

                  </div>
                </td>
              </tr>
            </table>
          </div>
        </text>
        <url value="http://medigree.net/fhir/ee/idmp/ValueSet/dose-form-ontology-cs"/>
        <version value="0.1.0"/>
        <name value="DoseFormOntologyCS"/>
        <title value="Dose Form ontology Value Set"/>
        <status value="active"/>
        <date value="2022-10-12T11:16:51+00:00"/>
        <publisher value="UNICOM"/>
        <contact>
          <name value="UNICOM"/>
          <telecom>
            <system value="url"/>
            <value value="http://medigree.net"/>
          </telecom>
        </contact>
        <expansion>
          <identifier value="urn:uuid:7ef2a107-91b9-494a-82ec-84ecd22bff5d"/>
          <timestamp value="2022-10-12T11:17:01+00:00"/>
          <total value="4"/>
          <parameter>
            <name value="excludeNested"/>
            <valueBoolean value="false"/>
          </parameter>
          <parameter>
            <name value="version"/>
            <valueUri value="http://medigree.net/fhir/ee/idmp/CodeSystem/dose-form-ontology-cs|0.1.0"/>
          </parameter>
          <contains>
            <system value="http://medigree.net/fhir/ee/idmp/CodeSystem/dose-form-ontology-cs"/>
            <code value="20053000"/>
            <display value="Oral use"/>
            <contains>
              <system value="http://medigree.net/fhir/ee/idmp/CodeSystem/dose-form-ontology-cs"/>
              <code value="10220XXX"/>
              <display value="Capsule"/>
            </contains>
            <contains>
              <system value="http://medigree.net/fhir/ee/idmp/CodeSystem/dose-form-ontology-cs"/>
              <code value="10220000"/>
              <display value="Tablet"/>
              <contains>
                <system value="http://medigree.net/fhir/ee/idmp/CodeSystem/dose-form-ontology-cs"/>
                <code value="10318000"/>
                <display value="Sublingual tablet"/>
              </contains>
            </contains>
          </contains>
        </expansion>
      </ValueSet>
    </resource>
  </entry>
</Bundle>