{"resourceType":"CodeSystem","id":"ATC-Human-EMA","text":{"status":"generated","div":"<div xmlns=\"http://www.w3.org/1999/xhtml\"><p>This code system <code>https://spor.ema.europa.eu/v1/lists/100000093533</code> defines the following codes:</p><table class=\"codes\"><tr><td style=\"white-space:nowrap\"><b>Code</b></td><td><b>Display</b></td><td><b>Definition</b></td></tr><tr><td style=\"white-space:nowrap\">100000095729<a name=\"ATC-Human-EMA-100000095729\"> </a></td><td>OTHER GYNECOLOGICALS</td><td>G02</td></tr><tr><td style=\"white-space:nowrap\">100000095065<a name=\"ATC-Human-EMA-100000095065\"> </a></td><td>amlodipine</td><td>C08CA01</td></tr><tr><td style=\"white-space:nowrap\">100000116213<a name=\"ATC-Human-EMA-100000116213\"> </a></td><td>valsartan, amlodipine and hydrochlorothiazide</td><td>C09DX01</td></tr><tr><td style=\"white-space:nowrap\">100000095785<a name=\"ATC-Human-EMA-100000095785\"> </a></td><td>drospirenone and ethinylestradiol</td><td>G03AA12</td></tr><tr><td style=\"white-space:nowrap\">100000097305<a name=\"ATC-Human-EMA-100000097305\"> </a></td><td>paracetamol</td><td>N02BE01</td></tr><tr><td style=\"white-space:nowrap\">100000096183<a name=\"ATC-Human-EMA-100000096183\"> </a></td><td>cefuroxime</td><td>J01DC02</td></tr><tr><td style=\"white-space:nowrap\">100000096162<a name=\"ATC-Human-EMA-100000096162\"> </a></td><td>amoxicillin and beta-lactamase inhibitor</td><td>J01CR02</td></tr><tr><td style=\"white-space:nowrap\">100000094266<a name=\"ATC-Human-EMA-100000094266\"> </a></td><td>enoxaparin</td><td>B01AB05</td></tr><tr><td style=\"white-space:nowrap\">100000095693<a name=\"ATC-Human-EMA-100000095693\"> </a></td><td>clotrimazole</td><td>G01AF02</td></tr><tr><td style=\"white-space:nowrap\">100000094023<a name=\"ATC-Human-EMA-100000094023\"> </a></td><td>insulin glargine</td><td>A10AE04</td></tr></table></div>"},"url":"https://spor.ema.europa.eu/v1/lists/100000093533","version":"0.1.0","name":"ATC_Human_EMA","title":"ATC Human EMA","status":"draft","experimental":false,"date":"2023-02-24T10:33:27+00:00","publisher":"UNICOM","contact":[{"name":"UNICOM","telecom":[{"system":"url","value":"http://unicom-project.eu"}]}],"description":"ATC classification recoded with EMA SPOR RMS codes. Flat list, WHO ATC codes provided in description field for easier use.","caseSensitive":true,"compositional":false,"content":"complete","count":10,"concept":[{"code":"100000095729","display":"OTHER GYNECOLOGICALS","definition":"G02"},{"code":"100000095065","display":"amlodipine","definition":"C08CA01"},{"code":"100000116213","display":"valsartan, amlodipine and hydrochlorothiazide","definition":"C09DX01"},{"code":"100000095785","display":"drospirenone and ethinylestradiol","definition":"G03AA12"},{"code":"100000097305","display":"paracetamol","definition":"N02BE01"},{"code":"100000096183","display":"cefuroxime","definition":"J01DC02"},{"code":"100000096162","display":"amoxicillin and beta-lactamase inhibitor","definition":"J01CR02"},{"code":"100000094266","display":"enoxaparin","definition":"B01AB05"},{"code":"100000095693","display":"clotrimazole","definition":"G01AF02"},{"code":"100000094023","display":"insulin glargine","definition":"A10AE04"}]}