{"resourceType":"StructureDefinition","id":"TransitionManufacturedItemDefinition","text":{"status":"extensions","div":"<div xmlns=\"http://www.w3.org/1999/xhtml\"><table border=\"0\" cellpadding=\"0\" cellspacing=\"0\" style=\"border: 0px #F0F0F0 solid; font-size: 11px; font-family: verdana; vertical-align: top;\"><tr style=\"border: 1px #F0F0F0 solid; font-size: 11px; font-family: verdana; vertical-align: top\"><th style=\"vertical-align: top; text-align : left; background-color: white; border: 0px #F0F0F0 solid; padding:0px 4px 0px 4px\" class=\"hierarchy\"><a href=\"https://build.fhir.org/ig/FHIR/ig-guidance/readingIgs.html#table-views\" title=\"The logical name of the element\">Name</a></th><th style=\"vertical-align: top; text-align : left; background-color: white; border: 0px #F0F0F0 solid; padding:0px 4px 0px 4px\" class=\"hierarchy\"><a href=\"https://build.fhir.org/ig/FHIR/ig-guidance/readingIgs.html#table-views\" title=\"Information about the use of the element\">Flags</a></th><th style=\"vertical-align: top; text-align : left; background-color: white; border: 0px #F0F0F0 solid; padding:0px 4px 0px 4px\" class=\"hierarchy\"><a href=\"https://build.fhir.org/ig/FHIR/ig-guidance/readingIgs.html#table-views\" title=\"Minimum and Maximum # of times the the element can appear in the instance\">Card.</a></th><th style=\"width: 100px\" class=\"hierarchy\"><a href=\"https://build.fhir.org/ig/FHIR/ig-guidance/readingIgs.html#table-views\" title=\"Reference to the type of the element\">Type</a></th><th style=\"vertical-align: top; text-align : left; background-color: white; border: 0px #F0F0F0 solid; padding:0px 4px 0px 4px\" class=\"hierarchy\"><a href=\"https://build.fhir.org/ig/FHIR/ig-guidance/readingIgs.html#table-views\" title=\"Additional information about the element\">Description &amp; Constraints</a><span style=\"float: right\"><a href=\"https://build.fhir.org/ig/FHIR/ig-guidance/readingIgs.html#table-views\" title=\"Legend for this format\"><img src=\"http://build.fhir.org/help16.png\" alt=\"doco\" style=\"background-color: inherit\"/></a></span></th></tr><tr style=\"border: 0px #F0F0F0 solid; padding:0px; vertical-align: top; background-color: white\"><td style=\"vertical-align: top; text-align : left; background-color: white; border: 0px #F0F0F0 solid; padding:0px 4px 0px 4px; white-space: nowrap; background-image: url(tbl_bck1.png)\" class=\"hierarchy\"><img src=\"tbl_spacer.png\" alt=\".\" style=\"background-color: inherit\" class=\"hierarchy\"/><img src=\"icon_resource.png\" alt=\".\" style=\"background-color: white; background-color: inherit\" title=\"Resource\" class=\"hierarchy\"/> <a href=\"StructureDefinition-TransitionManufacturedItemDefinition-definitions.html#ManufacturedItemDefinition\">ManufacturedItemDefinition</a><a name=\"ManufacturedItemDefinition\"> </a></td><td style=\"vertical-align: top; text-align : left; background-color: white; border: 0px #F0F0F0 solid; padding:0px 4px 0px 4px\" class=\"hierarchy\"/><td style=\"vertical-align: top; text-align : left; background-color: white; border: 0px #F0F0F0 solid; padding:0px 4px 0px 4px\" class=\"hierarchy\"><span style=\"opacity: 0.5\">0</span><span style=\"opacity: 0.5\">..</span><span style=\"opacity: 0.5\">*</span></td><td style=\"vertical-align: top; text-align : left; background-color: white; border: 0px #F0F0F0 solid; padding:0px 4px 0px 4px\" class=\"hierarchy\"><a href=\"http://hl7.org/fhir/5.0.0-snapshot3/manufactureditemdefinition.html\">ManufacturedItemDefinition</a></td><td style=\"vertical-align: top; text-align : left; background-color: white; border: 0px #F0F0F0 solid; padding:0px 4px 0px 4px\" class=\"hierarchy\"><span style=\"opacity: 0.5\">The definition and characteristics of a medicinal manufactured item, such as a tablet or capsule, as contained in a packaged medicinal product</span></td></tr>\r\n<tr style=\"border: 0px #F0F0F0 solid; padding:0px; vertical-align: top; background-color: #F7F7F7\"><td style=\"vertical-align: top; text-align : left; background-color: #F7F7F7; border: 0px #F0F0F0 solid; padding:0px 4px 0px 4px; white-space: nowrap; background-image: url(tbl_bck10.png)\" class=\"hierarchy\"><img src=\"tbl_spacer.png\" alt=\".\" style=\"background-color: inherit\" class=\"hierarchy\"/><img src=\"tbl_vjoin.png\" alt=\".\" style=\"background-color: inherit\" class=\"hierarchy\"/><img src=\"icon_element.gif\" alt=\".\" style=\"background-color: #F7F7F7; background-color: inherit\" title=\"Element\" class=\"hierarchy\"/> <a href=\"StructureDefinition-TransitionManufacturedItemDefinition-definitions.html#ManufacturedItemDefinition.manufacturedDoseForm\" title=\"EMA IG 4.11.3\">manufacturedDoseForm</a><a name=\"ManufacturedItemDefinition.manufacturedDoseForm\"> </a></td><td style=\"vertical-align: top; text-align : left; background-color: #F7F7F7; border: 0px #F0F0F0 solid; padding:0px 4px 0px 4px\" class=\"hierarchy\"/><td style=\"vertical-align: top; text-align : left; background-color: #F7F7F7; border: 0px #F0F0F0 solid; padding:0px 4px 0px 4px\" class=\"hierarchy\"><span style=\"opacity: 0.5\">1</span><span style=\"opacity: 0.5\">..</span><span style=\"opacity: 0.5\">1</span></td><td style=\"vertical-align: top; text-align : left; background-color: #F7F7F7; border: 0px #F0F0F0 solid; padding:0px 4px 0px 4px\" class=\"hierarchy\"><a style=\"opacity: 0.5\" href=\"http://hl7.org/fhir/5.0.0-snapshot3/datatypes.html#CodeableConcept\">CodeableConcept</a></td><td style=\"vertical-align: top; text-align : left; background-color: #F7F7F7; border: 0px #F0F0F0 solid; padding:0px 4px 0px 4px\" class=\"hierarchy\">Dose form of the manufactured item (before preparing for administration)<br/><span style=\"font-weight:bold\">Binding: </span><a href=\"ValueSet-pharmaceutical-doseform-vs.html\">Pharmaceutical Dose Form</a> (<a href=\"http://build.fhir.org/terminologies.html#required\" title=\"To be conformant, the concept in this element SHALL be from the specified value set.\">required</a>)</td></tr>\r\n<tr style=\"border: 0px #F0F0F0 solid; padding:0px; vertical-align: top; background-color: white\"><td style=\"vertical-align: top; text-align : left; background-color: white; border: 0px #F0F0F0 solid; padding:0px 4px 0px 4px; white-space: nowrap; background-image: url(tbl_bck10.png)\" class=\"hierarchy\"><img src=\"tbl_spacer.png\" alt=\".\" style=\"background-color: inherit\" class=\"hierarchy\"/><img src=\"tbl_vjoin.png\" alt=\".\" style=\"background-color: inherit\" class=\"hierarchy\"/><img src=\"icon_element.gif\" alt=\".\" style=\"background-color: white; background-color: inherit\" title=\"Element\" class=\"hierarchy\"/> <a href=\"StructureDefinition-TransitionManufacturedItemDefinition-definitions.html#ManufacturedItemDefinition.unitOfPresentation\" title=\"EMA IG 4.11.1\">unitOfPresentation</a><a name=\"ManufacturedItemDefinition.unitOfPresentation\"> </a></td><td style=\"vertical-align: top; text-align : left; background-color: white; border: 0px #F0F0F0 solid; padding:0px 4px 0px 4px\" class=\"hierarchy\"/><td style=\"vertical-align: top; text-align : left; background-color: white; border: 0px #F0F0F0 solid; padding:0px 4px 0px 4px\" class=\"hierarchy\"><span style=\"opacity: 0.5\">0</span><span style=\"opacity: 0.5\">..</span><span style=\"opacity: 0.5\">1</span></td><td style=\"vertical-align: top; text-align : left; background-color: white; border: 0px #F0F0F0 solid; padding:0px 4px 0px 4px\" class=\"hierarchy\"><a style=\"opacity: 0.5\" href=\"http://hl7.org/fhir/5.0.0-snapshot3/datatypes.html#CodeableConcept\">CodeableConcept</a></td><td style=\"vertical-align: top; text-align : left; background-color: white; border: 0px #F0F0F0 solid; padding:0px 4px 0px 4px\" class=\"hierarchy\">Unit of presentation of the manufactured item (before preparing for administration)</td></tr>\r\n<tr style=\"border: 0px #F0F0F0 solid; padding:0px; vertical-align: top; background-color: #F7F7F7\"><td style=\"vertical-align: top; text-align : left; background-color: #F7F7F7; border: 0px #F0F0F0 solid; padding:0px 4px 0px 4px; white-space: nowrap; background-image: url(tbl_bck10.png)\" class=\"hierarchy\"><img src=\"tbl_spacer.png\" alt=\".\" style=\"background-color: inherit\" class=\"hierarchy\"/><img src=\"tbl_vjoin.png\" alt=\".\" style=\"background-color: inherit\" class=\"hierarchy\"/><img src=\"icon_element.gif\" alt=\".\" style=\"background-color: #F7F7F7; background-color: inherit\" title=\"Element\" class=\"hierarchy\"/> <span style=\"text-decoration:line-through\">ingredient</span><a name=\"ManufacturedItemDefinition.ingredient\"> </a></td><td style=\"vertical-align: top; text-align : left; background-color: #F7F7F7; border: 0px #F0F0F0 solid; padding:0px 4px 0px 4px\" class=\"hierarchy\"/><td style=\"vertical-align: top; text-align : left; background-color: #F7F7F7; border: 0px #F0F0F0 solid; padding:0px 4px 0px 4px\" class=\"hierarchy\"><span style=\"text-decoration:line-through\"/><span style=\"text-decoration:line-through\">0</span><span style=\"text-decoration:line-through\">..</span><span style=\"text-decoration:line-through\">0</span></td><td style=\"vertical-align: top; text-align : left; background-color: #F7F7F7; border: 0px #F0F0F0 solid; padding:0px 4px 0px 4px\" class=\"hierarchy\"/><td style=\"vertical-align: top; text-align : left; background-color: #F7F7F7; border: 0px #F0F0F0 solid; padding:0px 4px 0px 4px\" class=\"hierarchy\"/></tr>\r\n<tr style=\"border: 0px #F0F0F0 solid; padding:0px; vertical-align: top; background-color: white\"><td style=\"vertical-align: top; text-align : left; background-color: white; border: 0px #F0F0F0 solid; padding:0px 4px 0px 4px; white-space: nowrap; background-image: url(tbl_bck00.png)\" class=\"hierarchy\"><img src=\"tbl_spacer.png\" alt=\".\" style=\"background-color: inherit\" class=\"hierarchy\"/><img src=\"tbl_vjoin_end.png\" alt=\".\" style=\"background-color: inherit\" class=\"hierarchy\"/><img src=\"icon_element.gif\" alt=\".\" style=\"background-color: white; background-color: inherit\" title=\"Element\" class=\"hierarchy\"/> <span style=\"text-decoration:line-through\">property</span><a name=\"ManufacturedItemDefinition.property\"> </a></td><td style=\"vertical-align: top; text-align : left; background-color: white; border: 0px #F0F0F0 solid; padding:0px 4px 0px 4px\" class=\"hierarchy\"/><td style=\"vertical-align: top; text-align : left; background-color: white; border: 0px #F0F0F0 solid; padding:0px 4px 0px 4px\" class=\"hierarchy\"><span style=\"text-decoration:line-through\"/><span style=\"text-decoration:line-through\">0</span><span style=\"text-decoration:line-through\">..</span><span style=\"text-decoration:line-through\">0</span></td><td style=\"vertical-align: top; text-align : left; background-color: white; border: 0px #F0F0F0 solid; padding:0px 4px 0px 4px\" class=\"hierarchy\"/><td style=\"vertical-align: top; text-align : left; background-color: white; border: 0px #F0F0F0 solid; padding:0px 4px 0px 4px\" class=\"hierarchy\"/></tr>\r\n<tr><td colspan=\"5\" class=\"hierarchy\"><br/><a href=\"https://build.fhir.org/ig/FHIR/ig-guidance/readingIgs.html#table-views\" title=\"Legend for this format\"><img src=\"http://build.fhir.org/help16.png\" alt=\"doco\" style=\"background-color: inherit\"/> Documentation for this format</a></td></tr></table></div>"},"url":"http://unicom-project.eu/fhir/StructureDefinition/TransitionManufacturedItemDefinition","version":"0.1.0","name":"TransitionManufacturedItemDefinition","title":"Processing Profile - Manufactured Item","status":"active","date":"2023-02-24T10:33:27+00:00","publisher":"UNICOM","contact":[{"name":"UNICOM","telecom":[{"system":"url","value":"http://unicom-project.eu"}]}],"description":"Intermediate profile for processing PPL Manufactured Item data","fhirVersion":"5.0.0-snapshot3","mapping":[{"identity":"idmp","uri":"https://en.wikipedia.org/wiki/Identification_of_medicinal_products","name":"IDMP Mapping"},{"identity":"w5","uri":"http://hl7.org/fhir/fivews","name":"FiveWs Pattern Mapping"},{"identity":"rim","uri":"http://hl7.org/v3","name":"RIM Mapping"}],"kind":"resource","abstract":false,"type":"ManufacturedItemDefinition","baseDefinition":"http://hl7.org/fhir/StructureDefinition/ManufacturedItemDefinition","derivation":"constraint","snapshot":{"element":[{"id":"ManufacturedItemDefinition","path":"ManufacturedItemDefinition","short":"The definition and characteristics of a medicinal manufactured item, such as a tablet or capsule, as contained in a packaged medicinal product","definition":"The definition and characteristics of a medicinal manufactured item, such as a tablet or capsule, as contained in a packaged medicinal product.","min":0,"max":"*","base":{"path":"ManufacturedItemDefinition","min":0,"max":"*"},"mustSupport":false,"isModifier":false,"isSummary":false,"mapping":[{"identity":"rim","map":"Entity. Role, or Act"},{"identity":"idmp","map":"Manufactured Item"},{"identity":"w5","map":"administrative.medication"}]},{"id":"ManufacturedItemDefinition.id","path":"ManufacturedItemDefinition.id","short":"Logical id of this artifact","definition":"The logical id of the resource, as used in the URL for the resource. Once assigned, this value never changes.","comment":"Within the context of the FHIR RESTful interactions, the resource has an id except for cases like the create and conditional update. Otherwise, the use of the resouce id depends on the given use case.","min":0,"max":"1","base":{"path":"Resource.id","min":0,"max":"1"},"type":[{"extension":[{"url":"http://hl7.org/fhir/StructureDefinition/structuredefinition-fhir-type","valueUrl":"id"}],"code":"http://hl7.org/fhirpath/System.String"}],"mustSupport":false,"isModifier":false,"isSummary":true},{"id":"ManufacturedItemDefinition.meta","path":"ManufacturedItemDefinition.meta","short":"Metadata about the resource","definition":"The metadata about the resource. This is content that is maintained by the infrastructure. Changes to the content might not always be associated with version changes to the resource.","min":0,"max":"1","base":{"path":"Resource.meta","min":0,"max":"1"},"type":[{"code":"Meta"}],"constraint":[{"key":"ele-1","severity":"error","human":"All FHIR elements must have a @value or children","expression":"hasValue() or (children().count() > id.count())","source":"http://hl7.org/fhir/StructureDefinition/Element"}],"mustSupport":false,"isModifier":false,"isSummary":true},{"id":"ManufacturedItemDefinition.implicitRules","path":"ManufacturedItemDefinition.implicitRules","short":"A set of rules under which this content was created","definition":"A reference to a set of rules that were followed when the resource was constructed, and which must be understood when processing the content. Often, this is a reference to an implementation guide that defines the special rules along with other profiles etc.","comment":"Asserting this rule set restricts the content to be only understood by a limited set of trading partners. This inherently limits the usefulness of the data in the long term. However, the existing health eco-system is highly fractured, and not yet ready to define, collect, and exchange data in a generally computable sense. Wherever possible, implementers and/or specification writers should avoid using this element. Often, when used, the URL is a reference to an implementation guide that defines these special rules as part of it's narrative along with other profiles, value sets, etc.","min":0,"max":"1","base":{"path":"Resource.implicitRules","min":0,"max":"1"},"type":[{"code":"uri"}],"constraint":[{"key":"ele-1","severity":"error","human":"All FHIR elements must have a @value or children","expression":"hasValue() or (children().count() > id.count())","source":"http://hl7.org/fhir/StructureDefinition/Element"}],"mustSupport":false,"isModifier":true,"isModifierReason":"This element is labeled as a modifier because the implicit rules may provide additional knowledge about the resource that modifies it's meaning or interpretation","isSummary":true},{"id":"ManufacturedItemDefinition.language","path":"ManufacturedItemDefinition.language","short":"Language of the resource content","definition":"The base language in which the resource is written.","comment":"Language is provided to support indexing and accessibility (typically, services such as text to speech use the language tag). The html language tag in the narrative applies  to the narrative. The language tag on the resource may be used to specify the language of other presentations generated from the data in the resource. Not all the content has to be in the base language. The Resource.language should not be assumed to apply to the narrative automatically. If a language is specified, it should it also be specified on the div element in the html (see rules in HTML5 for information about the relationship between xml:lang and the html lang attribute).","min":0,"max":"1","base":{"path":"Resource.language","min":0,"max":"1"},"type":[{"code":"code"}],"constraint":[{"key":"ele-1","severity":"error","human":"All FHIR elements must have a @value or children","expression":"hasValue() or (children().count() > id.count())","source":"http://hl7.org/fhir/StructureDefinition/Element"}],"mustSupport":false,"isModifier":false,"isSummary":false,"binding":{"extension":[{"url":"http://hl7.org/fhir/StructureDefinition/elementdefinition-maxValueSet","valueCanonical":"http://hl7.org/fhir/ValueSet/all-languages"},{"url":"http://hl7.org/fhir/StructureDefinition/elementdefinition-bindingName","valueString":"Language"},{"url":"http://hl7.org/fhir/StructureDefinition/elementdefinition-isCommonBinding","valueBoolean":true}],"strength":"preferred","description":"IETF language tag","valueSet":"http://hl7.org/fhir/ValueSet/languages"}},{"id":"ManufacturedItemDefinition.text","path":"ManufacturedItemDefinition.text","short":"Text summary of the resource, for human interpretation","definition":"A human-readable narrative that contains a summary of the resource and can be used to represent the content of the resource to a human. The narrative need not encode all the structured data, but is required to contain sufficient detail to make it \"clinically safe\" for a human to just read the narrative. Resource definitions may define what content should be represented in the narrative to ensure clinical safety.","comment":"Contained resources do not have a narrative. Resources that are not contained SHOULD have a narrative. In some cases, a resource may only have text with little or no additional discrete data (as long as all minOccurs=1 elements are satisfied).  This may be necessary for data from legacy systems where information is captured as a \"text blob\" or where text is additionally entered raw or narrated and encoded information is added later.","alias":["narrative","html","xhtml","display"],"min":0,"max":"1","base":{"path":"DomainResource.text","min":0,"max":"1"},"type":[{"code":"Narrative"}],"constraint":[{"key":"ele-1","severity":"error","human":"All FHIR elements must have a @value or children","expression":"hasValue() or (children().count() > id.count())","source":"http://hl7.org/fhir/StructureDefinition/Element"}],"mustSupport":false,"isModifier":false,"isSummary":false,"mapping":[{"identity":"rim","map":"Act.text?"}]},{"id":"ManufacturedItemDefinition.contained","path":"ManufacturedItemDefinition.contained","short":"Contained, inline Resources","definition":"These resources do not have an independent existence apart from the resource that contains them - they cannot be identified independently, nor can they have their own independent transaction scope. This is allowed to be a Parameters resource if and only if it is referenced by a resource that provides context/meaning.","comment":"This should never be done when the content can be identified properly, as once identification is lost, it is extremely difficult (and context dependent) to restore it again. Contained resources may have profiles and tags in their meta elements, but SHALL NOT have security labels.","alias":["inline resources","anonymous resources","contained resources"],"min":0,"max":"*","base":{"path":"DomainResource.contained","min":0,"max":"*"},"type":[{"code":"Resource"}],"mustSupport":false,"isModifier":false,"isSummary":false,"mapping":[{"identity":"rim","map":"N/A"}]},{"id":"ManufacturedItemDefinition.extension","path":"ManufacturedItemDefinition.extension","short":"Additional content defined by implementations","definition":"May be used to represent additional information that is not part of the basic definition of the resource. To make the use of extensions safe and manageable, there is a strict set of governance  applied to the definition and use of extensions. Though any implementer can define an extension, there is a set of requirements that SHALL be met as part of the definition of the extension.","comment":"There can be no stigma associated with the use of extensions by any application, project, or standard - regardless of the institution or jurisdiction that uses or defines the extensions.  The use of extensions is what allows the FHIR specification to retain a core level of simplicity for everyone.","alias":["extensions","user content"],"min":0,"max":"*","base":{"path":"DomainResource.extension","min":0,"max":"*"},"type":[{"code":"Extension"}],"constraint":[{"key":"ele-1","severity":"error","human":"All FHIR elements must have a @value or children","expression":"hasValue() or (children().count() > id.count())","source":"http://hl7.org/fhir/StructureDefinition/Element"},{"key":"ext-1","severity":"error","human":"Must have either extensions or value[x], not both","expression":"extension.exists() != value.exists()","source":"http://hl7.org/fhir/StructureDefinition/Extension"}],"mustSupport":false,"isModifier":false,"isSummary":false,"mapping":[{"identity":"rim","map":"N/A"}]},{"id":"ManufacturedItemDefinition.modifierExtension","path":"ManufacturedItemDefinition.modifierExtension","short":"Extensions that cannot be ignored","definition":"May be used to represent additional information that is not part of the basic definition of the resource and that modifies the understanding of the element that contains it and/or the understanding of the containing element's descendants. Usually modifier elements provide negation or qualification. To make the use of extensions safe and manageable, there is a strict set of governance applied to the definition and use of extensions. Though any implementer is allowed to define an extension, there is a set of requirements that SHALL be met as part of the definition of the extension. Applications processing a resource are required to check for modifier extensions.\n\nModifier extensions SHALL NOT change the meaning of any elements on Resource or DomainResource (including cannot change the meaning of modifierExtension itself).","comment":"There can be no stigma associated with the use of extensions by any application, project, or standard - regardless of the institution or jurisdiction that uses or defines the extensions.  The use of extensions is what allows the FHIR specification to retain a core level of simplicity for everyone.","requirements":"Modifier extensions allow for extensions that *cannot* be safely ignored to be clearly distinguished from the vast majority of extensions which can be safely ignored.  This promotes interoperability by eliminating the need for implementers to prohibit the presence of extensions. For further information, see the [definition of modifier extensions](http://hl7.org/fhir/5.0.0-snapshot3/extensibility.html#modifierExtension).","alias":["extensions","user content"],"min":0,"max":"*","base":{"path":"DomainResource.modifierExtension","min":0,"max":"*"},"type":[{"code":"Extension"}],"constraint":[{"key":"ele-1","severity":"error","human":"All FHIR elements must have a @value or children","expression":"hasValue() or (children().count() > id.count())","source":"http://hl7.org/fhir/StructureDefinition/Element"},{"key":"ext-1","severity":"error","human":"Must have either extensions or value[x], not both","expression":"extension.exists() != value.exists()","source":"http://hl7.org/fhir/StructureDefinition/Extension"}],"mustSupport":false,"isModifier":true,"isModifierReason":"Modifier extensions are expected to modify the meaning or interpretation of the resource that contains them","isSummary":true,"mapping":[{"identity":"rim","map":"N/A"}]},{"id":"ManufacturedItemDefinition.identifier","path":"ManufacturedItemDefinition.identifier","short":"Unique identifier","definition":"Unique identifier.","min":0,"max":"*","base":{"path":"ManufacturedItemDefinition.identifier","min":0,"max":"*"},"type":[{"code":"Identifier"}],"constraint":[{"key":"ele-1","severity":"error","human":"All FHIR elements must have a @value or children","expression":"hasValue() or (children().count() > id.count())","source":"http://hl7.org/fhir/StructureDefinition/Element"}],"mustSupport":false,"isModifier":false,"isSummary":true,"mapping":[{"identity":"w5","map":"FiveWs.class"},{"identity":"idmp","map":"n/a"}]},{"id":"ManufacturedItemDefinition.status","path":"ManufacturedItemDefinition.status","short":"draft | active | retired | unknown","definition":"The status of this item. Enables tracking the life-cycle of the content.","comment":"Allows filtering of manufactured items that are appropriate for use versus not.","min":1,"max":"1","base":{"path":"ManufacturedItemDefinition.status","min":1,"max":"1"},"type":[{"code":"code"}],"constraint":[{"key":"ele-1","severity":"error","human":"All FHIR elements must have a @value or children","expression":"hasValue() or (children().count() > id.count())","source":"http://hl7.org/fhir/StructureDefinition/Element"}],"mustSupport":false,"isModifier":true,"isModifierReason":"This is labeled as \"Is Modifier\" because applications should not use a retired {{title}} without due consideration","isSummary":true,"binding":{"extension":[{"url":"http://hl7.org/fhir/StructureDefinition/elementdefinition-bindingName","valueString":"PublicationStatus"},{"url":"http://hl7.org/fhir/StructureDefinition/elementdefinition-isCommonBinding","valueBoolean":true}],"strength":"required","description":"The lifecycle status of an artifact.","valueSet":"http://hl7.org/fhir/ValueSet/publication-status|5.0.0-snapshot3"},"mapping":[{"identity":"idmp","map":"n/a"}]},{"id":"ManufacturedItemDefinition.name","path":"ManufacturedItemDefinition.name","short":"A descriptive name applied to this item","definition":"A descriptive name applied to this item.","min":0,"max":"1","base":{"path":"ManufacturedItemDefinition.name","min":0,"max":"1"},"type":[{"code":"string"}],"constraint":[{"key":"ele-1","severity":"error","human":"All FHIR elements must have a @value or children","expression":"hasValue() or (children().count() > id.count())","source":"http://hl7.org/fhir/StructureDefinition/Element"}],"mustSupport":false,"isModifier":false,"isSummary":true,"mapping":[{"identity":"w5","map":"FiveWs.class"},{"identity":"idmp","map":"n/a"}]},{"id":"ManufacturedItemDefinition.manufacturedDoseForm","path":"ManufacturedItemDefinition.manufacturedDoseForm","short":"Dose form of the manufactured item (before preparing for administration)","definition":"EMA IG 4.11.3","min":1,"max":"1","base":{"path":"ManufacturedItemDefinition.manufacturedDoseForm","min":1,"max":"1"},"type":[{"code":"CodeableConcept"}],"constraint":[{"key":"ele-1","severity":"error","human":"All FHIR elements must have a @value or children","expression":"hasValue() or (children().count() > id.count())","source":"http://hl7.org/fhir/StructureDefinition/Element"}],"mustSupport":false,"isModifier":false,"isSummary":true,"binding":{"strength":"required","valueSet":"http://unicom-project.eu/fhir/ValueSet/pharmaceutical-doseform-vs"},"mapping":[{"identity":"idmp","map":"Manufactured Item.Manufactured Dose Form"}]},{"id":"ManufacturedItemDefinition.unitOfPresentation","path":"ManufacturedItemDefinition.unitOfPresentation","short":"Unit of presentation of the manufactured item (before preparing for administration)","definition":"EMA IG 4.11.1","min":0,"max":"1","base":{"path":"ManufacturedItemDefinition.unitOfPresentation","min":0,"max":"1"},"type":[{"code":"CodeableConcept"}],"constraint":[{"key":"ele-1","severity":"error","human":"All FHIR elements must have a @value or children","expression":"hasValue() or (children().count() > id.count())","source":"http://hl7.org/fhir/StructureDefinition/Element"}],"mustSupport":false,"isModifier":false,"isSummary":true,"binding":{"extension":[{"url":"http://hl7.org/fhir/StructureDefinition/elementdefinition-bindingName","valueString":"UnitOfPresentation"}],"strength":"example","description":"The presentation type in which an administrable medicinal product is given to a patient.","valueSet":"http://hl7.org/fhir/ValueSet/unit-of-presentation"},"mapping":[{"identity":"idmp","map":"Manufactured Item.Unit of Presentation"}]},{"id":"ManufacturedItemDefinition.manufacturer","path":"ManufacturedItemDefinition.manufacturer","short":"Manufacturer of the item, one of several possible","definition":"Manufacturer of the item, one of several possible.","min":0,"max":"*","base":{"path":"ManufacturedItemDefinition.manufacturer","min":0,"max":"*"},"type":[{"code":"Reference","targetProfile":["http://hl7.org/fhir/StructureDefinition/Organization"]}],"constraint":[{"key":"ele-1","severity":"error","human":"All FHIR elements must have a @value or children","expression":"hasValue() or (children().count() > id.count())","source":"http://hl7.org/fhir/StructureDefinition/Element"}],"mustSupport":false,"isModifier":false,"isSummary":true,"mapping":[{"identity":"idmp","map":"Manufactured Item.Manufacturer / Establishment (Organisation)"}]},{"id":"ManufacturedItemDefinition.marketingStatus","path":"ManufacturedItemDefinition.marketingStatus","short":"Allows specifying that an item is on the market for sale, or that it is not available, and the dates and locations associated","definition":"Allows specifying that an item is on the market for sale, or that it is not available, and the dates and locations associated.","min":0,"max":"*","base":{"path":"ManufacturedItemDefinition.marketingStatus","min":0,"max":"*"},"type":[{"code":"MarketingStatus"}],"constraint":[{"key":"ele-1","severity":"error","human":"All FHIR elements must have a @value or children","expression":"hasValue() or (children().count() > id.count())","source":"http://hl7.org/fhir/StructureDefinition/Element"}],"mustSupport":false,"isModifier":false,"isSummary":true,"mapping":[{"identity":"idmp","map":"n/a"}]},{"id":"ManufacturedItemDefinition.ingredient","path":"ManufacturedItemDefinition.ingredient","short":"The ingredients of this manufactured item. Only needed if these are not specified by incoming references from the Ingredient resource","definition":"The ingredients of this manufactured item. This is only needed if the ingredients are not specified by incoming references from the Ingredient resource.","min":0,"max":"0","base":{"path":"ManufacturedItemDefinition.ingredient","min":0,"max":"*"},"type":[{"code":"CodeableConcept"}],"constraint":[{"key":"ele-1","severity":"error","human":"All FHIR elements must have a @value or children","expression":"hasValue() or (children().count() > id.count())","source":"http://hl7.org/fhir/StructureDefinition/Element"}],"mustSupport":false,"isModifier":false,"isSummary":true,"binding":{"strength":"required","valueSet":"http://unicom-project.eu/fhir/ValueSet/substances-vs"},"mapping":[{"identity":"idmp","map":"Manufactured Item.Ingredient (see also FHIR Ingredient resource)"}]},{"id":"ManufacturedItemDefinition.property","path":"ManufacturedItemDefinition.property","short":"General characteristics of this item","definition":"General characteristics of this item.","min":0,"max":"0","base":{"path":"ManufacturedItemDefinition.property","min":0,"max":"*"},"type":[{"code":"BackboneElement"}],"constraint":[{"key":"ele-1","severity":"error","human":"All FHIR elements must have a @value or children","expression":"hasValue() or (children().count() > id.count())","source":"http://hl7.org/fhir/StructureDefinition/Element"}],"mustSupport":false,"isModifier":false,"isSummary":true,"mapping":[{"identity":"idmp","map":"Manufactured Item.Physical Characteristics"}]},{"id":"ManufacturedItemDefinition.property.id","path":"ManufacturedItemDefinition.property.id","representation":["xmlAttr"],"short":"Unique id for inter-element referencing","definition":"Unique id for the element within a resource (for internal references). This may be any string value that does not contain spaces.","min":0,"max":"1","base":{"path":"Element.id","min":0,"max":"1"},"type":[{"extension":[{"url":"http://hl7.org/fhir/StructureDefinition/structuredefinition-fhir-type","valueUrl":"string"}],"code":"http://hl7.org/fhirpath/System.String"}],"isModifier":false,"isSummary":false,"mapping":[{"identity":"rim","map":"n/a"}]},{"id":"ManufacturedItemDefinition.property.extension","path":"ManufacturedItemDefinition.property.extension","short":"Additional content defined by implementations","definition":"May be used to represent additional information that is not part of the basic definition of the element. To make the use of extensions safe and manageable, there is a strict set of governance  applied to the definition and use of extensions. Though any implementer can define an extension, there is a set of requirements that SHALL be met as part of the definition of the extension.","comment":"There can be no stigma associated with the use of extensions by any application, project, or standard - regardless of the institution or jurisdiction that uses or defines the extensions.  The use of extensions is what allows the FHIR specification to retain a core level of simplicity for everyone.","alias":["extensions","user content"],"min":0,"max":"*","base":{"path":"Element.extension","min":0,"max":"*"},"type":[{"code":"Extension"}],"constraint":[{"key":"ele-1","severity":"error","human":"All FHIR elements must have a @value or children","expression":"hasValue() or (children().count() > id.count())","source":"http://hl7.org/fhir/StructureDefinition/Element"},{"key":"ext-1","severity":"error","human":"Must have either extensions or value[x], not both","expression":"extension.exists() != value.exists()","source":"http://hl7.org/fhir/StructureDefinition/Extension"}],"isModifier":false,"isSummary":false,"mapping":[{"identity":"rim","map":"n/a"}]},{"id":"ManufacturedItemDefinition.property.modifierExtension","path":"ManufacturedItemDefinition.property.modifierExtension","short":"Extensions that cannot be ignored even if unrecognized","definition":"May be used to represent additional information that is not part of the basic definition of the element and that modifies the understanding of the element in which it is contained and/or the understanding of the containing element's descendants. Usually modifier elements provide negation or qualification. To make the use of extensions safe and manageable, there is a strict set of governance applied to the definition and use of extensions. Though any implementer can define an extension, there is a set of requirements that SHALL be met as part of the definition of the extension. Applications processing a resource are required to check for modifier extensions.\n\nModifier extensions SHALL NOT change the meaning of any elements on Resource or DomainResource (including cannot change the meaning of modifierExtension itself).","comment":"There can be no stigma associated with the use of extensions by any application, project, or standard - regardless of the institution or jurisdiction that uses or defines the extensions.  The use of extensions is what allows the FHIR specification to retain a core level of simplicity for everyone.","requirements":"Modifier extensions allow for extensions that *cannot* be safely ignored to be clearly distinguished from the vast majority of extensions which can be safely ignored.  This promotes interoperability by eliminating the need for implementers to prohibit the presence of extensions. For further information, see the [definition of modifier extensions](http://hl7.org/fhir/5.0.0-snapshot3/extensibility.html#modifierExtension).","alias":["extensions","user content","modifiers"],"min":0,"max":"*","base":{"path":"BackboneElement.modifierExtension","min":0,"max":"*"},"type":[{"code":"Extension"}],"constraint":[{"key":"ele-1","severity":"error","human":"All FHIR elements must have a @value or children","expression":"hasValue() or (children().count() > id.count())","source":"http://hl7.org/fhir/StructureDefinition/Element"},{"key":"ext-1","severity":"error","human":"Must have either extensions or value[x], not both","expression":"extension.exists() != value.exists()","source":"http://hl7.org/fhir/StructureDefinition/Extension"}],"isModifier":true,"isModifierReason":"Modifier extensions are expected to modify the meaning or interpretation of the element that contains them","isSummary":true,"mapping":[{"identity":"rim","map":"N/A"}]},{"id":"ManufacturedItemDefinition.property.type","path":"ManufacturedItemDefinition.property.type","short":"A code expressing the type of characteristic","definition":"A code expressing the type of characteristic.","min":1,"max":"1","base":{"path":"ManufacturedItemDefinition.property.type","min":1,"max":"1"},"type":[{"code":"CodeableConcept"}],"constraint":[{"key":"ele-1","severity":"error","human":"All FHIR elements must have a @value or children","expression":"hasValue() or (children().count() > id.count())","source":"http://hl7.org/fhir/StructureDefinition/Element"}],"mustSupport":false,"isModifier":false,"isSummary":true,"binding":{"strength":"required","valueSet":"http://unicom-project.eu/fhir/ValueSet/no-vs"},"mapping":[{"identity":"idmp","map":"Physical Characteristics, all attributes"}]},{"id":"ManufacturedItemDefinition.property.value[x]","path":"ManufacturedItemDefinition.property.value[x]","short":"A value for the characteristic","definition":"A value for the characteristic.","min":0,"max":"1","base":{"path":"ManufacturedItemDefinition.property.value[x]","min":0,"max":"1"},"type":[{"code":"CodeableConcept"},{"code":"Quantity"},{"code":"date"},{"code":"boolean"},{"code":"Attachment"}],"constraint":[{"key":"ele-1","severity":"error","human":"All FHIR elements must have a @value or children","expression":"hasValue() or (children().count() > id.count())","source":"http://hl7.org/fhir/StructureDefinition/Element"}],"mustSupport":false,"isModifier":false,"isSummary":true,"mapping":[{"identity":"idmp","map":"Physical Characteristics, attribute's value"}]},{"id":"ManufacturedItemDefinition.component","path":"ManufacturedItemDefinition.component","short":"Physical parts of the manufactured item, that it is intrisically made from. This is distinct from the ingredients that are part of its chemical makeup","definition":"Physical parts of the manufactured item, that it is intrisically made from. This is distinct from the ingredients that are part of its chemical makeup.","min":0,"max":"*","base":{"path":"ManufacturedItemDefinition.component","min":0,"max":"*"},"type":[{"code":"BackboneElement"}],"constraint":[{"key":"ele-1","severity":"error","human":"All FHIR elements must have a @value or children","expression":"hasValue() or (children().count() > id.count())","source":"http://hl7.org/fhir/StructureDefinition/Element"}],"mustSupport":false,"isModifier":false,"isSummary":true,"mapping":[{"identity":"idmp","map":"Manufactured Item.Physical Characteristics"}]},{"id":"ManufacturedItemDefinition.component.id","path":"ManufacturedItemDefinition.component.id","representation":["xmlAttr"],"short":"Unique id for inter-element referencing","definition":"Unique id for the element within a resource (for internal references). This may be any string value that does not contain spaces.","min":0,"max":"1","base":{"path":"Element.id","min":0,"max":"1"},"type":[{"extension":[{"url":"http://hl7.org/fhir/StructureDefinition/structuredefinition-fhir-type","valueUrl":"string"}],"code":"http://hl7.org/fhirpath/System.String"}],"isModifier":false,"isSummary":false,"mapping":[{"identity":"rim","map":"n/a"}]},{"id":"ManufacturedItemDefinition.component.extension","path":"ManufacturedItemDefinition.component.extension","short":"Additional content defined by implementations","definition":"May be used to represent additional information that is not part of the basic definition of the element. To make the use of extensions safe and manageable, there is a strict set of governance  applied to the definition and use of extensions. Though any implementer can define an extension, there is a set of requirements that SHALL be met as part of the definition of the extension.","comment":"There can be no stigma associated with the use of extensions by any application, project, or standard - regardless of the institution or jurisdiction that uses or defines the extensions.  The use of extensions is what allows the FHIR specification to retain a core level of simplicity for everyone.","alias":["extensions","user content"],"min":0,"max":"*","base":{"path":"Element.extension","min":0,"max":"*"},"type":[{"code":"Extension"}],"constraint":[{"key":"ele-1","severity":"error","human":"All FHIR elements must have a @value or children","expression":"hasValue() or (children().count() > id.count())","source":"http://hl7.org/fhir/StructureDefinition/Element"},{"key":"ext-1","severity":"error","human":"Must have either extensions or value[x], not both","expression":"extension.exists() != value.exists()","source":"http://hl7.org/fhir/StructureDefinition/Extension"}],"isModifier":false,"isSummary":false,"mapping":[{"identity":"rim","map":"n/a"}]},{"id":"ManufacturedItemDefinition.component.modifierExtension","path":"ManufacturedItemDefinition.component.modifierExtension","short":"Extensions that cannot be ignored even if unrecognized","definition":"May be used to represent additional information that is not part of the basic definition of the element and that modifies the understanding of the element in which it is contained and/or the understanding of the containing element's descendants. Usually modifier elements provide negation or qualification. To make the use of extensions safe and manageable, there is a strict set of governance applied to the definition and use of extensions. Though any implementer can define an extension, there is a set of requirements that SHALL be met as part of the definition of the extension. Applications processing a resource are required to check for modifier extensions.\n\nModifier extensions SHALL NOT change the meaning of any elements on Resource or DomainResource (including cannot change the meaning of modifierExtension itself).","comment":"There can be no stigma associated with the use of extensions by any application, project, or standard - regardless of the institution or jurisdiction that uses or defines the extensions.  The use of extensions is what allows the FHIR specification to retain a core level of simplicity for everyone.","requirements":"Modifier extensions allow for extensions that *cannot* be safely ignored to be clearly distinguished from the vast majority of extensions which can be safely ignored.  This promotes interoperability by eliminating the need for implementers to prohibit the presence of extensions. For further information, see the [definition of modifier extensions](http://hl7.org/fhir/5.0.0-snapshot3/extensibility.html#modifierExtension).","alias":["extensions","user content","modifiers"],"min":0,"max":"*","base":{"path":"BackboneElement.modifierExtension","min":0,"max":"*"},"type":[{"code":"Extension"}],"constraint":[{"key":"ele-1","severity":"error","human":"All FHIR elements must have a @value or children","expression":"hasValue() or (children().count() > id.count())","source":"http://hl7.org/fhir/StructureDefinition/Element"},{"key":"ext-1","severity":"error","human":"Must have either extensions or value[x], not both","expression":"extension.exists() != value.exists()","source":"http://hl7.org/fhir/StructureDefinition/Extension"}],"isModifier":true,"isModifierReason":"Modifier extensions are expected to modify the meaning or interpretation of the element that contains them","isSummary":true,"mapping":[{"identity":"rim","map":"N/A"}]},{"id":"ManufacturedItemDefinition.component.type","path":"ManufacturedItemDefinition.component.type","short":"Defining type of the component e.g. shell, layer, ink","definition":"Defining type of the component e.g. shell, layer, ink.","min":1,"max":"1","base":{"path":"ManufacturedItemDefinition.component.type","min":1,"max":"1"},"type":[{"code":"CodeableConcept"}],"constraint":[{"key":"ele-1","severity":"error","human":"All FHIR elements must have a @value or children","expression":"hasValue() or (children().count() > id.count())","source":"http://hl7.org/fhir/StructureDefinition/Element"}],"mustSupport":false,"isModifier":false,"isSummary":true,"mapping":[{"identity":"idmp","map":"Physical Characteristics, all attributes"}]},{"id":"ManufacturedItemDefinition.component.function","path":"ManufacturedItemDefinition.component.function","short":"The function of this component within the item e.g. delivers active ingredient, masks taste","definition":"The function of this component within the item e.g. delivers active ingredient, masks taste.","min":0,"max":"*","base":{"path":"ManufacturedItemDefinition.component.function","min":0,"max":"*"},"type":[{"code":"CodeableConcept"}],"constraint":[{"key":"ele-1","severity":"error","human":"All FHIR elements must have a @value or children","expression":"hasValue() or (children().count() > id.count())","source":"http://hl7.org/fhir/StructureDefinition/Element"}],"mustSupport":false,"isModifier":false,"isSummary":true},{"id":"ManufacturedItemDefinition.component.amount","path":"ManufacturedItemDefinition.component.amount","short":"The measurable amount of total quantity of all substances in the component, expressable in different ways (e.g. by mass or volume)","definition":"The measurable amount of total quantity of all substances in the component, expressable in different ways (e.g. by mass or volume).","min":0,"max":"*","base":{"path":"ManufacturedItemDefinition.component.amount","min":0,"max":"*"},"type":[{"code":"Quantity"}],"constraint":[{"key":"ele-1","severity":"error","human":"All FHIR elements must have a @value or children","expression":"hasValue() or (children().count() > id.count())","source":"http://hl7.org/fhir/StructureDefinition/Element"}],"mustSupport":false,"isModifier":false,"isSummary":true},{"id":"ManufacturedItemDefinition.component.constituent","path":"ManufacturedItemDefinition.component.constituent","short":"A reference to an constituent of the manufactured item as a whole, linked here so that its component location within the item can be indicated. This not where the item's ingredient are primarily stated (for which see Ingredient.for or ManufacturedItemDefinition.ingredient)","definition":"A reference to an constituent of the manufactured item as a whole, linked here so that its component location within the item can be indicated. This not where the item's ingredient are primarily stated (for which see Ingredient.for or ManufacturedItemDefinition.ingredient).","min":0,"max":"*","base":{"path":"ManufacturedItemDefinition.component.constituent","min":0,"max":"*"},"type":[{"code":"BackboneElement"}],"constraint":[{"key":"ele-1","severity":"error","human":"All FHIR elements must have a @value or children","expression":"hasValue() or (children().count() > id.count())","source":"http://hl7.org/fhir/StructureDefinition/Element"}],"mustSupport":false,"isModifier":false,"isSummary":true},{"id":"ManufacturedItemDefinition.component.constituent.id","path":"ManufacturedItemDefinition.component.constituent.id","representation":["xmlAttr"],"short":"Unique id for inter-element referencing","definition":"Unique id for the element within a resource (for internal references). This may be any string value that does not contain spaces.","min":0,"max":"1","base":{"path":"Element.id","min":0,"max":"1"},"type":[{"extension":[{"url":"http://hl7.org/fhir/StructureDefinition/structuredefinition-fhir-type","valueUrl":"string"}],"code":"http://hl7.org/fhirpath/System.String"}],"isModifier":false,"isSummary":false,"mapping":[{"identity":"rim","map":"n/a"}]},{"id":"ManufacturedItemDefinition.component.constituent.extension","path":"ManufacturedItemDefinition.component.constituent.extension","short":"Additional content defined by implementations","definition":"May be used to represent additional information that is not part of the basic definition of the element. To make the use of extensions safe and manageable, there is a strict set of governance  applied to the definition and use of extensions. Though any implementer can define an extension, there is a set of requirements that SHALL be met as part of the definition of the extension.","comment":"There can be no stigma associated with the use of extensions by any application, project, or standard - regardless of the institution or jurisdiction that uses or defines the extensions.  The use of extensions is what allows the FHIR specification to retain a core level of simplicity for everyone.","alias":["extensions","user content"],"min":0,"max":"*","base":{"path":"Element.extension","min":0,"max":"*"},"type":[{"code":"Extension"}],"constraint":[{"key":"ele-1","severity":"error","human":"All FHIR elements must have a @value or children","expression":"hasValue() or (children().count() > id.count())","source":"http://hl7.org/fhir/StructureDefinition/Element"},{"key":"ext-1","severity":"error","human":"Must have either extensions or value[x], not both","expression":"extension.exists() != value.exists()","source":"http://hl7.org/fhir/StructureDefinition/Extension"}],"isModifier":false,"isSummary":false,"mapping":[{"identity":"rim","map":"n/a"}]},{"id":"ManufacturedItemDefinition.component.constituent.modifierExtension","path":"ManufacturedItemDefinition.component.constituent.modifierExtension","short":"Extensions that cannot be ignored even if unrecognized","definition":"May be used to represent additional information that is not part of the basic definition of the element and that modifies the understanding of the element in which it is contained and/or the understanding of the containing element's descendants. Usually modifier elements provide negation or qualification. To make the use of extensions safe and manageable, there is a strict set of governance applied to the definition and use of extensions. Though any implementer can define an extension, there is a set of requirements that SHALL be met as part of the definition of the extension. Applications processing a resource are required to check for modifier extensions.\n\nModifier extensions SHALL NOT change the meaning of any elements on Resource or DomainResource (including cannot change the meaning of modifierExtension itself).","comment":"There can be no stigma associated with the use of extensions by any application, project, or standard - regardless of the institution or jurisdiction that uses or defines the extensions.  The use of extensions is what allows the FHIR specification to retain a core level of simplicity for everyone.","requirements":"Modifier extensions allow for extensions that *cannot* be safely ignored to be clearly distinguished from the vast majority of extensions which can be safely ignored.  This promotes interoperability by eliminating the need for implementers to prohibit the presence of extensions. For further information, see the [definition of modifier extensions](http://hl7.org/fhir/5.0.0-snapshot3/extensibility.html#modifierExtension).","alias":["extensions","user content","modifiers"],"min":0,"max":"*","base":{"path":"BackboneElement.modifierExtension","min":0,"max":"*"},"type":[{"code":"Extension"}],"constraint":[{"key":"ele-1","severity":"error","human":"All FHIR elements must have a @value or children","expression":"hasValue() or (children().count() > id.count())","source":"http://hl7.org/fhir/StructureDefinition/Element"},{"key":"ext-1","severity":"error","human":"Must have either extensions or value[x], not both","expression":"extension.exists() != value.exists()","source":"http://hl7.org/fhir/StructureDefinition/Extension"}],"isModifier":true,"isModifierReason":"Modifier extensions are expected to modify the meaning or interpretation of the element that contains them","isSummary":true,"mapping":[{"identity":"rim","map":"N/A"}]},{"id":"ManufacturedItemDefinition.component.constituent.amount","path":"ManufacturedItemDefinition.component.constituent.amount","short":"The measurable amount of the substance, expressable in different ways (e.g. by mass or volume)","definition":"The measurable amount of the substance, expressable in different ways (e.g. by mass or volume).","min":0,"max":"*","base":{"path":"ManufacturedItemDefinition.component.constituent.amount","min":0,"max":"*"},"type":[{"code":"Quantity"}],"constraint":[{"key":"ele-1","severity":"error","human":"All FHIR elements must have a @value or children","expression":"hasValue() or (children().count() > id.count())","source":"http://hl7.org/fhir/StructureDefinition/Element"}],"mustSupport":false,"isModifier":false,"isSummary":true},{"id":"ManufacturedItemDefinition.component.constituent.location","path":"ManufacturedItemDefinition.component.constituent.location","short":"The physical location of the constituent/ingredient within the component","definition":"The physical location of the constituent/ingredient within the component. Example – if the component is the bead in the capsule, then the location would be where the ingredient resides within the product part – intragranular, extra-granular, etc.","min":0,"max":"*","base":{"path":"ManufacturedItemDefinition.component.constituent.location","min":0,"max":"*"},"type":[{"code":"CodeableConcept"}],"constraint":[{"key":"ele-1","severity":"error","human":"All FHIR elements must have a @value or children","expression":"hasValue() or (children().count() > id.count())","source":"http://hl7.org/fhir/StructureDefinition/Element"}],"mustSupport":false,"isModifier":false,"isSummary":true},{"id":"ManufacturedItemDefinition.component.constituent.function","path":"ManufacturedItemDefinition.component.constituent.function","short":"The function of this constituent within the component e.g. binder","definition":"The function of this constituent within the component e.g. binder.","min":0,"max":"*","base":{"path":"ManufacturedItemDefinition.component.constituent.function","min":0,"max":"*"},"type":[{"code":"CodeableConcept"}],"constraint":[{"key":"ele-1","severity":"error","human":"All FHIR elements must have a @value or children","expression":"hasValue() or (children().count() > id.count())","source":"http://hl7.org/fhir/StructureDefinition/Element"}],"mustSupport":false,"isModifier":false,"isSummary":true},{"id":"ManufacturedItemDefinition.component.constituent.hasIngredient","path":"ManufacturedItemDefinition.component.constituent.hasIngredient","short":"The ingredient that is the constituent of the given component","definition":"The ingredient that is the constituent of the given component.","min":0,"max":"*","base":{"path":"ManufacturedItemDefinition.component.constituent.hasIngredient","min":0,"max":"*"},"type":[{"code":"CodeableReference","targetProfile":["http://hl7.org/fhir/StructureDefinition/Ingredient"]}],"constraint":[{"key":"ele-1","severity":"error","human":"All FHIR elements must have a @value or children","expression":"hasValue() or (children().count() > id.count())","source":"http://hl7.org/fhir/StructureDefinition/Element"}],"mustSupport":false,"isModifier":false,"isSummary":true},{"id":"ManufacturedItemDefinition.component.property","path":"ManufacturedItemDefinition.component.property","short":"General characteristics of this component","definition":"General characteristics of this component.","min":0,"max":"*","base":{"path":"ManufacturedItemDefinition.component.property","min":0,"max":"*"},"contentReference":"http://hl7.org/fhir/StructureDefinition/ManufacturedItemDefinition#ManufacturedItemDefinition.property","constraint":[{"key":"ele-1","severity":"error","human":"All FHIR elements must have a @value or children","expression":"hasValue() or (children().count() > id.count())","source":"http://hl7.org/fhir/StructureDefinition/Element"}],"mustSupport":false,"isModifier":false,"isSummary":true},{"id":"ManufacturedItemDefinition.component.component","path":"ManufacturedItemDefinition.component.component","short":"A component that this component contains or is made from","definition":"A component that this component contains or is made from.","min":0,"max":"*","base":{"path":"ManufacturedItemDefinition.component.component","min":0,"max":"*"},"contentReference":"http://hl7.org/fhir/StructureDefinition/ManufacturedItemDefinition#ManufacturedItemDefinition.component","constraint":[{"key":"ele-1","severity":"error","human":"All FHIR elements must have a @value or children","expression":"hasValue() or (children().count() > id.count())","source":"http://hl7.org/fhir/StructureDefinition/Element"}],"mustSupport":false,"isModifier":false,"isSummary":true}]},"differential":{"element":[{"id":"ManufacturedItemDefinition","path":"ManufacturedItemDefinition"},{"id":"ManufacturedItemDefinition.manufacturedDoseForm","path":"ManufacturedItemDefinition.manufacturedDoseForm","short":"Dose form of the manufactured item (before preparing for administration)","definition":"EMA IG 4.11.3","binding":{"strength":"required","valueSet":"http://unicom-project.eu/fhir/ValueSet/pharmaceutical-doseform-vs"}},{"id":"ManufacturedItemDefinition.unitOfPresentation","path":"ManufacturedItemDefinition.unitOfPresentation","short":"Unit of presentation of the manufactured item (before preparing for administration)","definition":"EMA IG 4.11.1"},{"id":"ManufacturedItemDefinition.ingredient","path":"ManufacturedItemDefinition.ingredient","max":"0","binding":{"strength":"required","valueSet":"http://unicom-project.eu/fhir/ValueSet/substances-vs"}},{"id":"ManufacturedItemDefinition.property","path":"ManufacturedItemDefinition.property","max":"0"},{"id":"ManufacturedItemDefinition.property.type","path":"ManufacturedItemDefinition.property.type","binding":{"strength":"required","valueSet":"http://unicom-project.eu/fhir/ValueSet/no-vs"}}]}}