{
  "codeSystems" : [
    {
      "url" : "http://unitsofmeasure.org",
      "version" : "3.0.1",
      "status" : "active",
      "name" : "UCUM",
      "title" : "Unified Code for Units of Measure (UCUM)",
      "description" : "The Unified Code for Units of Measure (UCUM) is a code system intended to include all units of measures being contemporarily used in international science, engineering, and business. The purpose is to facilitate unambiguous electronic communication of quantities together with their units. The focus is on electronic communication, as opposed to communication between humans. A typical application of The Unified Code for Units of Measure are electronic data interchange (EDI) protocols, but there is nothing that prevents it from being used in other types of machine communication.",
      "oids" : ["2.16.840.1.113883.6.8"],
      "uses" : {
      },
      "ValueSet-ehdsi-ucum-unit.html" : "MyHealth@EU Unit of Measurement (UCUM)"
    },
    {
      "url" : "http://www.whocc.no/atc",
      "version" : "2.0.1",
      "status" : "active",
      "name" : "WC",
      "title" : "WHO ATC",
      "description" : "WHO ATC",
      "oids" : ["2.16.840.1.113883.6.73"],
      "uses" : {
      },
      "ValueSet-whoatc-unicom.html" : "WHO ATC"
    },
    {
      "url" : "https://spor.ema.europa.eu/v1/lists/100000000002",
      "version" : "0.1.0",
      "status" : "draft",
      "name" : "Country_EMA_CS",
      "title" : "Country EMA",
      "description" : "Country codes by EMA. Based on ISO 3166-1-2, recoded with RMS codes.",
      "uses" : {
      },
      "ValueSet-country-ema-vs.html" : "EMA SPOR Country"
    },
    {
      "url" : "https://spor.ema.europa.eu/v1/lists/100000000004",
      "version" : "0.1.0",
      "status" : "draft",
      "name" : "Domain_EMA_CS",
      "title" : "Domain EMA",
      "description" : "Domain of the medicinal product (human, veterinary, both)",
      "uses" : {
      },
      "ValueSet-domain-vs.html" : "EMA SPOR Domain"
    },
    {
      "url" : "https://spor.ema.europa.eu/v1/lists/100000072049",
      "version" : "0.1.0",
      "status" : "draft",
      "name" : "RegulatoryStatus_EMA_CS",
      "title" : "Regulatory Entitlement Status EMA SPOR",
      "description" : "Regulatory Entitlement Status EMA SPOR",
      "uses" : {
      },
      "ValueSet-regulatory-status-spor-vs.html" : "EMA SPOR Regulatory Entitlement Status"
    },
    {
      "url" : "https://spor.ema.europa.eu/v1/lists/100000072051",
      "version" : "0.1.0",
      "status" : "draft",
      "name" : "LegalStatusForTheSupply_EMA_CS",
      "title" : "Legal Status for the Supply EMA",
      "description" : "Legal status of supply. EMA SPOR RMS list.",
      "uses" : {
      },
      "ValueSet-legal-status-for-the-supply-vs.html" : "EMA SPOR Legal Status for the Supply"
    },
    {
      "url" : "https://spor.ema.europa.eu/v1/lists/100000072052",
      "version" : "0.1.0",
      "status" : "draft",
      "name" : "Marketing_Status_EMA_CS",
      "title" : "Marketing Status EMA",
      "description" : "Marketing status of the product in given country. EMA SPOR RMS codes.",
      "uses" : {
      },
      "ValueSet-marketing-status-spor-vs.html" : "EMA SPOR Marketing Status"
    },
    {
      "url" : "https://spor.ema.europa.eu/v1/lists/100000072057",
      "version" : "0.1.0",
      "status" : "draft",
      "name" : "Language_EMA_CS",
      "title" : "Language EMA",
      "description" : "Language codes by EMA. Based on BCP-47, recoded with RMS codes.",
      "uses" : {
      },
      "ValueSet-language-ema-vs.html" : "EMA SPOR Language"
    },
    {
      "url" : "https://spor.ema.europa.eu/v1/lists/100000073345",
      "version" : "0.1.0",
      "status" : "draft",
      "name" : "Routes_And_Methods_Of_Administration_EMA_CS",
      "title" : "Routes and Methods of Administration EMA",
      "description" : "Routes and methods of medication administration. Based on EDQM, re-coded with RMS codes.",
      "uses" : {
      },
      "ValueSet-routes-and-methods-of-administration-vs.html" : "EMA SPOR Routes and Methods of Administration"
    },
    {
      "url" : "https://spor.ema.europa.eu/v1/lists/100000073346",
      "version" : "0.1.0",
      "status" : "draft",
      "name" : "Packaging_EMA_CS",
      "title" : "Packaging EMA SPOR",
      "description" : "Package types, including closures and administration devices. Based on EDQM, recoded with EMA SPOR RMS codes.",
      "uses" : {
      },
      "ValueSet-packaging-spor-vs.html" : "EMA SPOR Packaging"
    },
    {
      "url" : "https://spor.ema.europa.eu/v1/lists/100000093533",
      "version" : "0.1.0",
      "status" : "draft",
      "name" : "ATC_Human_EMA",
      "title" : "ATC Human EMA",
      "description" : "ATC classification recoded with EMA SPOR RMS codes. Flat list, WHO ATC codes provided in description field for easier use.",
      "uses" : {
      },
      "ValueSet-atc-spor-vs.html" : "EMA SPOR ATC"
    },
    {
      "url" : "https://spor.ema.europa.eu/v1/lists/100000110633",
      "version" : "0.1.0",
      "status" : "draft",
      "name" : "UnitOfMeasurement_EMA_CS",
      "title" : "Unit of Measurement EMA",
      "description" : "Unit of Measurement. Based on UCUM. Re-coded with RMS codes.",
      "uses" : {
      },
      "ValueSet-unit-of-measurement-vs.html" : "EMA SPOR Unit of Measurement",
      "ValueSet-all-units-vs.html" : "EMA SPOR All Units Combined"
    },
    {
      "url" : "https://spor.ema.europa.eu/v1/lists/200000000004",
      "version" : "0.1.0",
      "status" : "draft",
      "name" : "PharmaceuticalDoseForm_EMA_CS",
      "title" : "Pharmaceutical Dose Form EMA",
      "description" : "Pharmaceutical dose form. Based on EDQM, re-coded with RMS codes.",
      "uses" : {
      },
      "ValueSet-pharmaceutical-doseform-vs.html" : "EMA SPOR Pharmaceutical Dose Form",
      "ConceptMap-edqm-ema-pharmaceuticalDoseForm-cm.html" : "EDQM-SPOR Pharmaceutical dose forms",
      "ValueSet-authorised-doseform-vs.html" : "EMA SPOR Authorised Dose Form"
    },
    {
      "url" : "https://spor.ema.europa.eu/v1/lists/200000000006",
      "version" : "0.1.0",
      "status" : "draft",
      "name" : "CombinedPharmaceuticalDoseForm_EMA_CS",
      "title" : "Combined Pharmaceutical Dose Form EMA",
      "description" : "Combined Pharmaceutical Dose Form. Based on EDQM. Re-coded with RMS codes. Used only for authorised dose form.",
      "uses" : {
      },
      "ValueSet-authorised-doseform-vs.html" : "EMA SPOR Authorised Dose Form"
    },
    {
      "url" : "https://spor.ema.europa.eu/v1/lists/200000000007",
      "version" : "0.1.0",
      "status" : "draft",
      "name" : "CombinedTerm_EMA_CS",
      "title" : "Combined Term EMA",
      "description" : "Combined Term. Based on EDQM. Re-coded with RMS codes. Only used for authorised dose form.",
      "uses" : {
      },
      "ValueSet-authorised-doseform-vs.html" : "EMA SPOR Authorised Dose Form"
    },
    {
      "url" : "https://spor.ema.europa.eu/v1/lists/200000000008",
      "version" : "0.1.0",
      "status" : "draft",
      "name" : "CombinationPackage_EMA_CS",
      "title" : "Combination Package EMA",
      "description" : "Dose forms for combination packages. Based on EDQM. Re-coded with RMS codes. Only used for authorised dose form.",
      "uses" : {
      },
      "ValueSet-authorised-doseform-vs.html" : "EMA SPOR Authorised Dose Form"
    },
    {
      "url" : "https://spor.ema.europa.eu/v1/lists/200000000014",
      "version" : "0.1.0",
      "status" : "draft",
      "name" : "UnitOfPresentation_EMA_CS",
      "title" : "Unit of Presentation EMA",
      "description" : "Unit of presentation list from EMA SPOR. List id 200000000014. Content based on EDQM, re-coded with RMS codes.",
      "uses" : {
      },
      "ValueSet-unit-of-presentation-vs.html" : "EMA SPOR Unit of Presentation",
      "ValueSet-all-units-vs.html" : "EMA SPOR All Units Combined"
    },
    {
      "url" : "https://spor.ema.europa.eu/v1/lists/200000003199",
      "version" : "0.1.0",
      "status" : "draft",
      "name" : "Material_EMA_CS",
      "title" : "Material EMA",
      "description" : "Package material. EMA SPOR RMS list. Hierarchical.",
      "uses" : {
      },
      "ValueSet-material-vs.html" : "EMA SPOR Material"
    },
    {
      "url" : "https://spor.ema.europa.eu/v1/lists/200000005003",
      "version" : "0.1.0",
      "status" : "draft",
      "name" : "RecordStatus_EMA_CS",
      "title" : "Record Status EMA SPOR",
      "description" : "Record Entitlement Status EMA SPOR",
      "uses" : {
      },
      "ValueSet-record-status-spor-vs.html" : "EMA SPOR Record Status"
    },
    {
      "url" : "https://spor.ema.europa.eu/v2/SubstanceDefinition",
      "version" : "0.1.0",
      "status" : "draft",
      "name" : "Substance_SMS_CS",
      "title" : "Substances EMA SPOR SMS",
      "description" : "UNICOM PPL substances from EMA SPOR SMS",
      "uses" : {
      },
      "ValueSet-substances-vs.html" : "EMA SPOR SMS Substances",
      "ConceptMap-sms-snomed-substance-cm.html" : "SPOR-SNOMED CT substances"
    }
  ]
}
