{
  "resourceType" : "Organization",
  "id" : "LOC-100004795-Wolff-Arzneimittel",
  "meta" : {
    "profile" : ["http://unicom-project.eu/fhir/StructureDefinition/PPLOrganization"]
  },
  "text" : {
    "status" : "generated",
    "div" : "<div xmlns=\"http://www.w3.org/1999/xhtml\"><p class=\"res-header-id\"><b>Generated Narrative: Organization LOC-100004795-Wolff-Arzneimittel</b></p><a name=\"LOC-100004795-Wolff-Arzneimittel\"> </a><a name=\"hcLOC-100004795-Wolff-Arzneimittel\"> </a><a name=\"LOC-100004795-Wolff-Arzneimittel-en-US\"> </a><p><b>identifier</b>: <code>https://spor.ema.europa.eu/v1/locations</code>/LOC-100004795</p><p><b>name</b>: Dr. August Wolff GmbH &amp; Co. KG Arzneimittel</p></div>"
  },
  "identifier" : [{
    "system" : "https://spor.ema.europa.eu/v1/locations",
    "value" : "LOC-100004795"
  }],
  "name" : "Dr. August Wolff GmbH & Co. KG Arzneimittel"
}