{
  "resourceType" : "Medication",
  "id" : "Cefuroxime1500-Medication-Clinical",
  "meta" : {
    "profile" : ["http://unicom-project.eu/fhir/StructureDefinition/MedicationAsMedicinalProduct"]
  },
  "text" : {
    "status" : "generated",
    "div" : "<div xmlns=\"http://www.w3.org/1999/xhtml\"><p class=\"res-header-id\"><b>Generated Narrative: Medication Cefuroxime1500-Medication-Clinical</b></p><a name=\"Cefuroxime1500-Medication-Clinical\"> </a><a name=\"hcCefuroxime1500-Medication-Clinical\"> </a><a name=\"hcCefuroxime1500-Medication-Clinical-en-US\"> </a><p><b>doseForm</b>: <span title=\"Codes:{https://standardterms.edqm.eu 50053000}\">Powder for solution for injection or infusion</span></p><blockquote><p><b>ingredient</b></p><h3>Items</h3><table class=\"grid\"><tr><td style=\"display: none\">-</td><td><b>Reference</b></td></tr><tr><td style=\"display: none\">*</td><td><a href=\"Medication-Cefuroxime1500-Powder-Medication-Item.html\">Medication Cefuroxime (as cefuroxime sodium) 1.5 g powder for solution for infusion and/or injection vial</a></td></tr></table></blockquote></div>"
  },
  "extension" : [{
    "url" : "http://unicom-project.eu/fhir/StructureDefinition/medicinal-product-classification",
    "valueCodeableConcept" : {
      "coding" : [{
        "system" : "http://www.whocc.no/atc",
        "code" : "J01DC02",
        "display" : "cefuroxime"
      }]
    }
  },
  {
    "url" : "http://unicom-project.eu/fhir/StructureDefinition/administrable-doseform",
    "valueCodeableConcept" : {
      "coding" : [{
        "system" : "https://standardterms.edqm.eu",
        "code" : "50060000",
        "display" : "Solution for injection/infusion"
      }]
    }
  }],
  "doseForm" : {
    "coding" : [{
      "system" : "https://standardterms.edqm.eu",
      "code" : "50053000",
      "display" : "Powder for solution for injection or infusion"
    }]
  },
  "ingredient" : [{
    "item" : {
      "reference" : {
        "reference" : "Medication/Cefuroxime1500-Powder-Medication-Item"
      }
    }
  }]
}