<?xml version="1.0" encoding="UTF-8"?>

<SearchParameter xmlns="http://hl7.org/fhir">
  <id value="strength-presentation-ratio-numerator"/>
  <text>
    <status value="generated"/><div xmlns="http://www.w3.org/1999/xhtml"><p class="res-header-id"><b>Generated Narrative: SearchParameter strength-presentation-ratio-numerator</b></p><a name="strength-presentation-ratio-numerator"> </a><a name="hcstrength-presentation-ratio-numerator"> </a><a name="hcstrength-presentation-ratio-numerator-en-US"> </a><h2>strength-presentation-ratio-numerator</h2><p>Parameter <code>strength-presentation-ratio-numerator</code>:<code>quantity</code></p><div><p>Possiblity to search for Ingredient.substance.strength.presentation.ofType(Ratio).numerator</p>
</div><table class="grid"><tr><td>Resource</td><td><a href="http://hl7.org/fhir/R5/ingredient.html">Ingredient</a></td></tr><tr><td>Expression</td><td><code>Ingredient.substance.strength.presentation.ofType(Ratio).numerator</code></td></tr><tr><td>Processing Mode</td><td>Normal</td></tr><tr><td>Multiples</td><td><ul><li>multipleAnd: It's up to the server whether the parameter may repeat in order to specify multiple values that must all be true</li><li>multipleOr: It's up to the server whether the parameter can have multiple values (separated by comma) where at least one must be true</li></ul></td></tr></table></div>
  </text>
  <url value="http://unicom-project.eu/fhir/SearchParameter/strength-presentation-ratio-numerator"/>
  <version value="0.1.0"/>
  <name value="strength-presentation-ratio-numerator"/>
  <status value="active"/>
  <date value="2024-07-10T21:48:54+00:00"/>
  <publisher value="UNICOM"/>
  <contact>
    <name value="UNICOM"/>
    <telecom>
      <system value="url"/>
      <value value="http://unicom-project.eu"/>
    </telecom>
  </contact>
  <description value="Possiblity to search for Ingredient.substance.strength.presentation.ofType(Ratio).numerator"/>
  <code value="strength-presentation-ratio-numerator"/>
  <base value="Ingredient"/>
  <type value="quantity"/>
  <expression value="Ingredient.substance.strength.presentation.ofType(Ratio).numerator"/>
  <processingMode value="normal"/>
</SearchParameter>