Source File	Size	loadResources	load	generateSnapshots	load-configure	scan	loadDepInfo	loadInfo	checkR4R4B	generateNarratives	validate	loadLists	checkConformanceResources	checkConformanceResources2	checkConformanceResources3	generateLogicalMaps	validateExpressions	scanForUsageStats	checkURLsUnique	processProvenanceDetails	generate1	generate2	generateLogicals	makeDependencies	generateExampleZip	generateValidationPack	scanProfilesForR5	scanExamplesForR5
/fsh-generated/resources/ImplementationGuide-hl7.eu.fhir.unicom.json	64944	-	0	0	0	0	0	0	8	107	0	0	0	0	0	0	0	1	0	0	162	348	0	0	0	7	0	1
fsh-generated/resources/AdministrableProductDefinition-Agen-5mg-Tablet-EE-APD.json	1122	6	0	0	0	0	0	0	0	296	0	0	0	0	0	0	0	0	0	0	10	19	0	0	1	0	0	0
fsh-generated/resources/AdministrableProductDefinition-CanifugCremolum-100mg-Pessary-EE-APD.json	1155	3	0	0	0	0	0	0	0	4	0	0	0	0	0	0	0	0	0	0	10	12	0	0	0	0	0	0
fsh-generated/resources/AdministrableProductDefinition-CanifugCremolum-10mg1g-Cream-EE-APD.json	1150	1	0	0	0	0	0	0	0	3	0	0	0	0	0	0	0	0	0	0	8	12	0	0	0	0	0	0
fsh-generated/resources/AdministrableProductDefinition-Cefuroxime-MIP-1500mg-EE-APD.json	1172	4	0	0	0	0	0	0	0	3	0	0	0	0	0	0	0	0	0	0	9	13	0	0	0	0	0	0
fsh-generated/resources/Bundle-001-Agen5mg-EE-FullProduct.json	19622	23	1	0	0	0	0	0	2	73	0	0	0	0	0	0	0	0	0	0	44	111	0	0	0	0	0	1
fsh-generated/resources/Bundle-002-Agen10mg-EE-FullProduct.json	19731	10	0	0	0	0	0	0	1	19	0	0	0	0	0	0	0	1	0	0	42	68	0	0	0	0	0	0
fsh-generated/resources/Bundle-003-CefuroximStragen-1-5g-Powder-SE-FullProduct.json	17056	9	0	0	0	0	0	0	1	21	0	0	0	0	0	0	0	0	0	0	40	37	0	0	0	0	0	0
fsh-generated/resources/Bundle-004-Cefuroxime-MIP-1500mg-EE-FullProduct.json	18621	9	0	0	1	0	0	0	1	24	0	0	0	0	0	0	0	0	0	0	42	30	0	0	0	0	0	0
fsh-generated/resources/Bundle-005-CanifugCremolum-EE-FullProduct.json	20179	8	0	0	0	0	0	0	1	19	0	0	0	0	0	0	0	0	0	0	48	37	0	0	0	0	0	0
fsh-generated/resources/Bundle-006-Yaz-002mg3mg-tablet-SE-FullProduct.json	26355	6	0	0	0	0	0	0	1	24	0	0	0	0	0	0	0	0	0	0	58	44	0	0	0	0	0	0
fsh-generated/resources/Bundle-007-Jangee-002mg-3mg-Film-coated-tablet-EE-FullProduct.json	19464	7	0	0	0	0	0	0	1	19	0	0	0	0	0	0	0	0	0	0	42	34	0	0	0	0	0	1
fsh-generated/resources/Bundle-008-Jangee-003mg-3mg-Film-coated-tablet-EE-FullProduct.json	19788	6	0	0	0	0	0	0	1	17	0	0	0	0	0	0	0	1	0	0	42	34	0	0	0	0	0	0
fsh-generated/resources/Bundle-009-Paracetamol-Kabi10mg-1ml-EE-FullProduct.json	24897	8	0	0	0	0	0	0	2	22	0	0	0	0	0	0	0	0	0	0	56	46	0	0	0	0	0	0
fsh-generated/resources/Bundle-010-Clexane-60mg-06ml-EE-FullProduct.json	14881	7	0	0	0	0	0	0	0	12	0	0	0	0	0	0	0	0	0	0	44	20	0	0	0	0	0	0
fsh-generated/resources/Bundle-011-Betaklav500-125-EE-FullProduct.json	26453	8	0	0	0	0	0	0	2	18	0	0	0	0	0	0	0	0	0	0	60	27	0	0	0	0	0	0
fsh-generated/resources/Bundle-012-Panodil-500mg-SolutionInSachet-SE-FullProduct.json	15163	6	0	0	0	0	0	0	0	12	0	0	0	0	0	0	0	0	0	0	34	18	0	0	0	0	0	1
fsh-generated/resources/Bundle-013-LantusSolostar-EE-FullProduct.json	14693	4	0	0	0	0	0	0	1	13	0	0	0	0	0	0	0	0	0	0	32	18	0	0	0	0	0	0
fsh-generated/resources/Bundle-014-CanestenKombi-FI-FullProduct.json	19962	6	0	0	0	0	0	0	1	15	0	0	0	0	0	0	0	0	0	0	44	24	0	0	0	0	0	0
fsh-generated/resources/Bundle-015-CopaliaHCT-EE-FullProduct.json	24843	6	0	0	0	0	0	0	1	18	0	0	0	0	0	0	0	0	0	0	50	27	0	0	0	0	0	0
fsh-generated/resources/Bundle-016-Lodipin-10mg-Capsule-GR-FullProduct.json	20909	8	0	0	0	0	0	0	1	14	0	0	0	0	0	0	0	0	0	0	43	23	0	0	0	0	0	0
fsh-generated/resources/Bundle-017-ImovaxPolio-EE-FullProduct.json	21933	6	0	0	0	0	0	0	1	16	0	0	0	0	0	0	0	0	0	0	47	24	0	0	0	0	0	0
fsh-generated/resources/Bundle-AMLHipres-10mg-Tablet-EE-FullProduct.json	20438	5	0	0	0	0	0	0	1	13	0	0	0	0	0	0	0	0	0	0	41	22	0	0	0	0	0	0
fsh-generated/resources/Bundle-AMLHipres-5mg-Tablet-EE-FullProduct.json	20409	5	0	0	0	0	0	0	1	13	0	0	0	0	0	0	0	0	0	0	42	20	0	0	0	0	0	1
fsh-generated/resources/Bundle-AMLaccord-10mg-Tablet-SE-IS-MedicinalProductDefinition-BBDL.json	20319	5	0	0	0	0	0	0	1	14	0	0	0	0	0	0	0	0	0	0	41	22	0	0	0	0	0	0
fsh-generated/resources/Bundle-AMLaccord-5mg-Tablet-SE-IS-MedicinalProductDefinition-BBDL.json	24626	6	0	0	0	0	0	0	2	14	0	0	0	0	0	0	0	1	0	0	49	32	0	0	0	0	0	0
fsh-generated/resources/Bundle-AMLaurobindo-10mg-Tablet-SE-IS-MedicinalProductDefinition-BBDL.json	16942	5	0	0	0	0	0	0	1	10	0	0	0	0	0	0	0	0	0	0	36	19	0	0	0	0	0	0
fsh-generated/resources/Bundle-AMLbluefish-10mg-Tablet-SE-IS-MedicinalProductDefinition-BBDL.json	16796	4	0	0	0	0	0	0	1	9	0	0	0	0	0	0	0	0	0	0	35	18	0	0	0	0	0	0
fsh-generated/resources/Bundle-AMLbluefish-5mg-Tablet-SE-IS-MedicinalProductDefinition-BBDL.json	21119	5	0	0	1	0	0	0	1	12	0	0	0	0	0	0	0	0	0	0	47	21	0	0	0	0	0	0
fsh-generated/resources/Bundle-AMLjubilant-10mg-Tablet-SE-IS-MedicinalProductDefinition-BBDL.json	16622	4	0	0	0	0	0	0	1	64	0	0	0	0	0	0	0	0	0	0	37	18	0	0	0	0	0	0
fsh-generated/resources/Bundle-AMLjubilant-5mg-Tablet-SE-IS-MedicinalProductDefinition-BBDL.json	16463	3	0	0	0	0	0	0	1	10	0	0	0	0	0	0	0	0	0	0	36	17	0	0	0	0	0	0
fsh-generated/resources/Bundle-AMLkrka-10mg-Tablet-SE-IS-MedicinalProductDefinition-BBDL.json	21143	5	0	0	0	0	0	0	1	13	0	0	0	0	0	0	0	0	0	0	42	21	0	0	0	0	0	0
fsh-generated/resources/Bundle-AMLkrka-5mg-Tablet-SE-IS-MedicinalProductDefinition-BBDL.json	21173	4	0	0	0	0	0	0	1	12	0	0	0	0	0	0	0	0	0	0	45	20	0	0	0	0	0	0
fsh-generated/resources/Bundle-AMLmedvalley-10mg-Tablet-SE-IS-MedicinalProductDefinition-BBDL.json	20590	4	0	0	0	0	0	0	1	12	0	0	0	0	0	0	0	0	0	0	43	20	0	0	0	0	0	0
fsh-generated/resources/Bundle-AMLmedvalley-5mg-Tablet-SE-IS-MedicinalProductDefinition-BBDL.json	20563	5	0	0	0	0	0	0	1	13	0	0	0	0	0	0	0	0	0	0	42	20	0	0	0	0	0	1
fsh-generated/resources/Bundle-AMLsandoz-10mg-Tablet-SE-IS-MedicinalProductDefinition-BBDL.json	23396	8	0	0	0	0	0	0	1	14	0	0	0	0	0	0	0	0	0	0	48	24	0	0	0	0	0	0
fsh-generated/resources/Bundle-AMLsandoz-5mg-Tablet-SE-IS-MedicinalProductDefinition-BBDL.json	23305	5	0	0	0	0	0	0	1	14	0	0	0	0	0	0	0	0	0	0	47	23	0	0	0	0	0	0
fsh-generated/resources/Bundle-AMLteva-10mg-Tablet-SE-IS-MedicinalProductDefinition-BBDL.json	20279	5	0	0	0	0	0	0	1	11	0	0	0	0	0	0	0	0	0	0	41	19	0	0	0	0	0	0
fsh-generated/resources/Bundle-AMLteva-5mg-Tablet-SE-IS-MedicinalProductDefinition-BBDL.json	20250	4	0	0	0	0	0	0	0	11	0	0	0	0	0	0	0	0	0	0	41	20	0	0	0	0	0	0
fsh-generated/resources/Bundle-AMLvitabalans-10mg-Tablet-SE-IS-MedicinalProductDefinition-BBDL.json	21096	4	0	0	0	0	0	0	1	11	0	0	0	0	0	0	0	1	0	0	43	23	0	0	0	0	0	0
fsh-generated/resources/Bundle-AMLvitabalans-5mg-Tablet-SE-IS-MedicinalProductDefinition-BBDL.json	21125	4	0	0	1	0	0	0	1	11	0	0	0	0	0	0	0	0	0	0	43	23	0	0	0	0	0	0
fsh-generated/resources/Bundle-AT-Curocef-1500-Powder.json	20636	4	0	0	0	0	0	0	1	14	0	0	0	0	0	0	0	0	0	0	42	22	0	0	0	0	0	0
fsh-generated/resources/Bundle-Amlodistad-10mg-Tablet-SE-IS-MedicinalProductDefinition-BBDL.json	21715	3	0	0	0	0	0	0	0	13	0	0	0	0	0	0	0	0	0	0	43	23	0	0	0	0	0	0
fsh-generated/resources/Bundle-Amlodistad-5mg-Tablet-SE-IS-MedicinalProductDefinition-BBDL.json	21627	5	0	0	0	0	0	0	1	11	0	0	0	0	0	0	0	0	0	0	44	22	0	0	0	0	0	0
fsh-generated/resources/Bundle-Norvasc-10mg-Tablet-SE-IS-MedicinalProductDefinition-BBDL.json	16703	3	0	0	0	0	0	0	1	9	0	0	0	0	0	0	0	0	0	0	35	17	0	0	0	0	0	1
fsh-generated/resources/Bundle-Norvasc-5mg-Tablet-SE-IS-MedicinalProductDefinition-BBDL.json	16678	4	0	0	0	0	0	0	1	9	0	0	0	0	0	0	0	0	0	0	35	17	0	0	0	0	0	0
fsh-generated/resources/CodeSystem-ATC-Human-EMA.json	773616	161	0	0	3	0	0	0	47	659	0	0	4	0	0	0	0	7	0	0	2005	4342	0	0	0	159	0	6
fsh-generated/resources/CodeSystem-Marketing-Status-ema-cs.json	837	3	0	0	0	0	0	0	0	3	0	0	0	0	0	0	0	0	0	0	10	43	0	0	0	1	0	0
fsh-generated/resources/CodeSystem-combination-package-ema-cs.json	2095	2	0	0	0	0	0	0	0	2	0	0	0	0	0	0	0	0	0	0	13	38	0	0	0	0	0	0
fsh-generated/resources/CodeSystem-combined-pharmaceutical-dose-form-ema-cs.json	9046	3	0	0	0	0	0	0	0	5	0	0	0	0	0	0	0	0	0	0	34	68	0	0	0	2	0	0
fsh-generated/resources/CodeSystem-combined-term-ema-cs.json	8776	2	0	0	0	0	0	0	1	4	0	0	0	0	0	0	0	0	0	0	31	67	0	0	0	1	0	0
fsh-generated/resources/CodeSystem-country-ema-cs.json	22751	4	0	0	0	0	0	0	1	11	0	0	0	0	0	0	0	0	0	0	73	97	0	0	0	4	0	1
fsh-generated/resources/CodeSystem-domain-ema-cs.json	643	2	0	0	0	0	0	0	0	3	0	0	0	0	0	0	0	0	0	0	10	31	0	0	0	0	0	0
fsh-generated/resources/CodeSystem-language-ema-cs.json	13542	4	0	0	1	0	0	0	1	10	0	0	0	0	0	0	0	0	0	0	50	76	0	0	0	3	0	0
fsh-generated/resources/CodeSystem-legal-status-for-the-supply-ema-cs.json	1459	2	0	0	0	0	0	0	0	4	0	0	0	0	0	0	0	0	0	0	11	32	0	0	0	0	0	0
fsh-generated/resources/CodeSystem-material-ema-cs.json	5825	5	0	0	0	0	0	0	1	7	0	0	0	0	0	0	0	0	0	0	25	42	0	0	0	1	0	0
fsh-generated/resources/CodeSystem-packaging-ema-cs.json	6657	5	0	0	0	0	0	0	0	5	0	0	0	0	0	0	0	1	0	0	26	45	0	0	0	1	0	0
fsh-generated/resources/CodeSystem-pharmaceutical-dose-form-ema-cs.json	192598	20	0	0	0	0	0	0	6	78	0	0	0	0	0	0	0	0	0	0	416	205	0	0	0	24	0	1
fsh-generated/resources/CodeSystem-recordStatus-ema-cs.json	698	1	0	0	1	0	0	0	0	2	0	0	0	0	0	0	0	0	0	0	9	29	0	0	0	1	0	0
fsh-generated/resources/CodeSystem-regulatoryStatus-ema-cs.json	1594	2	0	0	0	0	0	0	0	3	0	0	0	0	0	0	0	0	0	0	12	31	0	0	0	0	0	0
fsh-generated/resources/CodeSystem-routes-and-methods-of-administration-ema-cs.json	11274	3	0	0	0	0	0	0	1	9	0	0	0	0	0	0	0	0	0	0	48	51	0	0	0	2	0	0
fsh-generated/resources/CodeSystem-substance-sms-cs.json	8843	3	0	0	0	0	0	0	0	7	0	0	0	0	0	0	0	0	0	0	40	47	0	0	0	1	0	0
fsh-generated/resources/CodeSystem-unit-of-measurement-ema-cs.json	39435	8	0	0	0	0	0	0	2	21	0	0	0	0	0	0	0	1	0	0	128	144	0	0	0	11	0	1
fsh-generated/resources/CodeSystem-unit-of-presentation-ema-cs.json	4170	2	0	0	0	0	0	0	1	4	0	0	0	0	0	0	0	0	0	0	19	23	0	0	0	1	0	0
fsh-generated/resources/ConceptMap-edqm-ema-pharmaceuticalDoseForm-cm.json	129082	19	0	0	0	0	0	0	5	293	0	0	0	0	0	0	0	1	0	0	228	80	0	0	0	11	0	1
fsh-generated/resources/ConceptMap-sms-snomed-substance-cm.json	1329	2	0	0	0	0	0	0	0	6	0	0	0	0	0	0	0	0	0	0	9	15	0	0	0	0	0	0
fsh-generated/resources/Ingredient-Agen-5mg-Tablet-EE-I.json	2341	2	0	0	0	0	0	0	0	4	0	0	0	0	0	0	0	0	0	0	11	7	0	0	0	0	0	0
fsh-generated/resources/Ingredient-CanifugCremolum-100mg-Pessary-EE-I.json	1465	2	0	0	0	0	0	0	0	2	0	0	0	0	0	0	0	0	0	0	10	6	0	0	0	0	0	0
fsh-generated/resources/Ingredient-CanifugCremolum-10mg1g-Cream-EE-I.json	1462	1	0	0	1	0	0	0	0	1	0	0	0	0	0	0	0	0	0	0	8	7	0	0	0	0	0	0
fsh-generated/resources/Ingredient-Cefuroxime-MIP-1500mg-EE-I.json	2249	2	0	0	0	0	0	0	0	2	0	0	0	0	0	0	0	0	0	0	9	5	0	0	0	0	0	0
fsh-generated/resources/ManufacturedItemDefinition-Agen-5mg-Tablet-EE-MID.json	635	2	0	0	0	0	0	0	0	1	0	0	0	0	0	0	0	0	0	0	6	5	0	0	0	0	0	0
fsh-generated/resources/ManufacturedItemDefinition-CanifugCremolum-100mg-Pessary-EE-MID.json	651	2	0	0	0	0	0	0	0	0	0	0	0	0	0	0	0	0	0	0	7	5	0	0	0	0	0	0
fsh-generated/resources/ManufacturedItemDefinition-CanifugCremolum-10mg1g-Cream-EE-MID.json	645	2	0	0	0	0	0	0	0	1	0	0	0	0	0	0	0	0	0	0	7	3	0	0	0	0	0	0
fsh-generated/resources/ManufacturedItemDefinition-Cefuroxime-MIP-1500mg-EE-MID.json	675	1	0	0	0	0	0	0	0	0	0	0	0	0	0	0	0	0	0	0	6	4	0	0	0	0	0	0
fsh-generated/resources/Medication-CanifugCremolum-EE-Cream-Medication-Item.json	1186	2	0	0	0	0	0	0	0	1216	0	0	0	0	0	0	0	0	0	0	7	9	0	0	0	0	0	0
fsh-generated/resources/Medication-CanifugCremolum-EE-Medication-Clinical.json	1848	2	0	0	0	0	0	0	0	1	0	0	0	0	0	0	0	0	0	0	9	9	0	0	0	0	0	0
fsh-generated/resources/Medication-CanifugCremolum-EE-Pessary-Medication-Item.json	1210	2	0	0	0	0	0	0	0	371	0	0	0	0	0	0	0	0	0	0	7	5	0	0	0	0	0	0
fsh-generated/resources/Medication-Cefuroxime1500-Medication-Clinical.json	1262	1	0	0	0	0	0	0	0	1	0	0	0	0	0	0	0	0	0	0	8	5	0	0	0	0	0	0
fsh-generated/resources/Medication-Cefuroxime1500-Powder-Medication-Item.json	1480	2	0	0	0	0	0	0	1	352	0	0	0	0	0	0	0	0	0	0	7	4	0	0	0	0	0	0
fsh-generated/resources/Medication-CefuroximeMIP-EE-Medication-Clinical.json	1766	2	0	0	0	0	0	0	0	1	0	0	0	0	0	0	0	0	0	0	8	6	0	0	0	0	0	0
fsh-generated/resources/Medication-CefuroximeMIP-EE-Powder-Medication-Item.json	1238	1	0	0	0	0	0	0	0	335	0	0	0	0	0	0	0	0	0	0	12	5	0	0	0	0	0	0
fsh-generated/resources/Medication-Clotrimazole-Cream-Generic.json	1355	2	0	0	0	0	0	0	0	1	0	0	0	0	0	0	0	0	0	0	7	4	0	0	0	0	0	0
fsh-generated/resources/Medication-Clotrimazole-cream-and-pessaries-Medication-Clinical.json	1358	1	0	0	0	0	0	0	0	4	0	0	0	0	0	0	0	0	0	0	8	5	0	0	0	0	0	0
fsh-generated/resources/MedicinalProductDefinition-Agen-5mg-Tablet-EE-MPD.json	3148	2	0	0	0	0	0	0	0	1	0	0	0	0	0	0	0	0	0	0	10	5	0	0	0	0	0	0
fsh-generated/resources/MedicinalProductDefinition-CanifugCremolum-EE-MPD.json	2623	2	0	0	0	0	0	0	0	0	0	0	0	0	0	0	0	0	0	0	9	4	0	0	0	0	0	0
fsh-generated/resources/MedicinalProductDefinition-Cefuroxime-MIP-1500mg-EE-MPD.json	3001	2	0	0	1	0	0	0	0	1	0	0	0	0	0	0	0	0	0	0	10	4	0	0	0	0	0	0
fsh-generated/resources/OperationDefinition-Equivalent.json	1597	5	0	0	0	0	0	0	0	6	0	0	0	0	0	0	0	0	0	0	9	6	0	0	0	0	0	0
fsh-generated/resources/Organization-LOC-100000551-KrkaSverige.json	342	2	0	0	0	0	0	0	0	1	0	0	0	0	0	0	0	0	0	0	5	3	0	0	0	0	0	0
fsh-generated/resources/Organization-LOC-100002580-Zentiva.json	335	1	0	0	0	0	0	0	0	0	0	0	0	0	0	0	0	0	0	0	5	4	0	0	0	0	0	0
fsh-generated/resources/Organization-LOC-100004795-Wolff-Arzneimittel.json	377	2	0	0	0	0	0	0	0	0	0	0	0	0	0	0	0	0	0	0	6	4	0	0	0	0	0	0
fsh-generated/resources/Organization-LOC-100009199-Mip.json	334	1	0	0	0	0	0	0	0	1	0	0	0	0	0	0	0	0	0	0	5	3	0	0	0	0	0	0
fsh-generated/resources/PackagedProductDefinition-Agen-5mg-Tablet-EE-PPD-1109887-A.json	3109	2	0	0	0	0	0	0	1	2	0	0	0	0	0	0	0	0	0	0	10	7	0	0	0	0	0	0
fsh-generated/resources/PackagedProductDefinition-Agen-5mg-Tablet-EE-PPD-1109887-B.json	2838	1	0	0	0	0	0	0	0	2	0	0	0	0	0	0	0	0	0	0	11	5	0	0	0	0	0	0
fsh-generated/resources/PackagedProductDefinition-CanifugCremolum-EE-PPD-1033692.json	4133	2	0	0	0	0	0	0	0	2	0	0	0	0	0	0	0	0	0	0	12	6	0	0	0	0	0	0
fsh-generated/resources/PackagedProductDefinition-Cefuroxime-MIP-1500mg-EE-PPD-1529940.json	2634	2	0	0	0	0	0	0	0	2	0	0	0	0	0	0	0	0	0	0	10	5	0	0	0	0	0	0
fsh-generated/resources/PackagedProductDefinition-Cefuroxime-MIP-1500mg-EE-PPD-1529962.json	2638	2	0	0	0	0	0	0	0	1	0	0	0	0	0	0	0	0	0	0	10	5	0	0	0	0	0	0
fsh-generated/resources/RegulatedAuthorization-Agen-5mg-Tablet-EE-RA.json	1100	1	0	0	0	0	0	0	0	1	0	0	0	0	0	0	0	0	0	0	7	5	0	0	0	0	0	0
fsh-generated/resources/RegulatedAuthorization-CanifugCremolum-EE-RA.json	1111	2	0	0	0	0	0	0	0	1	0	0	0	0	0	0	0	0	0	0	7	5	0	0	0	0	0	0
fsh-generated/resources/RegulatedAuthorization-Cefuroxime-MIP-1500mg-EE-RA.json	1108	1	0	0	0	0	0	0	0	1	0	0	0	0	0	0	0	0	0	0	8	4	0	0	0	0	0	0
fsh-generated/resources/SearchParameter-Manufactured-item-packaging-ppd.json	600	5	0	0	0	0	0	0	0	4	0	0	0	0	0	0	0	0	0	0	8	5	0	0	0	1	0	0
fsh-generated/resources/SearchParameter-Manufactured-item-ppd.json	514	1	0	0	0	0	0	0	0	3	0	0	0	0	0	0	0	0	0	0	8	4	0	0	0	0	0	0
fsh-generated/resources/SearchParameter-country.json	434	2	0	0	1	0	0	0	0	4	0	0	0	0	0	0	0	0	0	0	7	4	0	0	0	0	0	0
fsh-generated/resources/SearchParameter-name-language-correct.json	513	2	0	0	0	0	0	0	0	3	0	0	0	0	0	0	0	0	0	0	8	5	0	0	0	0	0	0
fsh-generated/resources/SearchParameter-reference-strength-substance.json	552	1	0	0	0	0	0	0	1	3	0	0	0	0	0	0	0	0	0	0	8	4	0	0	0	0	0	0
fsh-generated/resources/SearchParameter-strength-presentation-quantity.json	551	2	0	0	0	0	0	0	0	4	0	0	0	0	0	0	0	0	0	0	8	5	0	0	0	0	0	0
fsh-generated/resources/SearchParameter-strength-presentation-ratio-denominator.json	603	1	0	0	0	0	0	0	0	3	0	0	0	0	0	0	0	0	0	0	8	4	0	0	0	0	0	0
fsh-generated/resources/SearchParameter-strength-presentation-ratio-numerator.json	593	2	0	0	0	0	0	0	0	3	0	0	0	0	0	0	0	0	0	0	8	4	0	0	0	1	0	0
fsh-generated/resources/SearchParameter-strength-presentation-ratio.json	846	1	0	0	0	0	0	0	0	3	0	0	0	0	0	0	0	0	0	0	10	5	0	0	0	0	0	0
fsh-generated/resources/SearchParameter-strength-quantity-and-substance.json	825	2	0	0	0	0	0	0	0	4	0	0	0	0	0	0	0	0	0	0	9	4	0	0	0	0	0	0
fsh-generated/resources/SearchParameter-strength-ratio-and-substance.json	827	1	0	0	0	0	0	0	0	3	0	0	0	0	0	0	0	0	0	0	9	5	0	0	0	0	0	0
fsh-generated/resources/StructureDefinition-AD.json	686	2	0	6	0	0	0	0	0	29	0	0	0	0	0	0	0	0	0	0	19	455	0	0	0	1	1	0
fsh-generated/resources/StructureDefinition-ANY.json	880	2	0	6	0	0	0	0	0	6	0	0	1	0	0	0	0	0	0	0	20	140	0	0	0	0	0	0
fsh-generated/resources/StructureDefinition-BL.json	685	1	0	8	0	0	0	0	0	5	0	0	0	0	0	0	0	0	0	0	18	97	0	0	0	1	0	0
fsh-generated/resources/StructureDefinition-CD.json	653	2	0	7	0	0	0	0	0	6	0	0	0	0	0	0	0	0	0	0	18	122	0	0	0	0	0	0
fsh-generated/resources/StructureDefinition-Class.json	628	1	0	11	0	0	0	0	0	5	0	0	0	0	0	0	0	0	0	0	22	100	0	0	0	1	0	0
fsh-generated/resources/StructureDefinition-CrossBorderProduct.json	14330	4	0	34	1	0	0	0	0	23	0	0	0	0	0	0	0	1	0	0	142	336	0	1	0	4	0	1
fsh-generated/resources/StructureDefinition-DT.json	550	2	0	12	0	0	0	0	0	6	0	0	0	0	0	0	0	0	0	0	19	74	0	0	0	0	0	0
fsh-generated/resources/StructureDefinition-EN.json	691	2	0	10	0	0	0	0	0	5	0	0	0	0	0	0	0	0	0	0	20	80	0	0	0	1	0	0
fsh-generated/resources/StructureDefinition-FullMedicinalProduct.json	46979	8	0	120	0	0	0	0	0	203	0	0	0	0	0	0	0	1	0	0	492	846	0	0	0	13	0	1
fsh-generated/resources/StructureDefinition-II.json	777	2	0	12	0	0	0	0	0	5	0	0	0	0	0	0	0	0	0	0	22	66	0	0	0	1	0	0
fsh-generated/resources/StructureDefinition-INT.json	758	2	0	15	0	0	0	0	0	5	0	0	0	0	0	0	0	0	0	0	20	57	0	0	0	1	0	0
fsh-generated/resources/StructureDefinition-ManufacturedMaterial.json	18226	5	0	38	0	0	0	0	0	25	0	0	0	0	0	0	0	0	0	0	210	342	0	0	0	7	0	1
fsh-generated/resources/StructureDefinition-MedicationAsManufacturedItem.json	2553	2	0	49	0	0	0	0	0	17	0	0	0	0	0	0	0	1	0	0	103	222	0	0	0	3	0	0
fsh-generated/resources/StructureDefinition-MedicationAsMedicinalProduct.json	5557	4	0	76	0	0	0	0	0	22	0	0	0	0	0	0	0	0	0	0	147	284	0	0	0	5	0	0
fsh-generated/resources/StructureDefinition-MedicationModel.json	14031	4	0	27	0	0	0	0	0	19	0	0	0	0	0	0	0	1	0	0	132	206	0	0	0	3	0	0
fsh-generated/resources/StructureDefinition-PPLAdministrableProductDefinition.json	3204	2	0	118	0	0	0	0	0	14	0	0	1	0	0	0	0	0	0	0	116	222	0	0	0	4	0	1
fsh-generated/resources/StructureDefinition-PPLIngredient.json	8226	4	0	56	0	0	0	0	0	25	0	0	0	0	0	0	0	1	0	0	221	314	0	0	0	12	0	0
fsh-generated/resources/StructureDefinition-PPLManufacturedItemDefinition.json	1537	2	0	17	0	0	0	0	0	7	0	0	0	0	0	0	0	0	0	0	85	178	0	0	0	4	0	1
fsh-generated/resources/StructureDefinition-PPLMedicinalProductDefinition.json	11046	5	0	32	0	0	0	0	0	54	0	0	0	0	0	0	0	1	0	0	403	797	0	0	0	19	0	1
fsh-generated/resources/StructureDefinition-PPLOrganization.json	1950	2	0	36	1	0	0	0	0	10	0	0	0	0	0	0	0	1	0	0	106	248	0	0	0	5	1	0
fsh-generated/resources/StructureDefinition-PPLPackagedProductDefinition.json	8283	4	0	59	0	0	0	0	0	27	0	0	0	0	0	0	0	1	0	0	318	574	0	0	0	14	0	1
fsh-generated/resources/StructureDefinition-PPLRegulatedAuthorization.json	3527	2	0	13	0	0	0	0	0	16	0	0	0	0	0	0	0	0	0	0	139	181	0	0	0	6	0	0
fsh-generated/resources/StructureDefinition-PQ.json	852	2	0	2	0	0	0	0	0	4	0	0	0	0	0	0	0	0	0	0	20	55	0	0	0	1	0	0
fsh-generated/resources/StructureDefinition-REAL.json	815	1	0	3	0	0	0	1	0	3	0	0	0	0	0	0	0	0	0	0	19	46	0	0	0	1	0	0
fsh-generated/resources/StructureDefinition-RTO.json	662	2	0	1	0	0	0	0	0	3	0	0	0	0	0	0	0	0	0	0	21	47	0	0	0	0	0	0
fsh-generated/resources/StructureDefinition-ST.json	563	2	0	2	0	0	0	0	0	3	0	0	0	0	0	0	0	0	0	0	19	38	0	0	0	1	0	0
fsh-generated/resources/StructureDefinition-SctClinicalDrug.json	9361	3	0	12	0	0	0	0	0	9	0	0	0	0	0	0	0	1	0	0	107	144	0	0	0	4	0	1
fsh-generated/resources/StructureDefinition-TS.json	682	2	0	3	0	0	0	0	0	3	0	0	0	0	0	0	0	0	0	0	19	56	0	0	0	1	0	0
fsh-generated/resources/StructureDefinition-TransitionAdministrableProductDefinition.json	2627	2	0	63	0	0	0	0	0	8	0	0	0	0	0	0	0	0	0	0	111	207	0	0	0	4	0	0
fsh-generated/resources/StructureDefinition-TransitionIngredient.json	4567	2	0	17	1	0	0	0	0	12	0	0	0	0	0	0	0	0	0	0	128	205	0	0	0	6	0	0
fsh-generated/resources/StructureDefinition-TransitionManufacturedItemDefinition.json	1397	2	0	5	0	0	0	0	0	7	0	0	1	0	0	0	0	1	0	0	85	134	0	0	0	3	0	1
fsh-generated/resources/StructureDefinition-TransitionMedicinalProductDefinition.json	9741	3	0	17	0	0	0	0	0	43	0	0	0	0	0	0	0	1	0	0	398	478	0	0	0	17	0	1
fsh-generated/resources/StructureDefinition-TransitionOrganization.json	2030	2	0	16	0	0	0	0	0	12	0	0	0	0	0	0	0	1	0	0	107	177	0	0	0	9	0	0
fsh-generated/resources/StructureDefinition-TransitionPackagedProductDefinition.json	4902	2	0	20	0	0	0	0	0	13	0	0	0	0	0	0	0	0	0	0	157	208	0	0	0	7	0	0
fsh-generated/resources/StructureDefinition-TransitionRegulatedAuthorization.json	3024	2	0	19	0	0	0	0	0	12	0	0	0	0	0	0	0	0	0	0	111	183	0	0	0	5	0	0
fsh-generated/resources/StructureDefinition-Untyped.json	678	1	0	3	0	0	0	0	0	3	0	0	0	0	0	0	0	0	0	0	19	38	0	0	0	1	0	0
fsh-generated/resources/StructureDefinition-administrable-doseform.json	1534	2	0	3	0	0	0	0	0	5	0	0	0	0	0	0	0	0	0	0	29	56	0	0	0	1	0	1
fsh-generated/resources/StructureDefinition-medicinal-product-classification.json	1420	2	0	4	0	0	0	0	0	4	0	0	0	0	0	0	0	0	0	0	27	61	0	0	0	1	0	0
fsh-generated/resources/StructureDefinition-medicinal-product-name.json	1375	2	0	3	0	0	0	0	0	5	0	0	0	0	0	0	0	1	0	0	27	48	0	0	0	1	0	0
fsh-generated/resources/ValueSet-administration-device.json	32666	4	0	0	0	0	0	0	1	471	0	0	0	0	0	0	0	0	0	0	39	694	0	0	0	2	0	0
fsh-generated/resources/ValueSet-administration-method.json	2215	2	0	0	0	0	0	0	0	313	0	0	0	0	0	0	0	0	0	0	10	346	0	0	0	1	0	0
fsh-generated/resources/ValueSet-all-units-vs.json	576	2	0	0	0	0	0	0	0	2	0	0	0	0	0	0	0	0	0	0	8	836	0	0	0	0	0	0
fsh-generated/resources/ValueSet-atc-spor-vs.json	480	1	0	0	0	0	0	0	0	1	0	0	0	0	0	0	0	0	0	0	7	1806	0	0	0	0	0	0
fsh-generated/resources/ValueSet-authorised-doseform-vs.json	830	2	0	0	0	0	0	0	0	2	0	0	0	0	0	0	0	0	0	0	8	1062	0	1	0	0	0	0
fsh-generated/resources/ValueSet-basic-dose-form.json	5077	2	0	0	1	0	0	0	1	332	0	0	0	0	0	0	0	0	0	0	13	362	0	0	0	1	0	0
fsh-generated/resources/ValueSet-closure.json	10939	2	0	0	0	0	0	0	0	325	0	0	0	0	0	0	0	0	0	0	19	369	0	0	0	0	0	0
fsh-generated/resources/ValueSet-combination-pack.json	14393	3	0	0	0	0	0	0	1	353	0	0	0	0	0	0	0	0	0	0	24	408	0	0	0	1	0	0
fsh-generated/resources/ValueSet-combined-pharmaceutical-dose-form.json	79162	7	0	0	0	0	0	0	1	549	0	0	0	0	0	0	0	0	0	0	114	597	0	0	0	7	0	0
fsh-generated/resources/ValueSet-combined-term.json	75629	7	0	0	0	0	0	0	1	534	0	0	0	0	0	0	0	1	0	0	102	615	0	0	0	5	0	0
fsh-generated/resources/ValueSet-container.json	34989	5	0	0	0	0	0	0	1	413	0	0	0	0	0	0	0	0	0	0	44	491	0	0	0	3	0	0
fsh-generated/resources/ValueSet-country-ema-vs.json	404	2	0	0	0	0	0	0	0	2	0	0	0	0	0	0	0	0	0	0	7	358	0	0	0	0	0	0
fsh-generated/resources/ValueSet-country-iso-vs.json	388	2	0	0	0	0	0	0	0	1	0	0	0	0	0	0	0	0	0	0	7	373	0	0	0	0	0	0
fsh-generated/resources/ValueSet-domain-vs.json	411	1	0	0	0	0	1	0	0	2	0	0	0	0	0	0	0	0	0	0	7	26	0	0	0	0	0	0
fsh-generated/resources/ValueSet-ehdsi-ucum-unit.json	214916	18	0	0	0	0	0	0	5	3242	0	0	0	0	0	0	0	1	0	0	236	3615	0	0	0	18	0	1
fsh-generated/resources/ValueSet-intended-site.json	2556	4	0	0	0	0	0	0	0	324	0	0	0	0	0	0	0	0	0	0	10	341	0	0	0	0	0	0
fsh-generated/resources/ValueSet-language-bcp-vs.json	384	1	0	0	0	0	0	0	0	2	0	0	0	0	0	0	0	0	0	0	8	386	0	0	0	0	0	0
fsh-generated/resources/ValueSet-language-ema-vs.json	408	2	0	0	0	0	0	0	0	2	0	0	0	0	0	0	0	0	0	0	9	262	0	0	0	0	0	0
fsh-generated/resources/ValueSet-legal-status-for-the-supply-vs.json	457	1	0	0	0	0	0	0	0	3	0	0	0	0	0	0	0	0	0	0	7	38	0	0	0	1	0	0
fsh-generated/resources/ValueSet-marketing-status-spor-vs.json	429	2	0	0	0	0	0	0	0	2	0	0	0	0	0	0	0	0	0	0	10	27	0	0	0	0	0	0
fsh-generated/resources/ValueSet-material-vs.json	404	1	0	0	0	0	0	0	0	2	0	0	0	0	0	0	0	0	0	0	9	91	0	0	0	0	0	0
fsh-generated/resources/ValueSet-packaging-category.json	785	2	0	0	0	0	0	0	0	420	0	0	0	0	0	0	0	0	0	0	10	396	0	0	0	0	0	0
fsh-generated/resources/ValueSet-packaging-spor-vs.json	395	1	0	0	1	0	0	0	0	2	0	0	0	0	0	0	0	0	0	0	9	141	0	0	0	0	0	0
fsh-generated/resources/ValueSet-patient-friendly-term.json	38809	4	0	0	0	0	0	0	1	426	0	0	0	0	0	0	0	1	0	0	46	442	0	0	0	1	0	0
fsh-generated/resources/ValueSet-pharmaceutical-dose-form.json	496728	34	0	0	0	0	0	0	10	1331	0	0	0	0	0	0	0	3	0	0	553	1487	0	0	0	28	0	2
fsh-generated/resources/ValueSet-pharmaceutical-doseform-vs.json	494	2	0	0	0	0	0	0	0	2	0	0	0	0	0	0	0	0	0	0	8	718	0	0	0	0	0	0
fsh-generated/resources/ValueSet-record-status-spor-vs.json	429	1	0	0	0	0	0	0	0	1	0	0	0	0	0	0	0	0	0	0	7	28	0	0	0	0	0	0
fsh-generated/resources/ValueSet-regulatory-status-spor-vs.json	458	1	0	0	0	0	0	0	0	2	0	0	0	0	0	0	0	0	0	0	10	50	0	0	0	0	0	0
fsh-generated/resources/ValueSet-route-of-administration.json	86248	8	0	0	0	0	0	0	2	486	0	0	0	0	0	0	0	0	0	0	92	542	0	0	0	5	0	0
fsh-generated/resources/ValueSet-routes-and-methods-of-administration-vs.json	558	1	0	0	0	0	0	0	0	2	0	0	0	0	0	0	0	0	0	0	7	189	0	0	0	0	0	0
fsh-generated/resources/ValueSet-shelflifetype-spor-vs.json	419	2	0	0	0	0	0	0	0	1	0	0	0	0	0	0	0	0	0	0	7	390	0	0	0	0	0	0
fsh-generated/resources/ValueSet-substances-vs.json	430	1	0	0	0	0	0	0	0	2	0	0	0	0	0	0	0	0	0	0	6	156	0	0	0	0	0	0
fsh-generated/resources/ValueSet-unit-of-measurement-vs.json	464	2	0	0	0	0	0	0	0	2	0	0	0	0	0	0	0	0	0	0	7	638	0	0	0	0	0	0
fsh-generated/resources/ValueSet-unit-of-presentation-vs.json	469	2	0	0	0	0	0	0	0	1	0	0	0	0	0	0	0	0	0	0	8	91	0	0	0	0	0	0
fsh-generated/resources/ValueSet-unit-of-presentation.json	43057	5	0	0	0	0	0	0	2	592	0	0	0	0	0	0	0	0	0	0	45	451	0	0	0	2	0	0
fsh-generated/resources/ValueSet-whoatc-unicom.json	921	1	0	0	0	0	0	0	0	2	0	0	0	0	0	0	0	0	0	0	8	10029	0	0	0	0	0	0
