{
  "resourceType" : "AdministrableProductDefinition",
  "id" : "CanifugCremolum-100mg-Pessary-EE-APD",
  "meta" : {
    "profile" : ["http://unicom-project.eu/fhir/StructureDefinition/PPLAdministrableProductDefinition"]
  },
  "text" : {
    "status" : "generated",
    "div" : "<div xmlns=\"http://www.w3.org/1999/xhtml\"><p><b>Generated Narrative: AdministrableProductDefinition</b><a name=\"CanifugCremolum-100mg-Pessary-EE-APD\"> </a></p><div style=\"display: inline-block; background-color: #d9e0e7; padding: 6px; margin: 4px; border: 1px solid #8da1b4; border-radius: 5px; line-height: 60%\"><p style=\"margin-bottom: 0px\">Resource AdministrableProductDefinition &quot;CanifugCremolum-100mg-Pessary-EE-APD&quot; </p><p style=\"margin-bottom: 0px\">Profile: <a href=\"StructureDefinition-PPLAdministrableProductDefinition.html\">PPL Administrable Product profile</a></p></div><p><b>status</b>: active</p><p><b>formOf</b>: <a href=\"MedicinalProductDefinition-CanifugCremolum-EE-MPD.html\">MedicinalProductDefinition/CanifugCremolum-EE-MPD</a></p><p><b>administrableDoseForm</b>: Pessary <span style=\"background: LightGoldenRodYellow; margin: 4px; border: 1px solid khaki\"> (<a href=\"CodeSystem-pharmaceutical-dose-form-ema-cs.html\">Pharmaceutical Dose Form EMA</a>#100000073815)</span></p><p><b>unitOfPresentation</b>: Pessary <span style=\"background: LightGoldenRodYellow; margin: 4px; border: 1px solid khaki\"> (<a href=\"CodeSystem-unit-of-presentation-ema-cs.html\">Unit of Presentation EMA</a>#200000002137)</span></p><p><b>producedFrom</b>: <a href=\"ManufacturedItemDefinition-CanifugCremolum-100mg-Pessary-EE-MID.html\">ManufacturedItemDefinition/CanifugCremolum-100mg-Pessary-EE-MID</a></p><h3>RouteOfAdministrations</h3><table class=\"grid\"><tr><td style=\"display: none\">-</td><td><b>Code</b></td></tr><tr><td style=\"display: none\">*</td><td>Vaginal use <span style=\"background: LightGoldenRodYellow; margin: 4px; border: 1px solid khaki\"> (<a href=\"CodeSystem-routes-and-methods-of-administration-ema-cs.html\">Routes and Methods of Administration EMA</a>#100000073639)</span></td></tr></table></div>"
  },
  "status" : "active",
  "formOf" : [{
    "reference" : "MedicinalProductDefinition/CanifugCremolum-EE-MPD"
  }],
  "administrableDoseForm" : {
    "coding" : [{
      "system" : "https://spor.ema.europa.eu/v1/lists/200000000004",
      "code" : "100000073815",
      "display" : "Pessary"
    }]
  },
  "unitOfPresentation" : {
    "coding" : [{
      "system" : "https://spor.ema.europa.eu/v1/lists/200000000014",
      "code" : "200000002137",
      "display" : "Pessary"
    }]
  },
  "producedFrom" : [{
    "reference" : "ManufacturedItemDefinition/CanifugCremolum-100mg-Pessary-EE-MID"
  }],
  "routeOfAdministration" : [{
    "code" : {
      "coding" : [{
        "system" : "https://spor.ema.europa.eu/v1/lists/100000073345",
        "code" : "100000073639",
        "display" : "Vaginal use"
      }]
    }
  }]
}