{
  "resourceType" : "SearchParameter",
  "id" : "strength-presentation-ratio-denominator",
  "text" : {
    "status" : "generated",
    "div" : "<div xmlns=\"http://www.w3.org/1999/xhtml\"><h2>strength-presentation-ratio-numerator</h2><p>Parameter <code>strength-presentation-ratio-denominator</code>:<code>quantity</code></p><div><p>Possiblity to search for Ingredient.substance.strength.presentation.ofType(Ratio).denominator</p>\n</div><table class=\"grid\"><tr><td>Resource</td><td><a href=\"http://hl7.org/fhir/R5/ingredient.html\">Ingredient</a></td></tr><tr><td>Expression</td><td><code>Ingredient.substance.strength.presentation.ofType(Ratio).denominator</code></td></tr><tr><td>Processing Mode</td><td>Normal</td></tr><tr><td>Multiples</td><td><ul><li>multipleAnd: It's up to the server whether the parameter may repeat in order to specify multiple values that must all be true</li><li>multipleOr: It's up to the server whether the parameter can have multiple values (separated by comma) where at least one must be true</li></ul></td></tr></table></div>"
  },
  "url" : "http://unicom-project.eu/fhir/SearchParameter/strength-presentation-ratio-denominator",
  "version" : "0.1.0",
  "name" : "strength-presentation-ratio-numerator",
  "status" : "active",
  "date" : "2023-12-11T14:40:01+00:00",
  "publisher" : "UNICOM",
  "contact" : [{
    "name" : "UNICOM",
    "telecom" : [{
      "system" : "url",
      "value" : "http://unicom-project.eu"
    }]
  }],
  "description" : "Possiblity to search for Ingredient.substance.strength.presentation.ofType(Ratio).denominator",
  "code" : "strength-presentation-ratio-denominator",
  "base" : ["Ingredient"],
  "type" : "quantity",
  "expression" : "Ingredient.substance.strength.presentation.ofType(Ratio).denominator",
  "processingMode" : "normal"
}