{
  "resourceType" : "ValueSet",
  "id" : "intended-site",
  "text" : {
    "status" : "generated",
    "div" : "<div xmlns=\"http://www.w3.org/1999/xhtml\"><ul><li>Include these codes as defined in <code>https://standardterms.edqm.eu</code><table class=\"none\"><tr><td style=\"white-space:nowrap\"><b>Code</b></td><td><b>Display</b></td></tr><tr><td>0021</td><td>Auricular</td></tr><tr><td>0022</td><td>Cutaneous/Transdermal</td></tr><tr><td>0023</td><td>Dental</td></tr><tr><td>0024</td><td>Environmental</td></tr><tr><td>0025</td><td>Extracorporeal</td></tr><tr><td>0026</td><td>Intramammary</td></tr><tr><td>0027</td><td>Intrauterine</td></tr><tr><td>0028</td><td>Intravesical/Urethral</td></tr><tr><td>0029</td><td>Nasal</td></tr><tr><td>0030</td><td>Ocular</td></tr><tr><td>0031</td><td>Oral</td></tr><tr><td>0032</td><td>Oromucosal</td></tr><tr><td>0033</td><td>Parenteral</td></tr><tr><td>0034</td><td>Pulmonary</td></tr><tr><td>0035</td><td>Rectal</td></tr><tr><td>0036</td><td>Vaginal</td></tr><tr><td>0037</td><td>Unknown/Miscellaneous</td></tr><tr><td>0105</td><td>Endocervical</td></tr><tr><td>0106</td><td>Gastric</td></tr><tr><td>0107</td><td>Gastroenteral</td></tr><tr><td>0108</td><td>Intestinal</td></tr><tr><td>0109</td><td>Intraperitoneal</td></tr><tr><td>0110</td><td>Oculonasal</td></tr></table></li></ul></div>"
  },
  "url" : "http://unicom-project.eu/fhir/ValueSet/intended-site",
  "version" : "0.1.0",
  "name" : "IntendedSite",
  "title" : "EDQM Intended Site",
  "status" : "active",
  "experimental" : false,
  "date" : "2023-12-11T14:40:01+00:00",
  "publisher" : "UNICOM",
  "contact" : [{
    "name" : "UNICOM",
    "telecom" : [{
      "system" : "url",
      "value" : "http://unicom-project.eu"
    }]
  }],
  "description" : "ValueSet Intended site from EDQM, ISI, see https://standardterms.edqm.eu/#",
  "immutable" : false,
  "compose" : {
    "include" : [{
      "system" : "https://standardterms.edqm.eu",
      "concept" : [{
        "code" : "0021",
        "display" : "Auricular"
      },
      {
        "code" : "0022",
        "display" : "Cutaneous/Transdermal"
      },
      {
        "code" : "0023",
        "display" : "Dental"
      },
      {
        "code" : "0024",
        "display" : "Environmental"
      },
      {
        "code" : "0025",
        "display" : "Extracorporeal"
      },
      {
        "code" : "0026",
        "display" : "Intramammary"
      },
      {
        "code" : "0027",
        "display" : "Intrauterine"
      },
      {
        "code" : "0028",
        "display" : "Intravesical/Urethral"
      },
      {
        "code" : "0029",
        "display" : "Nasal"
      },
      {
        "code" : "0030",
        "display" : "Ocular"
      },
      {
        "code" : "0031",
        "display" : "Oral"
      },
      {
        "code" : "0032",
        "display" : "Oromucosal"
      },
      {
        "code" : "0033",
        "display" : "Parenteral"
      },
      {
        "code" : "0034",
        "display" : "Pulmonary"
      },
      {
        "code" : "0035",
        "display" : "Rectal"
      },
      {
        "code" : "0036",
        "display" : "Vaginal"
      },
      {
        "code" : "0037",
        "display" : "Unknown/Miscellaneous"
      },
      {
        "code" : "0105",
        "display" : "Endocervical"
      },
      {
        "code" : "0106",
        "display" : "Gastric"
      },
      {
        "code" : "0107",
        "display" : "Gastroenteral"
      },
      {
        "code" : "0108",
        "display" : "Intestinal"
      },
      {
        "code" : "0109",
        "display" : "Intraperitoneal"
      },
      {
        "code" : "0110",
        "display" : "Oculonasal"
      }]
    }]
  }
}