{"resourceType":"CodeSystem","id":"legal-status-for-the-supply-ema-cs","text":{"status":"generated","div":"<div xmlns=\"http://www.w3.org/1999/xhtml\"><p>This code system <code>https://spor.ema.europa.eu/v1/lists/100000072051</code> defines the following codes:</p><table class=\"codes\"><tr><td style=\"white-space:nowrap\"><b>Code</b></td><td><b>Display</b></td></tr><tr><td style=\"white-space:nowrap\">100000072076<a name=\"legal-status-for-the-supply-ema-cs-100000072076\"> </a></td><td>Medicinal product not subject to medical prescription</td></tr><tr><td style=\"white-space:nowrap\">100000072077<a name=\"legal-status-for-the-supply-ema-cs-100000072077\"> </a></td><td>Medicinal product on medical prescription for renewable or non-renewable delivery</td></tr><tr><td style=\"white-space:nowrap\">100000072078<a name=\"legal-status-for-the-supply-ema-cs-100000072078\"> </a></td><td>Medicinal product subject to restricted medical prescription</td></tr><tr><td style=\"white-space:nowrap\">100000072079<a name=\"legal-status-for-the-supply-ema-cs-100000072079\"> </a></td><td>Medicinal product on medical prescription for non-renewable delivery</td></tr><tr><td style=\"white-space:nowrap\">100000072084<a name=\"legal-status-for-the-supply-ema-cs-100000072084\"> </a></td><td>Medicinal product subject to medical prescription</td></tr><tr><td style=\"white-space:nowrap\">100000072085<a name=\"legal-status-for-the-supply-ema-cs-100000072085\"> </a></td><td>Medicinal product subject to special medical prescription</td></tr><tr><td style=\"white-space:nowrap\">100000072086<a name=\"legal-status-for-the-supply-ema-cs-100000072086\"> </a></td><td>Medicinal product on medical prescription for renewable delivery</td></tr><tr><td style=\"white-space:nowrap\">100000157313<a name=\"legal-status-for-the-supply-ema-cs-100000157313\"> </a></td><td>Medicinal product subject to special and restricted medical prescription</td></tr></table></div>"},"url":"https://spor.ema.europa.eu/v1/lists/100000072051","version":"0.1.0","name":"LegalStatusForTheSupply_EMA_CS","title":"Legal Status for the Supply EMA","status":"draft","date":"2022-11-29T21:56:36+00:00","publisher":"UNICOM","contact":[{"name":"UNICOM","telecom":[{"system":"url","value":"http://medigree.net"}]}],"description":"Legal status of supply. EMA SPOR RMS list.","caseSensitive":false,"compositional":false,"content":"complete","count":8,"concept":[{"code":"100000072076","display":"Medicinal product not subject to medical prescription"},{"code":"100000072077","display":"Medicinal product on medical prescription for renewable or non-renewable delivery"},{"code":"100000072078","display":"Medicinal product subject to restricted medical prescription"},{"code":"100000072079","display":"Medicinal product on medical prescription for non-renewable delivery"},{"code":"100000072084","display":"Medicinal product subject to medical prescription"},{"code":"100000072085","display":"Medicinal product subject to special medical prescription"},{"code":"100000072086","display":"Medicinal product on medical prescription for renewable delivery"},{"code":"100000157313","display":"Medicinal product subject to special and restricted medical prescription"}]}