{"resourceType":"ValueSet","id":"language-bcp-vs","text":{"status":"generated","div":"<div xmlns=\"http://www.w3.org/1999/xhtml\"><ul><li>Include all codes defined in <code>http://hl7.org/fhir/ValueSet/all-languages</code></li></ul></div>"},"url":"http://unicom-project.eu/fhir/ValueSet/language-bcp-vs","version":"0.1.0","name":"LanguageBCP","title":"Language (FHIR)","status":"active","date":"2022-11-29T21:56:36+00:00","publisher":"UNICOM","contact":[{"name":"UNICOM","telecom":[{"system":"url","value":"http://medigree.net"}]}],"description":"All languages","compose":{"include":[{"system":"http://hl7.org/fhir/ValueSet/all-languages"}]}}