{
  "resourceType" : "PackagedProductDefinition",
  "id" : "Cefuroxime-MIP-1500mg-EE-PPD-1529962",
  "meta" : {
    "profile" : ["http://unicom-project.eu/fhir/StructureDefinition/PPLPackagedProductDefinition"]
  },
  "text" : {
    "status" : "generated",
    "div" : "<div xmlns=\"http://www.w3.org/1999/xhtml\"><p class=\"res-header-id\"><b>Generated Narrative: PackagedProductDefinition Cefuroxime-MIP-1500mg-EE-PPD-1529962</b></p><a name=\"Cefuroxime-MIP-1500mg-EE-PPD-1529962\"> </a><a name=\"hcCefuroxime-MIP-1500mg-EE-PPD-1529962\"> </a><a name=\"Cefuroxime-MIP-1500mg-EE-PPD-1529962-en-US\"> </a><p><b>identifier</b>: <code>http://ema.europa.eu/example/pcid</code>/EE-100009199-27834-1529962</p><p><b>packageFor</b>: <a href=\"MedicinalProductDefinition-Cefuroxime-MIP-1500mg-EE-MPD.html\">MedicinalProductDefinition: identifier = http://ema.europa.eu/fhir/mpId#EE-100009199-27834,http://ema.europa.eu/fhir/pmsId#EE0000002; domain = Human use; status = Current; combinedPharmaceuticalDoseForm = Powder for solution for injection/infusion; legalStatusOfSupply = Medicinal Product subject to medical prescription; classification = Cefuroxime,cefuroxime</a></p><p><b>containedItemQuantity</b>: 10 Vial<span style=\"background: LightGoldenRodYellow\"> (Details: Unit of Presentation EMA  code200000002158 = 'Vial')</span></p><p><b>description</b>: </p><div><p>I tüüpi klaasist viaal, mis on suletud klorobutüülkummist korgi ning flip-off kattega, 10 viaali</p>\n</div><h3>MarketingStatuses</h3><table class=\"grid\"><tr><td style=\"display: none\">-</td><td><b>Country</b></td><td><b>Status</b></td></tr><tr><td style=\"display: none\">*</td><td><span title=\"Codes:{https://spor.ema.europa.eu/v1/lists/100000000002 100000000388}\">Republic of Estonia</span></td><td><span title=\"Codes:{https://spor.ema.europa.eu/v1/lists/100000072052 100000072083}\">Marketed</span></td></tr></table><blockquote><p><b>packaging</b></p><p><b>type</b>: <span title=\"Codes:{https://spor.ema.europa.eu/v1/lists/100000073346 100000073498}\">Box</span></p><p><b>quantity</b>: 1</p><p><b>material</b>: <span title=\"Codes:{https://spor.ema.europa.eu/v1/lists/200000003199 200000003529}\">Cardboard</span></p><blockquote><p><b>packaging</b></p></blockquote></blockquote></div>"
  },
  "identifier" : [{
    "system" : "http://ema.europa.eu/example/pcid",
    "value" : "EE-100009199-27834-1529962"
  }],
  "packageFor" : [{
    "reference" : "MedicinalProductDefinition/Cefuroxime-MIP-1500mg-EE-MPD"
  }],
  "containedItemQuantity" : [{
    "value" : 10,
    "unit" : "Vial",
    "system" : "https://spor.ema.europa.eu/v1/lists/200000000014",
    "code" : "200000002158"
  }],
  "description" : "I tüüpi klaasist viaal, mis on suletud klorobutüülkummist korgi ning flip-off kattega, 10 viaali",
  "marketingStatus" : [{
    "country" : {
      "coding" : [{
        "system" : "https://spor.ema.europa.eu/v1/lists/100000000002",
        "code" : "100000000388",
        "display" : "Republic of Estonia"
      }]
    },
    "status" : {
      "coding" : [{
        "system" : "https://spor.ema.europa.eu/v1/lists/100000072052",
        "code" : "100000072083",
        "display" : "Marketed"
      }]
    }
  }],
  "packaging" : {
    "type" : {
      "coding" : [{
        "system" : "https://spor.ema.europa.eu/v1/lists/100000073346",
        "code" : "100000073498",
        "display" : "Box"
      }]
    },
    "quantity" : 1,
    "material" : [{
      "coding" : [{
        "system" : "https://spor.ema.europa.eu/v1/lists/200000003199",
        "code" : "200000003529",
        "display" : "Cardboard"
      }]
    }],
    "packaging" : [{
      "type" : {
        "coding" : [{
          "system" : "https://spor.ema.europa.eu/v1/lists/100000073346",
          "code" : "100000073563",
          "display" : "vial"
        }]
      },
      "quantity" : 10,
      "material" : [{
        "coding" : [{
          "system" : "https://spor.ema.europa.eu/v1/lists/200000003199",
          "code" : "200000003204",
          "display" : "Glass type I"
        }]
      }],
      "containedItem" : [{
        "item" : {
          "reference" : {
            "reference" : "ManufacturedItemDefinition/Cefuroxime-MIP-1500mg-EE-MID"
          }
        },
        "amount" : {
          "value" : 1
        }
      }]
    }]
  }
}