{
  "resourceType" : "PackagedProductDefinition",
  "id" : "Agen-5mg-Tablet-EE-PPD-1109887-B",
  "meta" : {
    "profile" : ["http://unicom-project.eu/fhir/StructureDefinition/PPLPackagedProductDefinition"]
  },
  "text" : {
    "status" : "generated",
    "div" : "<div xmlns=\"http://www.w3.org/1999/xhtml\"><p class=\"res-header-id\"><b>Generated Narrative: PackagedProductDefinition Agen-5mg-Tablet-EE-PPD-1109887-B</b></p><a name=\"Agen-5mg-Tablet-EE-PPD-1109887-B\"> </a><a name=\"hcAgen-5mg-Tablet-EE-PPD-1109887-B\"> </a><a name=\"Agen-5mg-Tablet-EE-PPD-1109887-B-en-US\"> </a><p><b>identifier</b>: <code>http://ema.europa.eu/example/pcid</code>/EE-100002580-15547-1109887b</p><p><b>packageFor</b>: <a href=\"MedicinalProductDefinition-Agen-5mg-Tablet-EE-MPD.html\">MedicinalProductDefinition: identifier = http://ema.europa.eu/fhir/mpId#EE-100002580-15547; domain = Human use; status = Current; combinedPharmaceuticalDoseForm = Tablet; legalStatusOfSupply = Medicinal product subject to medical prescription; classification = amlodipine,amlodipine</a></p><p><b>containedItemQuantity</b>: 30 Tablet<span style=\"background: LightGoldenRodYellow\"> (Details: Unit of Presentation EMA  code200000002152 = 'Tablet')</span></p><p><b>description</b>: </p><div><p>Tabletid on pakendatud PVC/Al blistritesse (valged).</p>\n</div><h3>MarketingStatuses</h3><table class=\"grid\"><tr><td style=\"display: none\">-</td><td><b>Country</b></td><td><b>Status</b></td></tr><tr><td style=\"display: none\">*</td><td><span title=\"Codes:{https://spor.ema.europa.eu/v1/lists/100000000002 100000000388}\">Republic of Estonia</span></td><td><span title=\"Codes:{https://spor.ema.europa.eu/v1/lists/100000072052 100000072083}\">Marketed</span></td></tr></table><blockquote><p><b>packaging</b></p><p><b>type</b>: <span title=\"Codes:{https://spor.ema.europa.eu/v1/lists/100000073346 100000073498}\">Box</span></p><p><b>quantity</b>: 1</p><p><b>material</b>: <span title=\"Codes:{https://spor.ema.europa.eu/v1/lists/200000003199 200000003529}\">Cardboard</span></p><blockquote><p><b>packaging</b></p></blockquote></blockquote></div>"
  },
  "identifier" : [{
    "system" : "http://ema.europa.eu/example/pcid",
    "value" : "EE-100002580-15547-1109887b"
  }],
  "packageFor" : [{
    "reference" : "MedicinalProductDefinition/Agen-5mg-Tablet-EE-MPD"
  }],
  "containedItemQuantity" : [{
    "value" : 30,
    "unit" : "Tablet",
    "system" : "https://spor.ema.europa.eu/v1/lists/200000000014",
    "code" : "200000002152"
  }],
  "description" : "Tabletid on pakendatud PVC/Al blistritesse (valged).",
  "marketingStatus" : [{
    "country" : {
      "coding" : [{
        "system" : "https://spor.ema.europa.eu/v1/lists/100000000002",
        "code" : "100000000388",
        "display" : "Republic of Estonia"
      }]
    },
    "status" : {
      "coding" : [{
        "system" : "https://spor.ema.europa.eu/v1/lists/100000072052",
        "code" : "100000072083",
        "display" : "Marketed"
      }]
    }
  }],
  "packaging" : {
    "type" : {
      "coding" : [{
        "system" : "https://spor.ema.europa.eu/v1/lists/100000073346",
        "code" : "100000073498",
        "display" : "Box"
      }]
    },
    "quantity" : 1,
    "material" : [{
      "coding" : [{
        "system" : "https://spor.ema.europa.eu/v1/lists/200000003199",
        "code" : "200000003529",
        "display" : "Cardboard"
      }]
    }],
    "packaging" : [{
      "type" : {
        "coding" : [{
          "system" : "https://spor.ema.europa.eu/v1/lists/100000073346",
          "code" : "100000073496",
          "display" : "Blister"
        }]
      },
      "quantity" : 1,
      "material" : [{
        "coding" : [{
          "system" : "https://spor.ema.europa.eu/v1/lists/200000003199",
          "code" : "200000003222",
          "display" : "PolyVinyl Chloride"
        }]
      },
      {
        "coding" : [{
          "system" : "https://spor.ema.europa.eu/v1/lists/200000003199",
          "code" : "200000003200",
          "display" : "Aluminium"
        }]
      }],
      "containedItem" : [{
        "item" : {
          "reference" : {
            "reference" : "ManufacturedItemDefinition/Agen-5mg-Tablet-EE-MID"
          }
        },
        "amount" : {
          "value" : 30
        }
      }]
    }]
  }
}