{
  "resourceType" : "ValueSet",
  "id" : "route-of-administration",
  "text" : {
    "status" : "generated",
    "div" : "<div xmlns=\"http://www.w3.org/1999/xhtml\"><p class=\"res-header-id\"><b>Generated Narrative: ValueSet route-of-administration</b></p><a name=\"route-of-administration\"> </a><a name=\"hcroute-of-administration\"> </a><a name=\"route-of-administration-en-US\"> </a><ul><li>Include these codes as defined in <code>https://standardterms.edqm.eu</code><table class=\"none\"><tr><td style=\"white-space:nowrap\"><b>Code</b></td><td><b>Display</b></td></tr><tr><td>20001000</td><td>Auricular use</td></tr><tr><td>20002000</td><td>Beak dipping</td></tr><tr><td>20002500</td><td>Buccal use</td></tr><tr><td>20003000</td><td>Cutaneous use</td></tr><tr><td>20004000</td><td>Dental use</td></tr><tr><td>20005000</td><td>Dipping</td></tr><tr><td>20006000</td><td>Endocervical use</td></tr><tr><td>20007000</td><td>Endosinusial use</td></tr><tr><td>20008000</td><td>Endotracheopulmonary use</td></tr><tr><td>20009000</td><td>Epidural use</td></tr><tr><td>20010000</td><td>Epilesional use</td></tr><tr><td>20011000</td><td>Extraamniotic use</td></tr><tr><td>20011500</td><td>Extracorporeal use</td></tr><tr><td>20012000</td><td>Foot-stab use</td></tr><tr><td>20013000</td><td>Gastroenteral use</td></tr><tr><td>20013500</td><td>Gastric use</td></tr><tr><td>20014000</td><td>Gingival use</td></tr><tr><td>20015000</td><td>Haemodialysis</td></tr><tr><td>20015500</td><td>Implantation</td></tr><tr><td>20015700</td><td>In drinking water use</td></tr><tr><td>20016000</td><td>In drinking water/milk use</td></tr><tr><td>20017000</td><td>In ovo</td></tr><tr><td>20018000</td><td>In-feed use</td></tr><tr><td>20019000</td><td>In-hive use</td></tr><tr><td>20019500</td><td>Infiltration</td></tr><tr><td>20020000</td><td>Inhalation use</td></tr><tr><td>20021000</td><td>Intestinal use</td></tr><tr><td>20022000</td><td>Intraamniotic use</td></tr><tr><td>20023000</td><td>Intraarterial use</td></tr><tr><td>20024000</td><td>Intraarticular use</td></tr><tr><td>20025000</td><td>Intrabursal use</td></tr><tr><td>20025500</td><td>Intracameral use</td></tr><tr><td>20026000</td><td>Intracardiac use</td></tr><tr><td>20026500</td><td>Intracartilaginous use</td></tr><tr><td>20027000</td><td>Intracavernous use</td></tr><tr><td>20027010</td><td>Intracerebral use</td></tr><tr><td>20028000</td><td>Intracervical use</td></tr><tr><td>20028300</td><td>Intracholangiopancreatic use</td></tr><tr><td>20028500</td><td>Intracisternal use</td></tr><tr><td>20029000</td><td>Intracoronary use</td></tr><tr><td>20030000</td><td>Intradermal use</td></tr><tr><td>20031000</td><td>Intradiscal use</td></tr><tr><td>20031500</td><td>Intraepidermal use</td></tr><tr><td>20031700</td><td>Intraglandular use</td></tr><tr><td>20032000</td><td>Intralesional use</td></tr><tr><td>20033000</td><td>Intralymphatic use</td></tr><tr><td>20034000</td><td>Intramammary use</td></tr><tr><td>20035000</td><td>Intramuscular use</td></tr><tr><td>20036000</td><td>Intraocular use</td></tr><tr><td>20036500</td><td>Intraosseous use</td></tr><tr><td>20037000</td><td>Intrapericardial use</td></tr><tr><td>20038000</td><td>Intraperitoneal use</td></tr><tr><td>20039000</td><td>Intrapleural use</td></tr><tr><td>20039200</td><td>Intraportal use</td></tr><tr><td>20039500</td><td>Intraprostatic use</td></tr><tr><td>20039800</td><td>Intrapulmonary use</td></tr><tr><td>20040000</td><td>Intraruminal use</td></tr><tr><td>20041000</td><td>Intrasternal use</td></tr><tr><td>20042000</td><td>Intrathecal use</td></tr><tr><td>20043000</td><td>Intratumoral use</td></tr><tr><td>20044000</td><td>Intrauterine use</td></tr><tr><td>20045000</td><td>Intravenous use</td></tr><tr><td>20046000</td><td>Intravesical use</td></tr><tr><td>20047000</td><td>Intravitreal use</td></tr><tr><td>20047500</td><td>Iontophoresis</td></tr><tr><td>20048000</td><td>Laryngopharyngeal use</td></tr><tr><td>20048500</td><td>Nail use</td></tr><tr><td>20049000</td><td>Nasal use</td></tr><tr><td>20050000</td><td>Nebulisation use</td></tr><tr><td>20051000</td><td>Ocular use</td></tr><tr><td>20052000</td><td>Oculonasal use</td></tr><tr><td>20053000</td><td>Oral use</td></tr><tr><td>20054000</td><td>Oromucosal use</td></tr><tr><td>20055000</td><td>Oropharyngeal use</td></tr><tr><td>20056000</td><td>Paravertebral use</td></tr><tr><td>20057000</td><td>Periarticular use</td></tr><tr><td>20058000</td><td>Perineural use</td></tr><tr><td>20059000</td><td>Periodontal use</td></tr><tr><td>20059300</td><td>Periosseous use</td></tr><tr><td>20059400</td><td>Peritumoral use</td></tr><tr><td>20059500</td><td>Posterior juxtascleral use</td></tr><tr><td>20060000</td><td>Pour-on use</td></tr><tr><td>20061000</td><td>Rectal use</td></tr><tr><td>20061500</td><td>Retrobulbar use</td></tr><tr><td>20062000</td><td>Route of administration not applicable</td></tr><tr><td>20063000</td><td>Skin scarification</td></tr><tr><td>20064000</td><td>Spot-on use</td></tr><tr><td>20065000</td><td>Subconjunctival use</td></tr><tr><td>20066000</td><td>Subcutaneous use</td></tr><tr><td>20067000</td><td>Sublingual use</td></tr><tr><td>20067500</td><td>Submucosal use</td></tr><tr><td>20068000</td><td>Teat use</td></tr><tr><td>20069000</td><td>Top-dressing use</td></tr><tr><td>20070000</td><td>Transdermal use</td></tr><tr><td>20071000</td><td>Urethral use</td></tr><tr><td>20072000</td><td>Vaginal use</td></tr><tr><td>20073000</td><td>Water-borne use</td></tr><tr><td>20074000</td><td>Wing-web-stab use</td></tr><tr><td>20080000</td><td>Intracerebroventricular use</td></tr><tr><td>20081000</td><td>Subretinal use</td></tr><tr><td>20084000</td><td>Intracorneal use</td></tr><tr><td>20086000</td><td>Intraputaminal use</td></tr><tr><td>20087000</td><td>Extrapleural use</td></tr></table></li></ul><p><b>Additional Language Displays</b></p><table class=\"codes\"><tr><td><b>Code</b></td><td><b>Deutsch (German, de)</b></td><td><b>Greek (el)</b></td><td><b>Spanish (es)</b></td><td><b>French (fr)</b></td><td><b>Italian (it)</b></td><td><b>Portuguese (pt)</b></td></tr><tr><td>20001000</td><td>Anwendung am Ohr</td><td>Ωτική χρήση</td><td>Vía ótica</td><td>Voie auriculaire</td><td>Uso auricolare</td><td>Uso auricular</td></tr><tr><td>20002000</td><td>Eintauchen des Schnabels</td><td>Χορήγηση με εμβάπτιση ράμφους</td><td>Administración por inmersión del pico</td><td>Administration par trempage du bec</td><td>Immersione del becco</td><td>Uso aculear</td></tr><tr><td>20002500</td><td>Buccale Anwendung</td><td>Παρειακή χορήγηση</td><td>Vía bucal</td><td>Voie buccogingivale</td><td>Somministrazione buccale</td><td>Uso bucal</td></tr><tr><td>20003000</td><td>Anwendung auf der Haut</td><td>Δερματική χρήση</td><td>Uso cutáneo</td><td>Voie cutanée</td><td>Uso cutaneo</td><td>Uso cutâneo</td></tr><tr><td>20004000</td><td>dentale Anwendung</td><td>Οδοντική χρήση</td><td>Uso dental</td><td>Voie dentaire</td><td>Uso dentale</td><td>Uso dental</td></tr><tr><td>20005000</td><td>Badebehandlung</td><td>Εμβάπτιση</td><td>Baño</td><td>Trempage</td><td>Immersione</td><td>Banho medicamentoso</td></tr><tr><td>20006000</td><td>endozervikale Anwendung</td><td>Ενδοτραχηλική χρήση</td><td>Vía endocervical</td><td>Voie endocervicale</td><td>Uso endocervicale</td><td>Via endocervical</td></tr><tr><td>20007000</td><td>Anwendung in den Nebenhöhlen</td><td>Ενδορρινοκολπική χρήση</td><td>Vía endosinusal</td><td>Voie endosinusale</td><td>Uso endosinusiale</td><td>Uso endossinusal</td></tr><tr><td>20008000</td><td>endotracheopulmonale Anwendung</td><td>Ενδοτραχειοπνευμονική χρήση</td><td>Vía endotraqueopulmonar</td><td>Voie endotrachéobronchique</td><td>Uso endotracheobronchiale</td><td>Via endotraqueobrônquica</td></tr><tr><td>20009000</td><td>epidurale Anwendung</td><td>Επισκληρίδιος χρήση</td><td>Vía epidural</td><td>Voie péridurale</td><td>Uso epidurale</td><td>Via epidural</td></tr><tr><td>20010000</td><td>zum Auftragen auf die Wunde</td><td>Χρήση επί της βλάβης</td><td>Uso epilesional</td><td>Voie épilésionnelle</td><td>Uso epilesionale</td><td>Uso epilesional</td></tr><tr><td>20011000</td><td>extraamniotische Anwendung</td><td>Εξωαμνιακή χρήση</td><td>Vía extraamniótica</td><td>Voie extra-amniotique</td><td>Uso extra-amniotico</td><td>Via extra-amniótica</td></tr><tr><td>20011500</td><td>extrakorporale Anwendung</td><td>Εξωσωματική χρήση</td><td>Uso extracorporal</td><td>Voie extracorporelle</td><td>Uso extracorporeo</td><td>Uso extracorpóreo</td></tr><tr><td>20012000</td><td>Fussstichapplikation</td><td>Χορήγηση με νύγμα πέλματος</td><td>Punción en la almohadilla plantar</td><td>Administration par transfixion dans les pattes</td><td>Uso podale</td><td>Uso intrapodal</td></tr><tr><td>20013000</td><td>gastrointestinale Anwendung</td><td>Γαστρεντερική χρήση</td><td>Vía gastroentérica</td><td>Voie gastro-entérale</td><td>Uso gastrointestinale</td><td>Via gastroentérica</td></tr><tr><td>20013500</td><td>zur Anwendung mittels Magensonde</td><td>Γαστρική χρήση</td><td>uso gástrico</td><td>Voie gastrique</td><td>Uso gastrico</td><td>Via gástrica</td></tr><tr><td>20014000</td><td>Anwendung am Zahnfleisch</td><td>Χρήση επί των ούλων</td><td>Uso gingival</td><td>Voie gingivale</td><td>Uso gengivale</td><td>Uso gengival</td></tr><tr><td>20015000</td><td>Hämodialyse</td><td>Αιμοδιαπίδυση</td><td>Hemodiálisis</td><td>Hémodialyse</td><td>Emodialisi</td><td>Hemodiálise</td></tr><tr><td>20015500</td><td>zur Implantation</td><td>Εμφύτευση</td><td>Implantación</td><td>Implantation</td><td>Impianto</td><td>Implantação</td></tr><tr><td>20015700</td><td>zum Eingeben über das Trinkwasser</td><td>Χορήγηση με το πόσιμο νερό</td><td>Administración en agua de bebida</td><td>Administration dans l'eau de boisson</td><td>Somministrazione in acqua da bere</td><td>Administração na água de bebida</td></tr><tr><td>20016000</td><td>zum Eingeben über das Trinkwasser/ die Milch</td><td>Χορήγηση με το πόσιμο νερό/γάλα</td><td>Administración en agua de bebida o en leche</td><td>Administration dans l'eau de boisson/ le lait</td><td>Somministrazione in acqua da bere/latte</td><td>Alimento medicamentoso líquido</td></tr><tr><td>20017000</td><td>in das Ei</td><td>in ovo χορήγηση</td><td>In ovo</td><td>In ovo</td><td>In ovo</td><td>Via transcoriónica</td></tr><tr><td>20018000</td><td>zum Eingeben über das Futter</td><td>Χορήγηση εντός τροφής</td><td>Administración en el alimento</td><td>Administration dans l'alimentation</td><td>Somministrazione con il mangime</td><td>Alimento medicamentoso sólido</td></tr><tr><td>20019000</td><td>Anwendung im Bienenstock</td><td>Ενδοκυψελική χρήση</td><td>Uso en las colmenas</td><td>Traitement dans la ruche</td><td>Trattamento in alveare</td><td>Aplicação apícola</td></tr><tr><td>20019500</td><td>Infiltration</td><td>Διήθηση (ιατρ.)</td><td>Infiltración</td><td>Infiltration</td><td>Infiltrazione</td><td>Infiltração</td></tr><tr><td>20020000</td><td>zur Inhalation</td><td>Χρήση δια εισπνοής</td><td>Vía inhalatoria</td><td>Voie inhalée</td><td>Uso inalatorio</td><td>Via inalatoria</td></tr><tr><td>20021000</td><td>intestinale Anwendung</td><td>Εντερική χρήση</td><td>Uso intestinal</td><td>Voie intestinale</td><td>Uso intestinale</td><td>Via intestinal</td></tr><tr><td>20022000</td><td>intraamniotische Anwendung</td><td>Ενδοαμνιακή χρήση</td><td>Vía intraamniótica</td><td>Voie intraamniotique</td><td>Uso intra-amniotico</td><td>Via intra-amniótica</td></tr><tr><td>20023000</td><td>intraarterielle Anwendung</td><td>Ενδοαρτηριακή χρήση</td><td>Vía intraarterial</td><td>Voie intraartérielle</td><td>Uso endoarterioso</td><td>Via intra-arterial</td></tr><tr><td>20024000</td><td>intraartikuläre Anwendung</td><td>Ενδοαρθρική χρήση</td><td>Vía intraarticular</td><td>Voie intraarticulaire</td><td>Uso intra-articolare</td><td>Via intra-articular</td></tr><tr><td>20025000</td><td>intrabursale Anwendung</td><td>Ενδοθυλακική χρήση</td><td>Vía intrasinovial</td><td>Voie intrabursale</td><td>Uso intrabursale</td><td>Via intrassinovial</td></tr><tr><td>20025500</td><td>intrakamerale Anwendung</td><td>Χορήγηση ενδοθαλαμική στον οφθαλμικό</td><td>Uso intracameral</td><td>Voie intracamérulaire</td><td>Uso intracamerale</td><td>Via Intracameral</td></tr><tr><td>20026000</td><td>intracardiale Anwendung</td><td>Ενδοκαρδιακή χρήση</td><td>Vía intracardiaca</td><td>Voie intracardiaque</td><td>Uso intracardiaco</td><td>Via intracardíaca</td></tr><tr><td>20026500</td><td>intrakartilaginäre Anwendung</td><td>Ενδοχόνδρειος χορήγηση</td><td>Uso intracartilaginoso</td><td>Voie intracartilagineuse</td><td>Uso intracartilagineo</td><td>Via intracartilaginosa</td></tr><tr><td>20027000</td><td>intrakavernöse Anwendung</td><td>Ενδοσηραγγική χρήση</td><td>Vía intracavernosa</td><td>Voie intracaverneuse</td><td>Uso intracavernoso</td><td>Via intracavernosa</td></tr><tr><td>20027010</td><td>Intrazerebrale Anwendung</td><td>Ενδοεγκεφαλική χρήση</td><td>VÍA INTRACEREBRAL</td><td>Voie intracérébrale</td><td>Uso intracerebrale</td><td>Via intracerebral</td></tr><tr><td>20028000</td><td>intrazervikale Anwendung</td><td>Ενδοτραχηλική χρήση</td><td>Vía intracervical</td><td>Voie intracervicale</td><td>Uso intracervicale</td><td>Via intracervical</td></tr><tr><td>20028300</td><td>zur Anwendung in der Cholangiopankreatikographie</td><td>Ενδοχολαγγειοπαγκρεατική χρήση</td><td>Uso intracolangiopancreático</td><td>Voie intracholangiopancréatique</td><td>Uso intracolangiopancreatico</td><td>Via intracolangiopancreática</td></tr><tr><td>20028500</td><td>intracisternale Anwendung</td><td>Χορήγηση ενδοκοιλιακή στο κεντρικό νευρικό σύστημα</td><td>Uso intracisternal</td><td>Voie intracisternale</td><td>Uso intracisternale</td><td>Via intracisternal</td></tr><tr><td>20029000</td><td>intrakoronare Anwendung</td><td>Ενδοστεφανιαία χρήση</td><td>Vía intracoronaria</td><td>Voie intracoronaire</td><td>Uso intracoronarico</td><td>Via intracoronária</td></tr><tr><td>20030000</td><td>intradermale Anwendung</td><td>Ενδοδερμική χρήση</td><td>Vía intradérmica</td><td>Voie intradermique</td><td>Uso intradermico</td><td>Via intradérmica</td></tr><tr><td>20031000</td><td>intradiskale Anwendung</td><td>Ενδομεσοσπονδύλια χρήση</td><td>Vía intradiscal</td><td>Voie intradiscale</td><td>Uso intradiscale</td><td>Via intradiscal</td></tr><tr><td>20031500</td><td>intraepidermale Anwendung</td><td>Ενδοεπιδερμική χρήση</td><td>Vía intraepidérmica</td><td>Voie intraépidermique</td><td>Uso intraepidermico</td><td>Via intraepidérmica</td></tr><tr><td>20031700</td><td>intraglanduläre Anwendung</td><td>Ενδοαδενική χρήση</td><td>Uso intraglandular</td><td>Voie intraglandulaire</td><td>Uso intraghiandolare</td><td>Via intraglandular</td></tr><tr><td>20032000</td><td>intraläsionale Anwendung</td><td>Ενδοβλαβική χρήση</td><td>Vía intralesional</td><td>Voie intralésionnelle</td><td>Uso intralesionale</td><td>Uso intralesional</td></tr><tr><td>20033000</td><td>intralymphatische Anwendung</td><td>Ενδολεμφαγγειακή χρήση</td><td>Vía intralinfática</td><td>Voie intralymphatique</td><td>Uso intralinfatico</td><td>Via intralinfática</td></tr><tr><td>20034000</td><td>intramammäre Anwendung</td><td>Ενδομαστική οδός</td><td>Vía intramamaria</td><td>Voie intramammaire</td><td>Per uso intramammario</td><td>Via intramamária</td></tr><tr><td>20035000</td><td>intramuskuläre Anwendung</td><td>Ενδομυική χρήση</td><td>Vía intramuscular</td><td>Voie intramusculaire</td><td>Uso intramuscolare</td><td>Via intramuscular</td></tr><tr><td>20036000</td><td>intraokulare Anwendung</td><td>Ενδοφθάλμια χορήγηση</td><td>Vía intraocular</td><td>Voie intraoculaire</td><td>Uso intraoculare</td><td>Uso intraocular</td></tr><tr><td>20036500</td><td>intraossäre Anwendung</td><td>Ενδοοστική χρήση</td><td>Vía intraósea</td><td>Voie intraosseuse</td><td>Uso intraosseo</td><td>Uso intraósseo</td></tr><tr><td>20037000</td><td>Intraperikardial</td><td>Ενδοπερικαρδιακή χρήση</td><td>Vía intrapericárdica</td><td>Voie intrapéricardiaque</td><td>Uso intrapericardico</td><td>Via intrapericárdica</td></tr><tr><td>20038000</td><td>intraperitoneale Anwendung</td><td>Ενδοπεριτοναϊκή χρήση</td><td>Vía intraperitoneal</td><td>Voie intrapéritonéale</td><td>Uso intraperitoneale</td><td>Via intraperitoneal</td></tr><tr><td>20039000</td><td>intrapleurale Anwendung</td><td>Ενδοϋπεζωκοτική χρήση</td><td>Vía intrapleural</td><td>Voie intrapleurale</td><td>Uso intrapleurico</td><td>Via intrapleural</td></tr><tr><td>20039200</td><td>intraportale Anwendung</td><td>Ενδοπυλαία χρήση</td><td>Uso intraportal</td><td>Voie intraportale</td><td>Uso intraportale</td><td>Via intraportal</td></tr><tr><td>20039500</td><td>intraprostatische Anwendung</td><td>Ενδοπροστατική χρήση</td><td>Uso intraprostático</td><td>Voie intraprostatique</td><td>Uso intraprostatico</td><td>Via intraprostática</td></tr><tr><td>20039800</td><td>intrapulmonale Anwendung</td><td>Ενδοπνευμονική χρήση</td><td>Uso intrapulmonar</td><td>Voie intrabronchique</td><td>Uso intrabronchiale</td><td>Via intrapulmonar</td></tr><tr><td>20040000</td><td>intraruminale Anwendung</td><td>Ενδομεγαλοκοιλιοκή χρήση</td><td>Vía intrarruminal</td><td>Voie intraruminale</td><td>Per uso intraruminale</td><td>Via intrarruminal</td></tr><tr><td>20041000</td><td>intrasternale Anwendung</td><td>Ενδοστερνική χρήση</td><td>Vía intraesternal</td><td>Voie intrasternale</td><td>Uso intrasternale</td><td>Via intraesternal</td></tr><tr><td>20042000</td><td>intrathekale Anwendung</td><td>Ενδορραχιαία χρήση</td><td>Vía intratecal</td><td>Voie intrathécale</td><td>Uso intratecale</td><td>Via intratecal</td></tr><tr><td>20043000</td><td>intratumorale Anwendung</td><td>Ενδοογκική χρήση</td><td>Vía intratumoral</td><td>Voie intratumorale</td><td>Uso intratumorale</td><td>Via intratumoral</td></tr><tr><td>20044000</td><td>intrauterine Anwendung</td><td>Ενδομήτρια χρήση</td><td>Vía intrauterina</td><td>Voie intra-utérine</td><td>Uso intrauterino</td><td>Via intrauterina</td></tr><tr><td>20045000</td><td>intravenöse Anwendung</td><td>Ενδοφλέβια χρήση</td><td>Vía intravenosa</td><td>Voie intraveineuse</td><td>Uso endovenoso</td><td>Via intravenosa</td></tr><tr><td>20046000</td><td>intravesikale Anwendung</td><td>Ενδοκυστική χρήση</td><td>Vía intravesical</td><td>Voie intravésicale</td><td>Uso endovescicale</td><td>Via intravesical</td></tr><tr><td>20047000</td><td>intravitreale Anwendung</td><td>Ενδοϋαλωδης χορήγηση</td><td>Vía intravítrea</td><td>Voie intravitréenne</td><td>Uso intravitreo</td><td>Uso intravítreo</td></tr><tr><td>20047500</td><td>zur Iontophorese</td><td>Ιοντοφόρηση</td><td>Iontoforesis</td><td>Iontophorèse</td><td>Iontoforesi</td><td>Iontoforese</td></tr><tr><td>20048000</td><td>zur Anwendung im Rachen und am Kehlkopf</td><td>Λαρυγγοφαρυγγική χρήση</td><td>Uso laringofaríngeo</td><td>Voie laryngopharyngée</td><td>Uso laringofaringeo</td><td>Uso laringofaríngeo</td></tr><tr><td>20048500</td><td></td><td></td><td></td><td></td><td></td><td></td></tr><tr><td>20049000</td><td>nasale Anwendung</td><td>Ρινική χρήση</td><td>Vía nasal</td><td>Voie nasale</td><td>Uso nasale</td><td>Via nasal</td></tr><tr><td>20050000</td><td>zum Vernebeln</td><td>Χορήγηση με εκνέφωση</td><td>Nebulización</td><td>Administration par nébulisation</td><td>Nebulizzazione</td><td>Nebulização</td></tr><tr><td>20051000</td><td>Anwendung am Auge</td><td>Οφθαλμική χρήση</td><td>Vía oftálmica</td><td>Voie ophtalmique</td><td>Uso oftalmico</td><td>Uso oftálmico</td></tr><tr><td>20052000</td><td>okulonasale Anwendung</td><td>Οφθαλμορρινική ενστάλλαξη</td><td>Vía oculonasal</td><td>Voie oculonasale</td><td>Per uso oculonasale</td><td>Via oculonasal</td></tr><tr><td>20053000</td><td>zum Einnehmen</td><td>Από στόματος χρήση</td><td>Vía oral</td><td>Voie orale</td><td>Uso orale</td><td>Via oral</td></tr><tr><td>20054000</td><td>Anwendung in der Mundhöhle</td><td>Χρήση στο στοματικό βλεννογόνο</td><td>Vía bucal</td><td>Voie buccale</td><td>Per mucosa orale</td><td>Via bucal</td></tr><tr><td>20055000</td><td>zur Anwendung im Mund- und Rachenraum</td><td>Στοματοφαρυγγική χρήση</td><td>Uso bucofaríngeo</td><td>Voie oropharyngée</td><td>Uso orofaringeo</td><td>Uso orofaríngeo</td></tr><tr><td>20056000</td><td>paravertebrale Anwendung</td><td>Παρασπονδυλική χρήση</td><td>Vía paravertebral</td><td>Voie paravertébrale</td><td>Uso paravertebrale</td><td>Via paravertebral</td></tr><tr><td>20057000</td><td>periartikuläre Anwendung</td><td>Περιαρθρική χρήση</td><td>Vía periarticular</td><td>Voie périarticulaire</td><td>Uso periarticolare</td><td>Via periarticular</td></tr><tr><td>20058000</td><td>perineurale Anwendung</td><td>Περινευρική χρήση</td><td>Vía perineural</td><td>Voie périneurale</td><td>Uso perineurale</td><td>Via perineural</td></tr><tr><td>20059000</td><td>periodontale Anwendung</td><td>Περιοδοντική χρήση</td><td>Uso periodontal</td><td>Voie périodontale</td><td>Uso periodontale</td><td>Uso periodontal</td></tr><tr><td>20059300</td><td>periossäre Anwendung</td><td>Περιοστική χρήση</td><td>Uso perióseo</td><td>Voie périosseuse</td><td>Uso periosseo</td><td>Via perióssea</td></tr><tr><td>20059400</td><td>peritumorale Anwendung</td><td>Περιογκική χρήση</td><td>Uso peritumoral</td><td>Voie péritumorale</td><td>Uso peritumorale</td><td>Via peritumoral</td></tr><tr><td>20059500</td><td>posteriore juxtasclerale Anwendung</td><td>Χρήση στο οπίσθιο μέρος του σκληρού χιτώνα</td><td>Vía yuxtaescleral posterior</td><td>Voie juxta-sclérale postérieure</td><td>Uso iuxtasclerale posteriore</td><td>Via justa-escleral posterior</td></tr><tr><td>20060000</td><td>Übergießen</td><td>Επίχυση</td><td>Unción dorsal continua</td><td>Pour-on</td><td>Pour-on</td><td>Unção contínua</td></tr><tr><td>20061000</td><td>rektale Anwendung</td><td>Ορθική χρήση</td><td>Vía rectal</td><td>Voie rectale</td><td>Uso rettale</td><td>Via retal</td></tr><tr><td>20061500</td><td>retrobulbäre Anwendung</td><td>Οπισθοβολβική χρήση</td><td>Uso retrobulbar</td><td>Voie rétrobulbaire</td><td>Uso retrobulbare</td><td>Via retrobulbar</td></tr><tr><td>20062000</td><td>Art der Anwendung nicht spezifizierbar</td><td>Οδός χορήγησης μη εφαρμοζόμενη ή μη εξειδικευόμενη</td><td>Otra vía</td><td>Autre(s)</td><td>Via di somministrazione non specificabile</td><td>Via de administração não especificada</td></tr><tr><td>20063000</td><td>Einritzen der Haut</td><td>Σκαριφισμός</td><td>Escarificación</td><td>Scarification</td><td>Scarificazione</td><td>Escarificação</td></tr><tr><td>20064000</td><td>Auftropfen</td><td>Επίχυση σε σημείο</td><td>Unción dorsal puntual</td><td>Spot-on</td><td>Spot-on</td><td>Unção punctiforme</td></tr><tr><td>20065000</td><td>subkonjunktivale Anwendung</td><td>Υποεπιπεφυκωτική χρήση</td><td>Vía subconjuntival</td><td>Voie sous-conjonctivale</td><td>Uso subcongiuntivale</td><td>Via subconjuntival</td></tr><tr><td>20066000</td><td>subkutane Anwendung</td><td>Υποδόρια χρήση</td><td>Vía subcutánea</td><td>Voie sous-cutanée</td><td>Uso sottocutaneo</td><td>Via subcutânea</td></tr><tr><td>20067000</td><td>Sublingual</td><td>Υπογλώσσια χρήοη</td><td>Vía sublingual</td><td>Voie sublinguale</td><td>Uso sublinguale</td><td>Via sublingual</td></tr><tr><td>20067500</td><td>submuköse Anwendung</td><td>Υποβλεννογόνειος χορήγηση</td><td>Vía submucosal</td><td>Voie sous-muqueuse</td><td>Uso sottomucosale</td><td>Via submucosa</td></tr><tr><td>20068000</td><td>Zitzenbehandlung</td><td>Θηλαία χρήση</td><td>Uso mamario externo</td><td>Administration mammaire</td><td>Uso mammario</td><td>Uso mamário externo</td></tr><tr><td>20069000</td><td>Aufstreuen auf das Futter</td><td>Χορήγηση με επίπαση πάνω στην τροφή</td><td>Administración sobre el alimento</td><td>Administration par saupoudrage sur l'alimentation</td><td>Somministrazione mediante dispersione superficiale sugli alimenti</td><td>Dispersão superficial no alimento</td></tr><tr><td>20070000</td><td>transdermale Anwendung</td><td>Διαδερμική χρήση</td><td>Vía transdérmica</td><td>Voie transdermique</td><td>Uso transdermico</td><td>Via transdérmica</td></tr><tr><td>20071000</td><td>Anwendung in der Harnröhre</td><td>Ουρηθρική χρήση</td><td>Vía uretral</td><td>Voie urétrale</td><td>Uso uretrale</td><td>Via uretral</td></tr><tr><td>20072000</td><td>vaginale Anwendung</td><td>Κολπική χρήση</td><td>Vía vaginal</td><td>Voie vaginale</td><td>Uso vaginale</td><td>Uso vaginal</td></tr><tr><td>20073000</td><td>Anwendung im Wasser</td><td>Διυδατική χρήση</td><td>Uso en el medio acuático</td><td>Balnéation dans l'eau</td><td>Trattamento per immersione</td><td>Uso no meio aquático</td></tr><tr><td>20074000</td><td>Flügelstichapplikation</td><td>Χορήγηση με νύγμα πτέρυγας</td><td>Punción en la membrana del ala</td><td>Administration par transfixion</td><td>Puntura alare</td><td>Inoculação alar</td></tr><tr><td>20080000</td><td>intracerebroventrikuläre Anwendung</td><td>Ενδοεγκεφαλοκοιλιακή χρήση</td><td>Vía intracerebroventricular</td><td>Voie intracérébroventriculaire</td><td>Uso intracerebroventricolare</td><td>Via intracerebroventricular</td></tr><tr><td>20081000</td><td>subretinale Anwendung</td><td>Υπαμφιβληστροειδική χρήση</td><td>Uso subretinal</td><td>Voie subrétinale</td><td>Uso sottoretinico</td><td>Via subretiniana</td></tr><tr><td>20084000</td><td>intracorneale Anwendung</td><td></td><td>Vía intracorneal</td><td>Voie intracornéenne</td><td>Uso intracorneale</td><td>Via intracorneal</td></tr><tr><td>20086000</td><td>Intraputaminale Anwendung</td><td></td><td>Vía intraputaminal</td><td></td><td>Intraputaminale</td><td>Via intraputaminal</td></tr><tr><td>20087000</td><td>extrapleurale Anwendung</td><td></td><td>Vía extrapleural</td><td>Voie extrapleurale</td><td>Uso extrapleurico</td><td>Via extrapleural</td></tr></table></div>"
  },
  "url" : "http://unicom-project.eu/fhir/ValueSet/route-of-administration",
  "version" : "0.1.0",
  "name" : "RouteOfAdministration",
  "title" : "EDQM Route of Administration",
  "status" : "active",
  "experimental" : false,
  "date" : "2024-10-11T10:53:19+00:00",
  "publisher" : "UNICOM",
  "contact" : [{
    "name" : "UNICOM",
    "telecom" : [{
      "system" : "url",
      "value" : "http://unicom-project.eu"
    }]
  }],
  "description" : "ValueSet Route of administration from EDQM, ROA, see https://standardterms.edqm.eu/#",
  "immutable" : false,
  "compose" : {
    "include" : [{
      "system" : "https://standardterms.edqm.eu",
      "concept" : [{
        "code" : "20001000",
        "display" : "Auricular use",
        "designation" : [{
          "language" : "de",
          "value" : "Anwendung am Ohr"
        },
        {
          "language" : "el",
          "value" : "Ωτική χρήση"
        },
        {
          "language" : "es",
          "value" : "Vía ótica"
        },
        {
          "language" : "fr",
          "value" : "Voie auriculaire"
        },
        {
          "language" : "it",
          "value" : "Uso auricolare"
        },
        {
          "language" : "pt",
          "value" : "Uso auricular"
        }]
      },
      {
        "code" : "20002000",
        "display" : "Beak dipping",
        "designation" : [{
          "language" : "de",
          "value" : "Eintauchen des Schnabels"
        },
        {
          "language" : "el",
          "value" : "Χορήγηση με εμβάπτιση ράμφους"
        },
        {
          "language" : "es",
          "value" : "Administración por inmersión del pico"
        },
        {
          "language" : "fr",
          "value" : "Administration par trempage du bec"
        },
        {
          "language" : "it",
          "value" : "Immersione del becco"
        },
        {
          "language" : "pt",
          "value" : "Uso aculear"
        }]
      },
      {
        "code" : "20002500",
        "display" : "Buccal use",
        "designation" : [{
          "language" : "de",
          "value" : "Buccale Anwendung"
        },
        {
          "language" : "el",
          "value" : "Παρειακή χορήγηση"
        },
        {
          "language" : "es",
          "value" : "Vía bucal"
        },
        {
          "language" : "fr",
          "value" : "Voie buccogingivale"
        },
        {
          "language" : "it",
          "value" : "Somministrazione buccale"
        },
        {
          "language" : "pt",
          "value" : "Uso bucal"
        }]
      },
      {
        "code" : "20003000",
        "display" : "Cutaneous use",
        "designation" : [{
          "language" : "de",
          "value" : "Anwendung auf der Haut"
        },
        {
          "language" : "el",
          "value" : "Δερματική χρήση"
        },
        {
          "language" : "es",
          "value" : "Uso cutáneo"
        },
        {
          "language" : "fr",
          "value" : "Voie cutanée"
        },
        {
          "language" : "it",
          "value" : "Uso cutaneo"
        },
        {
          "language" : "pt",
          "value" : "Uso cutâneo"
        }]
      },
      {
        "code" : "20004000",
        "display" : "Dental use",
        "designation" : [{
          "language" : "de",
          "value" : "dentale Anwendung"
        },
        {
          "language" : "el",
          "value" : "Οδοντική χρήση"
        },
        {
          "language" : "es",
          "value" : "Uso dental"
        },
        {
          "language" : "fr",
          "value" : "Voie dentaire"
        },
        {
          "language" : "it",
          "value" : "Uso dentale"
        },
        {
          "language" : "pt",
          "value" : "Uso dental"
        }]
      },
      {
        "code" : "20005000",
        "display" : "Dipping",
        "designation" : [{
          "language" : "de",
          "value" : "Badebehandlung"
        },
        {
          "language" : "el",
          "value" : "Εμβάπτιση"
        },
        {
          "language" : "es",
          "value" : "Baño"
        },
        {
          "language" : "fr",
          "value" : "Trempage"
        },
        {
          "language" : "it",
          "value" : "Immersione"
        },
        {
          "language" : "pt",
          "value" : "Banho medicamentoso"
        }]
      },
      {
        "code" : "20006000",
        "display" : "Endocervical use",
        "designation" : [{
          "language" : "de",
          "value" : "endozervikale Anwendung"
        },
        {
          "language" : "el",
          "value" : "Ενδοτραχηλική χρήση"
        },
        {
          "language" : "es",
          "value" : "Vía endocervical"
        },
        {
          "language" : "fr",
          "value" : "Voie endocervicale"
        },
        {
          "language" : "it",
          "value" : "Uso endocervicale"
        },
        {
          "language" : "pt",
          "value" : "Via endocervical"
        }]
      },
      {
        "code" : "20007000",
        "display" : "Endosinusial use",
        "designation" : [{
          "language" : "de",
          "value" : "Anwendung in den Nebenhöhlen"
        },
        {
          "language" : "el",
          "value" : "Ενδορρινοκολπική χρήση"
        },
        {
          "language" : "es",
          "value" : "Vía endosinusal"
        },
        {
          "language" : "fr",
          "value" : "Voie endosinusale"
        },
        {
          "language" : "it",
          "value" : "Uso endosinusiale"
        },
        {
          "language" : "pt",
          "value" : "Uso endossinusal"
        }]
      },
      {
        "code" : "20008000",
        "display" : "Endotracheopulmonary use",
        "designation" : [{
          "language" : "de",
          "value" : "endotracheopulmonale Anwendung"
        },
        {
          "language" : "el",
          "value" : "Ενδοτραχειοπνευμονική χρήση"
        },
        {
          "language" : "es",
          "value" : "Vía endotraqueopulmonar"
        },
        {
          "language" : "fr",
          "value" : "Voie endotrachéobronchique"
        },
        {
          "language" : "it",
          "value" : "Uso endotracheobronchiale"
        },
        {
          "language" : "pt",
          "value" : "Via endotraqueobrônquica"
        }]
      },
      {
        "code" : "20009000",
        "display" : "Epidural use",
        "designation" : [{
          "language" : "de",
          "value" : "epidurale Anwendung"
        },
        {
          "language" : "el",
          "value" : "Επισκληρίδιος χρήση"
        },
        {
          "language" : "es",
          "value" : "Vía epidural"
        },
        {
          "language" : "fr",
          "value" : "Voie péridurale"
        },
        {
          "language" : "it",
          "value" : "Uso epidurale"
        },
        {
          "language" : "pt",
          "value" : "Via epidural"
        }]
      },
      {
        "code" : "20010000",
        "display" : "Epilesional use",
        "designation" : [{
          "language" : "de",
          "value" : "zum Auftragen auf die Wunde"
        },
        {
          "language" : "el",
          "value" : "Χρήση επί της βλάβης"
        },
        {
          "language" : "es",
          "value" : "Uso epilesional"
        },
        {
          "language" : "fr",
          "value" : "Voie épilésionnelle"
        },
        {
          "language" : "it",
          "value" : "Uso epilesionale"
        },
        {
          "language" : "pt",
          "value" : "Uso epilesional"
        }]
      },
      {
        "code" : "20011000",
        "display" : "Extraamniotic use",
        "designation" : [{
          "language" : "de",
          "value" : "extraamniotische Anwendung"
        },
        {
          "language" : "el",
          "value" : "Εξωαμνιακή χρήση"
        },
        {
          "language" : "es",
          "value" : "Vía extraamniótica"
        },
        {
          "language" : "fr",
          "value" : "Voie extra-amniotique"
        },
        {
          "language" : "it",
          "value" : "Uso extra-amniotico"
        },
        {
          "language" : "pt",
          "value" : "Via extra-amniótica"
        }]
      },
      {
        "code" : "20011500",
        "display" : "Extracorporeal use",
        "designation" : [{
          "language" : "de",
          "value" : "extrakorporale Anwendung"
        },
        {
          "language" : "el",
          "value" : "Εξωσωματική χρήση"
        },
        {
          "language" : "es",
          "value" : "Uso extracorporal"
        },
        {
          "language" : "fr",
          "value" : "Voie extracorporelle"
        },
        {
          "language" : "it",
          "value" : "Uso extracorporeo"
        },
        {
          "language" : "pt",
          "value" : "Uso extracorpóreo"
        }]
      },
      {
        "code" : "20012000",
        "display" : "Foot-stab use",
        "designation" : [{
          "language" : "de",
          "value" : "Fussstichapplikation"
        },
        {
          "language" : "el",
          "value" : "Χορήγηση με νύγμα πέλματος"
        },
        {
          "language" : "es",
          "value" : "Punción en la almohadilla plantar"
        },
        {
          "language" : "fr",
          "value" : "Administration par transfixion dans les pattes"
        },
        {
          "language" : "it",
          "value" : "Uso podale"
        },
        {
          "language" : "pt",
          "value" : "Uso intrapodal"
        }]
      },
      {
        "code" : "20013000",
        "display" : "Gastroenteral use",
        "designation" : [{
          "language" : "de",
          "value" : "gastrointestinale Anwendung"
        },
        {
          "language" : "el",
          "value" : "Γαστρεντερική χρήση"
        },
        {
          "language" : "es",
          "value" : "Vía gastroentérica"
        },
        {
          "language" : "fr",
          "value" : "Voie gastro-entérale"
        },
        {
          "language" : "it",
          "value" : "Uso gastrointestinale"
        },
        {
          "language" : "pt",
          "value" : "Via gastroentérica"
        }]
      },
      {
        "code" : "20013500",
        "display" : "Gastric use",
        "designation" : [{
          "language" : "de",
          "value" : "zur Anwendung mittels Magensonde"
        },
        {
          "language" : "el",
          "value" : "Γαστρική χρήση"
        },
        {
          "language" : "es",
          "value" : "uso gástrico"
        },
        {
          "language" : "fr",
          "value" : "Voie gastrique"
        },
        {
          "language" : "it",
          "value" : "Uso gastrico"
        },
        {
          "language" : "pt",
          "value" : "Via gástrica"
        }]
      },
      {
        "code" : "20014000",
        "display" : "Gingival use",
        "designation" : [{
          "language" : "de",
          "value" : "Anwendung am Zahnfleisch"
        },
        {
          "language" : "el",
          "value" : "Χρήση επί των ούλων"
        },
        {
          "language" : "es",
          "value" : "Uso gingival"
        },
        {
          "language" : "fr",
          "value" : "Voie gingivale"
        },
        {
          "language" : "it",
          "value" : "Uso gengivale"
        },
        {
          "language" : "pt",
          "value" : "Uso gengival"
        }]
      },
      {
        "code" : "20015000",
        "display" : "Haemodialysis",
        "designation" : [{
          "language" : "de",
          "value" : "Hämodialyse"
        },
        {
          "language" : "el",
          "value" : "Αιμοδιαπίδυση"
        },
        {
          "language" : "es",
          "value" : "Hemodiálisis"
        },
        {
          "language" : "fr",
          "value" : "Hémodialyse"
        },
        {
          "language" : "it",
          "value" : "Emodialisi"
        },
        {
          "language" : "pt",
          "value" : "Hemodiálise"
        }]
      },
      {
        "code" : "20015500",
        "display" : "Implantation",
        "designation" : [{
          "language" : "de",
          "value" : "zur Implantation"
        },
        {
          "language" : "el",
          "value" : "Εμφύτευση"
        },
        {
          "language" : "es",
          "value" : "Implantación"
        },
        {
          "language" : "fr",
          "value" : "Implantation"
        },
        {
          "language" : "it",
          "value" : "Impianto"
        },
        {
          "language" : "pt",
          "value" : "Implantação"
        }]
      },
      {
        "code" : "20015700",
        "display" : "In drinking water use",
        "designation" : [{
          "language" : "de",
          "value" : "zum Eingeben über das Trinkwasser"
        },
        {
          "language" : "el",
          "value" : "Χορήγηση με το πόσιμο νερό"
        },
        {
          "language" : "es",
          "value" : "Administración en agua de bebida"
        },
        {
          "language" : "fr",
          "value" : "Administration dans l'eau de boisson"
        },
        {
          "language" : "it",
          "value" : "Somministrazione in acqua da bere"
        },
        {
          "language" : "pt",
          "value" : "Administração na água de bebida"
        }]
      },
      {
        "code" : "20016000",
        "display" : "In drinking water/milk use",
        "designation" : [{
          "language" : "de",
          "value" : "zum Eingeben über das Trinkwasser/ die Milch"
        },
        {
          "language" : "el",
          "value" : "Χορήγηση με το πόσιμο νερό/γάλα"
        },
        {
          "language" : "es",
          "value" : "Administración en agua de bebida o en leche"
        },
        {
          "language" : "fr",
          "value" : "Administration dans l'eau de boisson/ le lait"
        },
        {
          "language" : "it",
          "value" : "Somministrazione in acqua da bere/latte"
        },
        {
          "language" : "pt",
          "value" : "Alimento medicamentoso líquido"
        }]
      },
      {
        "code" : "20017000",
        "display" : "In ovo",
        "designation" : [{
          "language" : "de",
          "value" : "in das Ei"
        },
        {
          "language" : "el",
          "value" : "in ovo χορήγηση"
        },
        {
          "language" : "es",
          "value" : "In ovo"
        },
        {
          "language" : "fr",
          "value" : "In ovo"
        },
        {
          "language" : "it",
          "value" : "In ovo"
        },
        {
          "language" : "pt",
          "value" : "Via transcoriónica"
        }]
      },
      {
        "code" : "20018000",
        "display" : "In-feed use",
        "designation" : [{
          "language" : "de",
          "value" : "zum Eingeben über das Futter"
        },
        {
          "language" : "el",
          "value" : "Χορήγηση εντός τροφής"
        },
        {
          "language" : "es",
          "value" : "Administración en el alimento"
        },
        {
          "language" : "fr",
          "value" : "Administration dans l'alimentation"
        },
        {
          "language" : "it",
          "value" : "Somministrazione con il mangime"
        },
        {
          "language" : "pt",
          "value" : "Alimento medicamentoso sólido"
        }]
      },
      {
        "code" : "20019000",
        "display" : "In-hive use",
        "designation" : [{
          "language" : "de",
          "value" : "Anwendung im Bienenstock"
        },
        {
          "language" : "el",
          "value" : "Ενδοκυψελική χρήση"
        },
        {
          "language" : "es",
          "value" : "Uso en las colmenas"
        },
        {
          "language" : "fr",
          "value" : "Traitement dans la ruche"
        },
        {
          "language" : "it",
          "value" : "Trattamento in alveare"
        },
        {
          "language" : "pt",
          "value" : "Aplicação apícola"
        }]
      },
      {
        "code" : "20019500",
        "display" : "Infiltration",
        "designation" : [{
          "language" : "de",
          "value" : "Infiltration"
        },
        {
          "language" : "el",
          "value" : "Διήθηση (ιατρ.)"
        },
        {
          "language" : "es",
          "value" : "Infiltración"
        },
        {
          "language" : "fr",
          "value" : "Infiltration"
        },
        {
          "language" : "it",
          "value" : "Infiltrazione"
        },
        {
          "language" : "pt",
          "value" : "Infiltração"
        }]
      },
      {
        "code" : "20020000",
        "display" : "Inhalation use",
        "designation" : [{
          "language" : "de",
          "value" : "zur Inhalation"
        },
        {
          "language" : "el",
          "value" : "Χρήση δια εισπνοής"
        },
        {
          "language" : "es",
          "value" : "Vía inhalatoria"
        },
        {
          "language" : "fr",
          "value" : "Voie inhalée"
        },
        {
          "language" : "it",
          "value" : "Uso inalatorio"
        },
        {
          "language" : "pt",
          "value" : "Via inalatoria"
        }]
      },
      {
        "code" : "20021000",
        "display" : "Intestinal use",
        "designation" : [{
          "language" : "de",
          "value" : "intestinale Anwendung"
        },
        {
          "language" : "el",
          "value" : "Εντερική χρήση"
        },
        {
          "language" : "es",
          "value" : "Uso intestinal"
        },
        {
          "language" : "fr",
          "value" : "Voie intestinale"
        },
        {
          "language" : "it",
          "value" : "Uso intestinale"
        },
        {
          "language" : "pt",
          "value" : "Via intestinal"
        }]
      },
      {
        "code" : "20022000",
        "display" : "Intraamniotic use",
        "designation" : [{
          "language" : "de",
          "value" : "intraamniotische Anwendung"
        },
        {
          "language" : "el",
          "value" : "Ενδοαμνιακή χρήση"
        },
        {
          "language" : "es",
          "value" : "Vía intraamniótica"
        },
        {
          "language" : "fr",
          "value" : "Voie intraamniotique"
        },
        {
          "language" : "it",
          "value" : "Uso intra-amniotico"
        },
        {
          "language" : "pt",
          "value" : "Via intra-amniótica"
        }]
      },
      {
        "code" : "20023000",
        "display" : "Intraarterial use",
        "designation" : [{
          "language" : "de",
          "value" : "intraarterielle Anwendung"
        },
        {
          "language" : "el",
          "value" : "Ενδοαρτηριακή χρήση"
        },
        {
          "language" : "es",
          "value" : "Vía intraarterial"
        },
        {
          "language" : "fr",
          "value" : "Voie intraartérielle"
        },
        {
          "language" : "it",
          "value" : "Uso endoarterioso"
        },
        {
          "language" : "pt",
          "value" : "Via intra-arterial"
        }]
      },
      {
        "code" : "20024000",
        "display" : "Intraarticular use",
        "designation" : [{
          "language" : "de",
          "value" : "intraartikuläre Anwendung"
        },
        {
          "language" : "el",
          "value" : "Ενδοαρθρική χρήση"
        },
        {
          "language" : "es",
          "value" : "Vía intraarticular"
        },
        {
          "language" : "fr",
          "value" : "Voie intraarticulaire"
        },
        {
          "language" : "it",
          "value" : "Uso intra-articolare"
        },
        {
          "language" : "pt",
          "value" : "Via intra-articular"
        }]
      },
      {
        "code" : "20025000",
        "display" : "Intrabursal use",
        "designation" : [{
          "language" : "de",
          "value" : "intrabursale Anwendung"
        },
        {
          "language" : "el",
          "value" : "Ενδοθυλακική χρήση"
        },
        {
          "language" : "es",
          "value" : "Vía intrasinovial"
        },
        {
          "language" : "fr",
          "value" : "Voie intrabursale"
        },
        {
          "language" : "it",
          "value" : "Uso intrabursale"
        },
        {
          "language" : "pt",
          "value" : "Via intrassinovial"
        }]
      },
      {
        "code" : "20025500",
        "display" : "Intracameral use",
        "designation" : [{
          "language" : "de",
          "value" : "intrakamerale Anwendung"
        },
        {
          "language" : "el",
          "value" : "Χορήγηση ενδοθαλαμική στον οφθαλμικό"
        },
        {
          "language" : "es",
          "value" : "Uso intracameral"
        },
        {
          "language" : "fr",
          "value" : "Voie intracamérulaire"
        },
        {
          "language" : "it",
          "value" : "Uso intracamerale"
        },
        {
          "language" : "pt",
          "value" : "Via Intracameral"
        }]
      },
      {
        "code" : "20026000",
        "display" : "Intracardiac use",
        "designation" : [{
          "language" : "de",
          "value" : "intracardiale Anwendung"
        },
        {
          "language" : "el",
          "value" : "Ενδοκαρδιακή χρήση"
        },
        {
          "language" : "es",
          "value" : "Vía intracardiaca"
        },
        {
          "language" : "fr",
          "value" : "Voie intracardiaque"
        },
        {
          "language" : "it",
          "value" : "Uso intracardiaco"
        },
        {
          "language" : "pt",
          "value" : "Via intracardíaca"
        }]
      },
      {
        "code" : "20026500",
        "display" : "Intracartilaginous use",
        "designation" : [{
          "language" : "de",
          "value" : "intrakartilaginäre Anwendung"
        },
        {
          "language" : "el",
          "value" : "Ενδοχόνδρειος χορήγηση"
        },
        {
          "language" : "es",
          "value" : "Uso intracartilaginoso"
        },
        {
          "language" : "fr",
          "value" : "Voie intracartilagineuse"
        },
        {
          "language" : "it",
          "value" : "Uso intracartilagineo"
        },
        {
          "language" : "pt",
          "value" : "Via intracartilaginosa"
        }]
      },
      {
        "code" : "20027000",
        "display" : "Intracavernous use",
        "designation" : [{
          "language" : "de",
          "value" : "intrakavernöse Anwendung"
        },
        {
          "language" : "el",
          "value" : "Ενδοσηραγγική χρήση"
        },
        {
          "language" : "es",
          "value" : "Vía intracavernosa"
        },
        {
          "language" : "fr",
          "value" : "Voie intracaverneuse"
        },
        {
          "language" : "it",
          "value" : "Uso intracavernoso"
        },
        {
          "language" : "pt",
          "value" : "Via intracavernosa"
        }]
      },
      {
        "code" : "20027010",
        "display" : "Intracerebral use",
        "designation" : [{
          "language" : "de",
          "value" : "Intrazerebrale Anwendung"
        },
        {
          "language" : "el",
          "value" : "Ενδοεγκεφαλική χρήση"
        },
        {
          "language" : "es",
          "value" : "VÍA INTRACEREBRAL"
        },
        {
          "language" : "fr",
          "value" : "Voie intracérébrale"
        },
        {
          "language" : "it",
          "value" : "Uso intracerebrale"
        },
        {
          "language" : "pt",
          "value" : "Via intracerebral"
        }]
      },
      {
        "code" : "20028000",
        "display" : "Intracervical use",
        "designation" : [{
          "language" : "de",
          "value" : "intrazervikale Anwendung"
        },
        {
          "language" : "el",
          "value" : "Ενδοτραχηλική χρήση"
        },
        {
          "language" : "es",
          "value" : "Vía intracervical"
        },
        {
          "language" : "fr",
          "value" : "Voie intracervicale"
        },
        {
          "language" : "it",
          "value" : "Uso intracervicale"
        },
        {
          "language" : "pt",
          "value" : "Via intracervical"
        }]
      },
      {
        "code" : "20028300",
        "display" : "Intracholangiopancreatic use",
        "designation" : [{
          "language" : "de",
          "value" : "zur Anwendung in der Cholangiopankreatikographie"
        },
        {
          "language" : "el",
          "value" : "Ενδοχολαγγειοπαγκρεατική χρήση"
        },
        {
          "language" : "es",
          "value" : "Uso intracolangiopancreático"
        },
        {
          "language" : "fr",
          "value" : "Voie intracholangiopancréatique"
        },
        {
          "language" : "it",
          "value" : "Uso intracolangiopancreatico"
        },
        {
          "language" : "pt",
          "value" : "Via intracolangiopancreática"
        }]
      },
      {
        "code" : "20028500",
        "display" : "Intracisternal use",
        "designation" : [{
          "language" : "de",
          "value" : "intracisternale Anwendung"
        },
        {
          "language" : "el",
          "value" : "Χορήγηση ενδοκοιλιακή στο κεντρικό νευρικό σύστημα"
        },
        {
          "language" : "es",
          "value" : "Uso intracisternal"
        },
        {
          "language" : "fr",
          "value" : "Voie intracisternale"
        },
        {
          "language" : "it",
          "value" : "Uso intracisternale"
        },
        {
          "language" : "pt",
          "value" : "Via intracisternal"
        }]
      },
      {
        "code" : "20029000",
        "display" : "Intracoronary use",
        "designation" : [{
          "language" : "de",
          "value" : "intrakoronare Anwendung"
        },
        {
          "language" : "el",
          "value" : "Ενδοστεφανιαία χρήση"
        },
        {
          "language" : "es",
          "value" : "Vía intracoronaria"
        },
        {
          "language" : "fr",
          "value" : "Voie intracoronaire"
        },
        {
          "language" : "it",
          "value" : "Uso intracoronarico"
        },
        {
          "language" : "pt",
          "value" : "Via intracoronária"
        }]
      },
      {
        "code" : "20030000",
        "display" : "Intradermal use",
        "designation" : [{
          "language" : "de",
          "value" : "intradermale Anwendung"
        },
        {
          "language" : "el",
          "value" : "Ενδοδερμική χρήση"
        },
        {
          "language" : "es",
          "value" : "Vía intradérmica"
        },
        {
          "language" : "fr",
          "value" : "Voie intradermique"
        },
        {
          "language" : "it",
          "value" : "Uso intradermico"
        },
        {
          "language" : "pt",
          "value" : "Via intradérmica"
        }]
      },
      {
        "code" : "20031000",
        "display" : "Intradiscal use",
        "designation" : [{
          "language" : "de",
          "value" : "intradiskale Anwendung"
        },
        {
          "language" : "el",
          "value" : "Ενδομεσοσπονδύλια χρήση"
        },
        {
          "language" : "es",
          "value" : "Vía intradiscal"
        },
        {
          "language" : "fr",
          "value" : "Voie intradiscale"
        },
        {
          "language" : "it",
          "value" : "Uso intradiscale"
        },
        {
          "language" : "pt",
          "value" : "Via intradiscal"
        }]
      },
      {
        "code" : "20031500",
        "display" : "Intraepidermal use",
        "designation" : [{
          "language" : "de",
          "value" : "intraepidermale Anwendung"
        },
        {
          "language" : "el",
          "value" : "Ενδοεπιδερμική χρήση"
        },
        {
          "language" : "es",
          "value" : "Vía intraepidérmica"
        },
        {
          "language" : "fr",
          "value" : "Voie intraépidermique"
        },
        {
          "language" : "it",
          "value" : "Uso intraepidermico"
        },
        {
          "language" : "pt",
          "value" : "Via intraepidérmica"
        }]
      },
      {
        "code" : "20031700",
        "display" : "Intraglandular use",
        "designation" : [{
          "language" : "de",
          "value" : "intraglanduläre Anwendung"
        },
        {
          "language" : "el",
          "value" : "Ενδοαδενική χρήση"
        },
        {
          "language" : "es",
          "value" : "Uso intraglandular"
        },
        {
          "language" : "fr",
          "value" : "Voie intraglandulaire"
        },
        {
          "language" : "it",
          "value" : "Uso intraghiandolare"
        },
        {
          "language" : "pt",
          "value" : "Via intraglandular"
        }]
      },
      {
        "code" : "20032000",
        "display" : "Intralesional use",
        "designation" : [{
          "language" : "de",
          "value" : "intraläsionale Anwendung"
        },
        {
          "language" : "el",
          "value" : "Ενδοβλαβική χρήση"
        },
        {
          "language" : "es",
          "value" : "Vía intralesional"
        },
        {
          "language" : "fr",
          "value" : "Voie intralésionnelle"
        },
        {
          "language" : "it",
          "value" : "Uso intralesionale"
        },
        {
          "language" : "pt",
          "value" : "Uso intralesional"
        }]
      },
      {
        "code" : "20033000",
        "display" : "Intralymphatic use",
        "designation" : [{
          "language" : "de",
          "value" : "intralymphatische Anwendung"
        },
        {
          "language" : "el",
          "value" : "Ενδολεμφαγγειακή χρήση"
        },
        {
          "language" : "es",
          "value" : "Vía intralinfática"
        },
        {
          "language" : "fr",
          "value" : "Voie intralymphatique"
        },
        {
          "language" : "it",
          "value" : "Uso intralinfatico"
        },
        {
          "language" : "pt",
          "value" : "Via intralinfática"
        }]
      },
      {
        "code" : "20034000",
        "display" : "Intramammary use",
        "designation" : [{
          "language" : "de",
          "value" : "intramammäre Anwendung"
        },
        {
          "language" : "el",
          "value" : "Ενδομαστική οδός"
        },
        {
          "language" : "es",
          "value" : "Vía intramamaria"
        },
        {
          "language" : "fr",
          "value" : "Voie intramammaire"
        },
        {
          "language" : "it",
          "value" : "Per uso intramammario"
        },
        {
          "language" : "pt",
          "value" : "Via intramamária"
        }]
      },
      {
        "code" : "20035000",
        "display" : "Intramuscular use",
        "designation" : [{
          "language" : "de",
          "value" : "intramuskuläre Anwendung"
        },
        {
          "language" : "el",
          "value" : "Ενδομυική χρήση"
        },
        {
          "language" : "es",
          "value" : "Vía intramuscular"
        },
        {
          "language" : "fr",
          "value" : "Voie intramusculaire"
        },
        {
          "language" : "it",
          "value" : "Uso intramuscolare"
        },
        {
          "language" : "pt",
          "value" : "Via intramuscular"
        }]
      },
      {
        "code" : "20036000",
        "display" : "Intraocular use",
        "designation" : [{
          "language" : "de",
          "value" : "intraokulare Anwendung"
        },
        {
          "language" : "el",
          "value" : "Ενδοφθάλμια χορήγηση"
        },
        {
          "language" : "es",
          "value" : "Vía intraocular"
        },
        {
          "language" : "fr",
          "value" : "Voie intraoculaire"
        },
        {
          "language" : "it",
          "value" : "Uso intraoculare"
        },
        {
          "language" : "pt",
          "value" : "Uso intraocular"
        }]
      },
      {
        "code" : "20036500",
        "display" : "Intraosseous use",
        "designation" : [{
          "language" : "de",
          "value" : "intraossäre Anwendung"
        },
        {
          "language" : "el",
          "value" : "Ενδοοστική χρήση"
        },
        {
          "language" : "es",
          "value" : "Vía intraósea"
        },
        {
          "language" : "fr",
          "value" : "Voie intraosseuse"
        },
        {
          "language" : "it",
          "value" : "Uso intraosseo"
        },
        {
          "language" : "pt",
          "value" : "Uso intraósseo"
        }]
      },
      {
        "code" : "20037000",
        "display" : "Intrapericardial use",
        "designation" : [{
          "language" : "de",
          "value" : "Intraperikardial"
        },
        {
          "language" : "el",
          "value" : "Ενδοπερικαρδιακή χρήση"
        },
        {
          "language" : "es",
          "value" : "Vía intrapericárdica"
        },
        {
          "language" : "fr",
          "value" : "Voie intrapéricardiaque"
        },
        {
          "language" : "it",
          "value" : "Uso intrapericardico"
        },
        {
          "language" : "pt",
          "value" : "Via intrapericárdica"
        }]
      },
      {
        "code" : "20038000",
        "display" : "Intraperitoneal use",
        "designation" : [{
          "language" : "de",
          "value" : "intraperitoneale Anwendung"
        },
        {
          "language" : "el",
          "value" : "Ενδοπεριτοναϊκή χρήση"
        },
        {
          "language" : "es",
          "value" : "Vía intraperitoneal"
        },
        {
          "language" : "fr",
          "value" : "Voie intrapéritonéale"
        },
        {
          "language" : "it",
          "value" : "Uso intraperitoneale"
        },
        {
          "language" : "pt",
          "value" : "Via intraperitoneal"
        }]
      },
      {
        "code" : "20039000",
        "display" : "Intrapleural use",
        "designation" : [{
          "language" : "de",
          "value" : "intrapleurale Anwendung"
        },
        {
          "language" : "el",
          "value" : "Ενδοϋπεζωκοτική χρήση"
        },
        {
          "language" : "es",
          "value" : "Vía intrapleural"
        },
        {
          "language" : "fr",
          "value" : "Voie intrapleurale"
        },
        {
          "language" : "it",
          "value" : "Uso intrapleurico"
        },
        {
          "language" : "pt",
          "value" : "Via intrapleural"
        }]
      },
      {
        "code" : "20039200",
        "display" : "Intraportal use",
        "designation" : [{
          "language" : "de",
          "value" : "intraportale Anwendung"
        },
        {
          "language" : "el",
          "value" : "Ενδοπυλαία χρήση"
        },
        {
          "language" : "es",
          "value" : "Uso intraportal"
        },
        {
          "language" : "fr",
          "value" : "Voie intraportale"
        },
        {
          "language" : "it",
          "value" : "Uso intraportale"
        },
        {
          "language" : "pt",
          "value" : "Via intraportal"
        }]
      },
      {
        "code" : "20039500",
        "display" : "Intraprostatic use",
        "designation" : [{
          "language" : "de",
          "value" : "intraprostatische Anwendung"
        },
        {
          "language" : "el",
          "value" : "Ενδοπροστατική χρήση"
        },
        {
          "language" : "es",
          "value" : "Uso intraprostático"
        },
        {
          "language" : "fr",
          "value" : "Voie intraprostatique"
        },
        {
          "language" : "it",
          "value" : "Uso intraprostatico"
        },
        {
          "language" : "pt",
          "value" : "Via intraprostática"
        }]
      },
      {
        "code" : "20039800",
        "display" : "Intrapulmonary use",
        "designation" : [{
          "language" : "de",
          "value" : "intrapulmonale Anwendung"
        },
        {
          "language" : "el",
          "value" : "Ενδοπνευμονική χρήση"
        },
        {
          "language" : "es",
          "value" : "Uso intrapulmonar"
        },
        {
          "language" : "fr",
          "value" : "Voie intrabronchique"
        },
        {
          "language" : "it",
          "value" : "Uso intrabronchiale"
        },
        {
          "language" : "pt",
          "value" : "Via intrapulmonar"
        }]
      },
      {
        "code" : "20040000",
        "display" : "Intraruminal use",
        "designation" : [{
          "language" : "de",
          "value" : "intraruminale Anwendung"
        },
        {
          "language" : "el",
          "value" : "Ενδομεγαλοκοιλιοκή χρήση"
        },
        {
          "language" : "es",
          "value" : "Vía intrarruminal"
        },
        {
          "language" : "fr",
          "value" : "Voie intraruminale"
        },
        {
          "language" : "it",
          "value" : "Per uso intraruminale"
        },
        {
          "language" : "pt",
          "value" : "Via intrarruminal"
        }]
      },
      {
        "code" : "20041000",
        "display" : "Intrasternal use",
        "designation" : [{
          "language" : "de",
          "value" : "intrasternale Anwendung"
        },
        {
          "language" : "el",
          "value" : "Ενδοστερνική χρήση"
        },
        {
          "language" : "es",
          "value" : "Vía intraesternal"
        },
        {
          "language" : "fr",
          "value" : "Voie intrasternale"
        },
        {
          "language" : "it",
          "value" : "Uso intrasternale"
        },
        {
          "language" : "pt",
          "value" : "Via intraesternal"
        }]
      },
      {
        "code" : "20042000",
        "display" : "Intrathecal use",
        "designation" : [{
          "language" : "de",
          "value" : "intrathekale Anwendung"
        },
        {
          "language" : "el",
          "value" : "Ενδορραχιαία χρήση"
        },
        {
          "language" : "es",
          "value" : "Vía intratecal"
        },
        {
          "language" : "fr",
          "value" : "Voie intrathécale"
        },
        {
          "language" : "it",
          "value" : "Uso intratecale"
        },
        {
          "language" : "pt",
          "value" : "Via intratecal"
        }]
      },
      {
        "code" : "20043000",
        "display" : "Intratumoral use",
        "designation" : [{
          "language" : "de",
          "value" : "intratumorale Anwendung"
        },
        {
          "language" : "el",
          "value" : "Ενδοογκική χρήση"
        },
        {
          "language" : "es",
          "value" : "Vía intratumoral"
        },
        {
          "language" : "fr",
          "value" : "Voie intratumorale"
        },
        {
          "language" : "it",
          "value" : "Uso intratumorale"
        },
        {
          "language" : "pt",
          "value" : "Via intratumoral"
        }]
      },
      {
        "code" : "20044000",
        "display" : "Intrauterine use",
        "designation" : [{
          "language" : "de",
          "value" : "intrauterine Anwendung"
        },
        {
          "language" : "el",
          "value" : "Ενδομήτρια χρήση"
        },
        {
          "language" : "es",
          "value" : "Vía intrauterina"
        },
        {
          "language" : "fr",
          "value" : "Voie intra-utérine"
        },
        {
          "language" : "it",
          "value" : "Uso intrauterino"
        },
        {
          "language" : "pt",
          "value" : "Via intrauterina"
        }]
      },
      {
        "code" : "20045000",
        "display" : "Intravenous use",
        "designation" : [{
          "language" : "de",
          "value" : "intravenöse Anwendung"
        },
        {
          "language" : "el",
          "value" : "Ενδοφλέβια χρήση"
        },
        {
          "language" : "es",
          "value" : "Vía intravenosa"
        },
        {
          "language" : "fr",
          "value" : "Voie intraveineuse"
        },
        {
          "language" : "it",
          "value" : "Uso endovenoso"
        },
        {
          "language" : "pt",
          "value" : "Via intravenosa"
        }]
      },
      {
        "code" : "20046000",
        "display" : "Intravesical use",
        "designation" : [{
          "language" : "de",
          "value" : "intravesikale Anwendung"
        },
        {
          "language" : "el",
          "value" : "Ενδοκυστική χρήση"
        },
        {
          "language" : "es",
          "value" : "Vía intravesical"
        },
        {
          "language" : "fr",
          "value" : "Voie intravésicale"
        },
        {
          "language" : "it",
          "value" : "Uso endovescicale"
        },
        {
          "language" : "pt",
          "value" : "Via intravesical"
        }]
      },
      {
        "code" : "20047000",
        "display" : "Intravitreal use",
        "designation" : [{
          "language" : "de",
          "value" : "intravitreale Anwendung"
        },
        {
          "language" : "el",
          "value" : "Ενδοϋαλωδης χορήγηση"
        },
        {
          "language" : "es",
          "value" : "Vía intravítrea"
        },
        {
          "language" : "fr",
          "value" : "Voie intravitréenne"
        },
        {
          "language" : "it",
          "value" : "Uso intravitreo"
        },
        {
          "language" : "pt",
          "value" : "Uso intravítreo"
        }]
      },
      {
        "code" : "20047500",
        "display" : "Iontophoresis",
        "designation" : [{
          "language" : "de",
          "value" : "zur Iontophorese"
        },
        {
          "language" : "el",
          "value" : "Ιοντοφόρηση"
        },
        {
          "language" : "es",
          "value" : "Iontoforesis"
        },
        {
          "language" : "fr",
          "value" : "Iontophorèse"
        },
        {
          "language" : "it",
          "value" : "Iontoforesi"
        },
        {
          "language" : "pt",
          "value" : "Iontoforese"
        }]
      },
      {
        "code" : "20048000",
        "display" : "Laryngopharyngeal use",
        "designation" : [{
          "language" : "de",
          "value" : "zur Anwendung im Rachen und am Kehlkopf"
        },
        {
          "language" : "el",
          "value" : "Λαρυγγοφαρυγγική χρήση"
        },
        {
          "language" : "es",
          "value" : "Uso laringofaríngeo"
        },
        {
          "language" : "fr",
          "value" : "Voie laryngopharyngée"
        },
        {
          "language" : "it",
          "value" : "Uso laringofaringeo"
        },
        {
          "language" : "pt",
          "value" : "Uso laringofaríngeo"
        }]
      },
      {
        "code" : "20048500",
        "display" : "Nail use"
      },
      {
        "code" : "20049000",
        "display" : "Nasal use",
        "designation" : [{
          "language" : "de",
          "value" : "nasale Anwendung"
        },
        {
          "language" : "el",
          "value" : "Ρινική χρήση"
        },
        {
          "language" : "es",
          "value" : "Vía nasal"
        },
        {
          "language" : "fr",
          "value" : "Voie nasale"
        },
        {
          "language" : "it",
          "value" : "Uso nasale"
        },
        {
          "language" : "pt",
          "value" : "Via nasal"
        }]
      },
      {
        "code" : "20050000",
        "display" : "Nebulisation use",
        "designation" : [{
          "language" : "de",
          "value" : "zum Vernebeln"
        },
        {
          "language" : "el",
          "value" : "Χορήγηση με εκνέφωση"
        },
        {
          "language" : "es",
          "value" : "Nebulización"
        },
        {
          "language" : "fr",
          "value" : "Administration par nébulisation"
        },
        {
          "language" : "it",
          "value" : "Nebulizzazione"
        },
        {
          "language" : "pt",
          "value" : "Nebulização"
        }]
      },
      {
        "code" : "20051000",
        "display" : "Ocular use",
        "designation" : [{
          "language" : "de",
          "value" : "Anwendung am Auge"
        },
        {
          "language" : "el",
          "value" : "Οφθαλμική χρήση"
        },
        {
          "language" : "es",
          "value" : "Vía oftálmica"
        },
        {
          "language" : "fr",
          "value" : "Voie ophtalmique"
        },
        {
          "language" : "it",
          "value" : "Uso oftalmico"
        },
        {
          "language" : "pt",
          "value" : "Uso oftálmico"
        }]
      },
      {
        "code" : "20052000",
        "display" : "Oculonasal use",
        "designation" : [{
          "language" : "de",
          "value" : "okulonasale Anwendung"
        },
        {
          "language" : "el",
          "value" : "Οφθαλμορρινική ενστάλλαξη"
        },
        {
          "language" : "es",
          "value" : "Vía oculonasal"
        },
        {
          "language" : "fr",
          "value" : "Voie oculonasale"
        },
        {
          "language" : "it",
          "value" : "Per uso oculonasale"
        },
        {
          "language" : "pt",
          "value" : "Via oculonasal"
        }]
      },
      {
        "code" : "20053000",
        "display" : "Oral use",
        "designation" : [{
          "language" : "de",
          "value" : "zum Einnehmen"
        },
        {
          "language" : "el",
          "value" : "Από στόματος χρήση"
        },
        {
          "language" : "es",
          "value" : "Vía oral"
        },
        {
          "language" : "fr",
          "value" : "Voie orale"
        },
        {
          "language" : "it",
          "value" : "Uso orale"
        },
        {
          "language" : "pt",
          "value" : "Via oral"
        }]
      },
      {
        "code" : "20054000",
        "display" : "Oromucosal use",
        "designation" : [{
          "language" : "de",
          "value" : "Anwendung in der Mundhöhle"
        },
        {
          "language" : "el",
          "value" : "Χρήση στο στοματικό βλεννογόνο"
        },
        {
          "language" : "es",
          "value" : "Vía bucal"
        },
        {
          "language" : "fr",
          "value" : "Voie buccale"
        },
        {
          "language" : "it",
          "value" : "Per mucosa orale"
        },
        {
          "language" : "pt",
          "value" : "Via bucal"
        }]
      },
      {
        "code" : "20055000",
        "display" : "Oropharyngeal use",
        "designation" : [{
          "language" : "de",
          "value" : "zur Anwendung im Mund- und Rachenraum"
        },
        {
          "language" : "el",
          "value" : "Στοματοφαρυγγική χρήση"
        },
        {
          "language" : "es",
          "value" : "Uso bucofaríngeo"
        },
        {
          "language" : "fr",
          "value" : "Voie oropharyngée"
        },
        {
          "language" : "it",
          "value" : "Uso orofaringeo"
        },
        {
          "language" : "pt",
          "value" : "Uso orofaríngeo"
        }]
      },
      {
        "code" : "20056000",
        "display" : "Paravertebral use",
        "designation" : [{
          "language" : "de",
          "value" : "paravertebrale Anwendung"
        },
        {
          "language" : "el",
          "value" : "Παρασπονδυλική χρήση"
        },
        {
          "language" : "es",
          "value" : "Vía paravertebral"
        },
        {
          "language" : "fr",
          "value" : "Voie paravertébrale"
        },
        {
          "language" : "it",
          "value" : "Uso paravertebrale"
        },
        {
          "language" : "pt",
          "value" : "Via paravertebral"
        }]
      },
      {
        "code" : "20057000",
        "display" : "Periarticular use",
        "designation" : [{
          "language" : "de",
          "value" : "periartikuläre Anwendung"
        },
        {
          "language" : "el",
          "value" : "Περιαρθρική χρήση"
        },
        {
          "language" : "es",
          "value" : "Vía periarticular"
        },
        {
          "language" : "fr",
          "value" : "Voie périarticulaire"
        },
        {
          "language" : "it",
          "value" : "Uso periarticolare"
        },
        {
          "language" : "pt",
          "value" : "Via periarticular"
        }]
      },
      {
        "code" : "20058000",
        "display" : "Perineural use",
        "designation" : [{
          "language" : "de",
          "value" : "perineurale Anwendung"
        },
        {
          "language" : "el",
          "value" : "Περινευρική χρήση"
        },
        {
          "language" : "es",
          "value" : "Vía perineural"
        },
        {
          "language" : "fr",
          "value" : "Voie périneurale"
        },
        {
          "language" : "it",
          "value" : "Uso perineurale"
        },
        {
          "language" : "pt",
          "value" : "Via perineural"
        }]
      },
      {
        "code" : "20059000",
        "display" : "Periodontal use",
        "designation" : [{
          "language" : "de",
          "value" : "periodontale Anwendung"
        },
        {
          "language" : "el",
          "value" : "Περιοδοντική χρήση"
        },
        {
          "language" : "es",
          "value" : "Uso periodontal"
        },
        {
          "language" : "fr",
          "value" : "Voie périodontale"
        },
        {
          "language" : "it",
          "value" : "Uso periodontale"
        },
        {
          "language" : "pt",
          "value" : "Uso periodontal"
        }]
      },
      {
        "code" : "20059300",
        "display" : "Periosseous use",
        "designation" : [{
          "language" : "de",
          "value" : "periossäre Anwendung"
        },
        {
          "language" : "el",
          "value" : "Περιοστική χρήση"
        },
        {
          "language" : "es",
          "value" : "Uso perióseo"
        },
        {
          "language" : "fr",
          "value" : "Voie périosseuse"
        },
        {
          "language" : "it",
          "value" : "Uso periosseo"
        },
        {
          "language" : "pt",
          "value" : "Via perióssea"
        }]
      },
      {
        "code" : "20059400",
        "display" : "Peritumoral use",
        "designation" : [{
          "language" : "de",
          "value" : "peritumorale Anwendung"
        },
        {
          "language" : "el",
          "value" : "Περιογκική χρήση"
        },
        {
          "language" : "es",
          "value" : "Uso peritumoral"
        },
        {
          "language" : "fr",
          "value" : "Voie péritumorale"
        },
        {
          "language" : "it",
          "value" : "Uso peritumorale"
        },
        {
          "language" : "pt",
          "value" : "Via peritumoral"
        }]
      },
      {
        "code" : "20059500",
        "display" : "Posterior juxtascleral use",
        "designation" : [{
          "language" : "de",
          "value" : "posteriore juxtasclerale Anwendung"
        },
        {
          "language" : "el",
          "value" : "Χρήση στο οπίσθιο μέρος του σκληρού χιτώνα"
        },
        {
          "language" : "es",
          "value" : "Vía yuxtaescleral posterior"
        },
        {
          "language" : "fr",
          "value" : "Voie juxta-sclérale postérieure"
        },
        {
          "language" : "it",
          "value" : "Uso iuxtasclerale posteriore"
        },
        {
          "language" : "pt",
          "value" : "Via justa-escleral posterior"
        }]
      },
      {
        "code" : "20060000",
        "display" : "Pour-on use",
        "designation" : [{
          "language" : "de",
          "value" : "Übergießen"
        },
        {
          "language" : "el",
          "value" : "Επίχυση"
        },
        {
          "language" : "es",
          "value" : "Unción dorsal continua"
        },
        {
          "language" : "fr",
          "value" : "Pour-on"
        },
        {
          "language" : "it",
          "value" : "Pour-on"
        },
        {
          "language" : "pt",
          "value" : "Unção contínua"
        }]
      },
      {
        "code" : "20061000",
        "display" : "Rectal use",
        "designation" : [{
          "language" : "de",
          "value" : "rektale Anwendung"
        },
        {
          "language" : "el",
          "value" : "Ορθική χρήση"
        },
        {
          "language" : "es",
          "value" : "Vía rectal"
        },
        {
          "language" : "fr",
          "value" : "Voie rectale"
        },
        {
          "language" : "it",
          "value" : "Uso rettale"
        },
        {
          "language" : "pt",
          "value" : "Via retal"
        }]
      },
      {
        "code" : "20061500",
        "display" : "Retrobulbar use",
        "designation" : [{
          "language" : "de",
          "value" : "retrobulbäre Anwendung"
        },
        {
          "language" : "el",
          "value" : "Οπισθοβολβική χρήση"
        },
        {
          "language" : "es",
          "value" : "Uso retrobulbar"
        },
        {
          "language" : "fr",
          "value" : "Voie rétrobulbaire"
        },
        {
          "language" : "it",
          "value" : "Uso retrobulbare"
        },
        {
          "language" : "pt",
          "value" : "Via retrobulbar"
        }]
      },
      {
        "code" : "20062000",
        "display" : "Route of administration not applicable",
        "designation" : [{
          "language" : "de",
          "value" : "Art der Anwendung nicht spezifizierbar"
        },
        {
          "language" : "el",
          "value" : "Οδός χορήγησης μη εφαρμοζόμενη ή μη εξειδικευόμενη"
        },
        {
          "language" : "es",
          "value" : "Otra vía"
        },
        {
          "language" : "fr",
          "value" : "Autre(s)"
        },
        {
          "language" : "it",
          "value" : "Via di somministrazione non specificabile"
        },
        {
          "language" : "pt",
          "value" : "Via de administração não especificada"
        }]
      },
      {
        "code" : "20063000",
        "display" : "Skin scarification",
        "designation" : [{
          "language" : "de",
          "value" : "Einritzen der Haut"
        },
        {
          "language" : "el",
          "value" : "Σκαριφισμός"
        },
        {
          "language" : "es",
          "value" : "Escarificación"
        },
        {
          "language" : "fr",
          "value" : "Scarification"
        },
        {
          "language" : "it",
          "value" : "Scarificazione"
        },
        {
          "language" : "pt",
          "value" : "Escarificação"
        }]
      },
      {
        "code" : "20064000",
        "display" : "Spot-on use",
        "designation" : [{
          "language" : "de",
          "value" : "Auftropfen"
        },
        {
          "language" : "el",
          "value" : "Επίχυση σε σημείο"
        },
        {
          "language" : "es",
          "value" : "Unción dorsal puntual"
        },
        {
          "language" : "fr",
          "value" : "Spot-on"
        },
        {
          "language" : "it",
          "value" : "Spot-on"
        },
        {
          "language" : "pt",
          "value" : "Unção punctiforme"
        }]
      },
      {
        "code" : "20065000",
        "display" : "Subconjunctival use",
        "designation" : [{
          "language" : "de",
          "value" : "subkonjunktivale Anwendung"
        },
        {
          "language" : "el",
          "value" : "Υποεπιπεφυκωτική χρήση"
        },
        {
          "language" : "es",
          "value" : "Vía subconjuntival"
        },
        {
          "language" : "fr",
          "value" : "Voie sous-conjonctivale"
        },
        {
          "language" : "it",
          "value" : "Uso subcongiuntivale"
        },
        {
          "language" : "pt",
          "value" : "Via subconjuntival"
        }]
      },
      {
        "code" : "20066000",
        "display" : "Subcutaneous use",
        "designation" : [{
          "language" : "de",
          "value" : "subkutane Anwendung"
        },
        {
          "language" : "el",
          "value" : "Υποδόρια χρήση"
        },
        {
          "language" : "es",
          "value" : "Vía subcutánea"
        },
        {
          "language" : "fr",
          "value" : "Voie sous-cutanée"
        },
        {
          "language" : "it",
          "value" : "Uso sottocutaneo"
        },
        {
          "language" : "pt",
          "value" : "Via subcutânea"
        }]
      },
      {
        "code" : "20067000",
        "display" : "Sublingual use",
        "designation" : [{
          "language" : "de",
          "value" : "Sublingual"
        },
        {
          "language" : "el",
          "value" : "Υπογλώσσια χρήοη"
        },
        {
          "language" : "es",
          "value" : "Vía sublingual"
        },
        {
          "language" : "fr",
          "value" : "Voie sublinguale"
        },
        {
          "language" : "it",
          "value" : "Uso sublinguale"
        },
        {
          "language" : "pt",
          "value" : "Via sublingual"
        }]
      },
      {
        "code" : "20067500",
        "display" : "Submucosal use",
        "designation" : [{
          "language" : "de",
          "value" : "submuköse Anwendung"
        },
        {
          "language" : "el",
          "value" : "Υποβλεννογόνειος χορήγηση"
        },
        {
          "language" : "es",
          "value" : "Vía submucosal"
        },
        {
          "language" : "fr",
          "value" : "Voie sous-muqueuse"
        },
        {
          "language" : "it",
          "value" : "Uso sottomucosale"
        },
        {
          "language" : "pt",
          "value" : "Via submucosa"
        }]
      },
      {
        "code" : "20068000",
        "display" : "Teat use",
        "designation" : [{
          "language" : "de",
          "value" : "Zitzenbehandlung"
        },
        {
          "language" : "el",
          "value" : "Θηλαία χρήση"
        },
        {
          "language" : "es",
          "value" : "Uso mamario externo"
        },
        {
          "language" : "fr",
          "value" : "Administration mammaire"
        },
        {
          "language" : "it",
          "value" : "Uso mammario"
        },
        {
          "language" : "pt",
          "value" : "Uso mamário externo"
        }]
      },
      {
        "code" : "20069000",
        "display" : "Top-dressing use",
        "designation" : [{
          "language" : "de",
          "value" : "Aufstreuen auf das Futter"
        },
        {
          "language" : "el",
          "value" : "Χορήγηση με επίπαση πάνω στην τροφή"
        },
        {
          "language" : "es",
          "value" : "Administración sobre el alimento"
        },
        {
          "language" : "fr",
          "value" : "Administration par saupoudrage sur l'alimentation"
        },
        {
          "language" : "it",
          "value" : "Somministrazione mediante dispersione superficiale sugli alimenti"
        },
        {
          "language" : "pt",
          "value" : "Dispersão superficial no alimento"
        }]
      },
      {
        "code" : "20070000",
        "display" : "Transdermal use",
        "designation" : [{
          "language" : "de",
          "value" : "transdermale Anwendung"
        },
        {
          "language" : "el",
          "value" : "Διαδερμική χρήση"
        },
        {
          "language" : "es",
          "value" : "Vía transdérmica"
        },
        {
          "language" : "fr",
          "value" : "Voie transdermique"
        },
        {
          "language" : "it",
          "value" : "Uso transdermico"
        },
        {
          "language" : "pt",
          "value" : "Via transdérmica"
        }]
      },
      {
        "code" : "20071000",
        "display" : "Urethral use",
        "designation" : [{
          "language" : "de",
          "value" : "Anwendung in der Harnröhre"
        },
        {
          "language" : "el",
          "value" : "Ουρηθρική χρήση"
        },
        {
          "language" : "es",
          "value" : "Vía uretral"
        },
        {
          "language" : "fr",
          "value" : "Voie urétrale"
        },
        {
          "language" : "it",
          "value" : "Uso uretrale"
        },
        {
          "language" : "pt",
          "value" : "Via uretral"
        }]
      },
      {
        "code" : "20072000",
        "display" : "Vaginal use",
        "designation" : [{
          "language" : "de",
          "value" : "vaginale Anwendung"
        },
        {
          "language" : "el",
          "value" : "Κολπική χρήση"
        },
        {
          "language" : "es",
          "value" : "Vía vaginal"
        },
        {
          "language" : "fr",
          "value" : "Voie vaginale"
        },
        {
          "language" : "it",
          "value" : "Uso vaginale"
        },
        {
          "language" : "pt",
          "value" : "Uso vaginal"
        }]
      },
      {
        "code" : "20073000",
        "display" : "Water-borne use",
        "designation" : [{
          "language" : "de",
          "value" : "Anwendung im Wasser"
        },
        {
          "language" : "el",
          "value" : "Διυδατική χρήση"
        },
        {
          "language" : "es",
          "value" : "Uso en el medio acuático"
        },
        {
          "language" : "fr",
          "value" : "Balnéation dans l'eau"
        },
        {
          "language" : "it",
          "value" : "Trattamento per immersione"
        },
        {
          "language" : "pt",
          "value" : "Uso no meio aquático"
        }]
      },
      {
        "code" : "20074000",
        "display" : "Wing-web-stab use",
        "designation" : [{
          "language" : "de",
          "value" : "Flügelstichapplikation"
        },
        {
          "language" : "el",
          "value" : "Χορήγηση με νύγμα πτέρυγας"
        },
        {
          "language" : "es",
          "value" : "Punción en la membrana del ala"
        },
        {
          "language" : "fr",
          "value" : "Administration par transfixion"
        },
        {
          "language" : "it",
          "value" : "Puntura alare"
        },
        {
          "language" : "pt",
          "value" : "Inoculação alar"
        }]
      },
      {
        "code" : "20080000",
        "display" : "Intracerebroventricular use",
        "designation" : [{
          "language" : "de",
          "value" : "intracerebroventrikuläre Anwendung"
        },
        {
          "language" : "el",
          "value" : "Ενδοεγκεφαλοκοιλιακή χρήση"
        },
        {
          "language" : "es",
          "value" : "Vía intracerebroventricular"
        },
        {
          "language" : "fr",
          "value" : "Voie intracérébroventriculaire"
        },
        {
          "language" : "it",
          "value" : "Uso intracerebroventricolare"
        },
        {
          "language" : "pt",
          "value" : "Via intracerebroventricular"
        }]
      },
      {
        "code" : "20081000",
        "display" : "Subretinal use",
        "designation" : [{
          "language" : "de",
          "value" : "subretinale Anwendung"
        },
        {
          "language" : "el",
          "value" : "Υπαμφιβληστροειδική χρήση"
        },
        {
          "language" : "es",
          "value" : "Uso subretinal"
        },
        {
          "language" : "fr",
          "value" : "Voie subrétinale"
        },
        {
          "language" : "it",
          "value" : "Uso sottoretinico"
        },
        {
          "language" : "pt",
          "value" : "Via subretiniana"
        }]
      },
      {
        "code" : "20084000",
        "display" : "Intracorneal use",
        "designation" : [{
          "language" : "de",
          "value" : "intracorneale Anwendung"
        },
        {
          "language" : "es",
          "value" : "Vía intracorneal"
        },
        {
          "language" : "fr",
          "value" : "Voie intracornéenne"
        },
        {
          "language" : "it",
          "value" : "Uso intracorneale"
        },
        {
          "language" : "pt",
          "value" : "Via intracorneal"
        }]
      },
      {
        "code" : "20086000",
        "display" : "Intraputaminal use",
        "designation" : [{
          "language" : "de",
          "value" : "Intraputaminale Anwendung"
        },
        {
          "language" : "es",
          "value" : "Vía intraputaminal"
        },
        {
          "language" : "it",
          "value" : "Intraputaminale"
        },
        {
          "language" : "pt",
          "value" : "Via intraputaminal"
        }]
      },
      {
        "code" : "20087000",
        "display" : "Extrapleural use",
        "designation" : [{
          "language" : "de",
          "value" : "extrapleurale Anwendung"
        },
        {
          "language" : "es",
          "value" : "Vía extrapleural"
        },
        {
          "language" : "fr",
          "value" : "Voie extrapleurale"
        },
        {
          "language" : "it",
          "value" : "Uso extrapleurico"
        },
        {
          "language" : "pt",
          "value" : "Via extrapleural"
        }]
      }]
    }]
  }
}