{
  "resourceType": "ValueSet",
  "id": "unit-of-presentation-vs",
  "text": {
    "status": "generated",
    "div": "<div xmlns=\"http://www.w3.org/1999/xhtml\"><ul><li>Include all codes defined in <a href=\"CodeSystem-unit-of-presentation-ema-cs.html\"><code>https://spor.ema.europa.eu/v1/lists/200000000014</code></a></li></ul></div>"
  },
  "url": "http://unicom-project.eu/fhir/ValueSet/unit-of-presentation-vs",
  "version": "0.1.0",
  "name": "UnitOfPresentation",
  "title": "Unit of Presentation EMA",
  "status": "active",
  "date": "2022-11-29T21:56:36+00:00",
  "publisher": "UNICOM",
  "contact": [
    {
      "name": "UNICOM",
      "telecom": [
        {
          "system": "url",
          "value": "http://medigree.net"
        }
      ]
    }
  ],
  "description": "Units of presentation. EMA SPOR RMS list based on EDQM.",
  "compose": {
    "include": [
      {
        "system": "https://spor.ema.europa.eu/v1/lists/200000000014"
      }
    ]
  }
}