<?xml version="1.0" encoding="UTF-8"?><ValueSet xmlns="http://hl7.org/fhir"><id value="packaging-spor-vs"/><text><status value="generated"/><div xmlns="http://www.w3.org/1999/xhtml"><p class="res-header-id"><b>Generated Narrative: ValueSet packaging-spor-vs</b></p><a name="packaging-spor-vs"> </a><a name="hcpackaging-spor-vs"> </a><a name="packaging-spor-vs-en-US"> </a><ul><li>Include all codes defined in <a href="CodeSystem-packaging-ema-cs.html"><code>https://spor.ema.europa.eu/v1/lists/100000073346</code></a></li></ul></div></text><url value="http://unicom-project.eu/fhir/ValueSet/packaging-spor-vs"/><version value="0.1.0"/><name value="SporPackaging"/><title value="EMA SPOR Packaging"/><status value="draft"/><experimental value="false"/><date value="2024-10-11T10:53:19+00:00"/><publisher value="UNICOM"/><contact><name value="UNICOM"/><telecom><system value="url"/><value value="http://unicom-project.eu"/></telecom></contact><description value="Packaging"/><compose><include><system value="https://spor.ema.europa.eu/v1/lists/100000073346"/></include></compose></ValueSet>