{"resourceType":"SearchParameter","id":"country","text":{"status":"generated","div":"<div xmlns=\"http://www.w3.org/1999/xhtml\"><h2>country</h2><p>Parameter <code>country</code>:<code>token</code></p><div><p>Search for MedicinalProductDefinition by country</p>\n</div><table class=\"grid\"><tr><td>Resource</td><td><a href=\"http://hl7.org/fhir/R5/medicinalproductdefinition.html\">MedicinalProductDefinition</a></td></tr><tr><td>Expression</td><td><code>MedicinalProductDefinition.name.usage.country.coding.code</code></td></tr><tr><td>Processing Mode</td><td>Normal</td></tr><tr><td>Multiples</td><td><ul><li>multipleAnd: It's up to the server whether the parameter may repeat in order to specify multiple values that must all be true</li><li>multipleOr: It's up to the server whether the parameter can have multiple values (separated by comma) where at least one must be true</li></ul></td></tr></table></div>"},"url":"http://unicom-project.eu/fhir/SearchParameter/country","version":"0.1.0","name":"country","status":"active","date":"2024-05-03T19:27:00+00:00","publisher":"UNICOM","contact":[{"name":"UNICOM","telecom":[{"system":"url","value":"http://unicom-project.eu"}]}],"description":"Search for MedicinalProductDefinition by country","code":"country","base":["MedicinalProductDefinition"],"type":"token","expression":"MedicinalProductDefinition.name.usage.country.coding.code","processingMode":"normal"}