{"resourceType":"ValueSet","id":"atc-spor-vs","text":{"status":"generated","div":"<div xmlns=\"http://www.w3.org/1999/xhtml\"><ul><li>Include all codes defined in <a href=\"CodeSystem-ATC-Human-EMA.html\"><code>https://spor.ema.europa.eu/v1/lists/100000093533</code></a></li></ul></div>"},"url":"http://unicom-project.eu/fhir/ValueSet/atc-spor-vs","version":"0.1.0","name":"SporAtc","title":"Anatomical Therapeutic Chemical classification system","status":"active","experimental":false,"date":"2023-02-03T15:06:18+00:00","publisher":"UNICOM","contact":[{"name":"UNICOM","telecom":[{"system":"url","value":"http://unicom-project.eu"}]}],"description":"Value set for Anatomical Therapeutic Chemical classification system Human and Veterinary. It combines 2 SPOR/WHO lists","compose":{"include":[{"system":"https://spor.ema.europa.eu/v1/lists/100000093533"}]}}