{"resourceType":"ValueSet","id":"record-status-spor-vs","text":{"status":"generated","div":"<div xmlns=\"http://www.w3.org/1999/xhtml\"><ul><li>Include all codes defined in <a href=\"CodeSystem-recordStatus-ema-cs.html\"><code>https://spor.ema.europa.eu/v1/lists/200000005003</code></a></li></ul></div>"},"url":"http://unicom-project.eu/fhir/ValueSet/record-status-spor-vs","version":"0.1.0","name":"SporRecordStatus","title":"Record Status","status":"active","experimental":false,"date":"2023-02-03T15:06:18+00:00","publisher":"UNICOM","contact":[{"name":"UNICOM","telecom":[{"system":"url","value":"http://unicom-project.eu"}]}],"description":"Value set for record status.","compose":{"include":[{"system":"https://spor.ema.europa.eu/v1/lists/200000005003"}]}}