{"resourceType":"ValueSet","id":"no-vs","text":{"status":"generated","div":"<div xmlns=\"http://www.w3.org/1999/xhtml\"><ul><li>Include all codes defined in <a href=\"CodeSystem-domain-ema-cs.html\"><code>https://spor.ema.europa.eu/v1/lists/100000000004</code></a></li></ul></div>"},"url":"http://unicom-project.eu/fhir/ValueSet/no-vs","version":"0.1.0","name":"NoBinding","title":"Dummy value set","status":"active","experimental":false,"date":"2023-02-03T15:06:18+00:00","publisher":"UNICOM","contact":[{"name":"UNICOM","telecom":[{"system":"url","value":"http://unicom-project.eu"}]}],"description":"Dummy value set for suppressing QA errors caused by FHIR R4B broken value set bindings","compose":{"include":[{"system":"https://spor.ema.europa.eu/v1/lists/100000000004"}]}}