<?xml version="1.0" encoding="UTF-8"?>

<MedicinalProductDefinition xmlns="http://hl7.org/fhir">
  <id value="CanifugCremolum-EE-MPD"/>
  <meta>
    <profile value="http://unicom-project.eu/fhir/StructureDefinition/PPLMedicinalProductDefinition"/>
  </meta>
  <text>
    <status value="generated"/><div xmlns="http://www.w3.org/1999/xhtml"><p class="res-header-id"><b>Generated Narrative: MedicinalProductDefinition CanifugCremolum-EE-MPD</b></p><a name="CanifugCremolum-EE-MPD"> </a><a name="hcCanifugCremolum-EE-MPD"> </a><a name="CanifugCremolum-EE-MPD-en-US"> </a><p><b>identifier</b>: <code>http://ema.europa.eu/fhir/mpId</code>/EE-100004795-10280, <code>http://ema.europa.eu/fhir/pmsId</code>/EE00000003</p><p><b>domain</b>: <span title="Codes:{https://spor.ema.europa.eu/v1/lists/100000000004 100000000012}">Human use</span></p><p><b>status</b>: <span title="Codes:{https://spor.ema.europa.eu/v1/lists/200000005003 200000005004}">Current</span></p><p><b>combinedPharmaceuticalDoseForm</b>: <span title="Codes:{https://spor.ema.europa.eu/v1/lists/200000000008 100000173972}">Cream + pessary</span></p><p><b>legalStatusOfSupply</b>: <span title="Codes:{https://spor.ema.europa.eu/v1/lists/100000072051 100000072084}">Medicinal Product subject to medical prescription</span></p><p><b>classification</b>: <span title="Codes:{https://spor.ema.europa.eu/v1/lists/100000093533 100000095693}">clotrimazole</span>, <span title="Codes:{http://www.whocc.no/atc G01AF02}">clotrimazole</span></p><blockquote><p><b>name</b></p><p><b>productName</b>: Canifug Cremolum</p><h3>Parts</h3><table class="grid"><tr><td style="display: none">-</td><td><b>Part</b></td><td><b>Type</b></td></tr><tr><td style="display: none">*</td><td>Canifug Cremolum</td><td><span title="Codes:{https://spor.ema.europa.eu/v1/lists/220000000000 220000000002}">Invented name part</span></td></tr></table><h3>Usages</h3><table class="grid"><tr><td style="display: none">-</td><td><b>Country</b></td><td><b>Language</b></td></tr><tr><td style="display: none">*</td><td><span title="Codes:{https://spor.ema.europa.eu/v1/lists/100000000002 100000000388}">Republic of Estonia</span></td><td><span title="Codes:{urn:ietf:bcp:47 et}">Estonian</span></td></tr></table></blockquote></div>
  </text>
  <identifier>
    <system value="http://ema.europa.eu/fhir/mpId"/>
    <value value="EE-100004795-10280"/>
  </identifier>
  <identifier>
    <system value="http://ema.europa.eu/fhir/pmsId"/>
    <value value="EE00000003"/>
  </identifier>
  <domain>
    <coding>
      <system value="https://spor.ema.europa.eu/v1/lists/100000000004"/>
      <code value="100000000012"/>
      <display value="Human use"/>
    </coding>
  </domain>
  <status>
    <coding>
      <system value="https://spor.ema.europa.eu/v1/lists/200000005003"/>
      <code value="200000005004"/>
      <display value="Current"/>
    </coding>
  </status>
  <combinedPharmaceuticalDoseForm>
    <coding>
      <system value="https://spor.ema.europa.eu/v1/lists/200000000008"/>
      <code value="100000173972"/>
      <display value="Cream + pessary"/>
    </coding>
  </combinedPharmaceuticalDoseForm>
  <legalStatusOfSupply>
    <coding>
      <system value="https://spor.ema.europa.eu/v1/lists/100000072051"/>
      <code value="100000072084"/>
      <display value="Medicinal Product subject to medical prescription"/>
    </coding>
  </legalStatusOfSupply>
  <classification>
    <coding>
      <system value="https://spor.ema.europa.eu/v1/lists/100000093533"/>
      <code value="100000095693"/>
      <display value="clotrimazole"/>
    </coding>
  </classification>
  <classification>
    <coding>
      <system value="http://www.whocc.no/atc"/>
      <code value="G01AF02"/>
      <display value="clotrimazole"/>
    </coding>
  </classification>
  <name>
    <productName value="Canifug Cremolum"/>
    <part>
      <part value="Canifug Cremolum"/>
      <type>
        <coding>
          <system value="https://spor.ema.europa.eu/v1/lists/220000000000"/>
          <code value="220000000002"/>
          <display value="Invented name part"/>
        </coding>
      </type>
    </part>
    <usage>
      <country>
        <coding>
          <system value="https://spor.ema.europa.eu/v1/lists/100000000002"/>
          <code value="100000000388"/>
          <display value="Republic of Estonia"/>
        </coding>
      </country>
      <language>
        <coding>
          <system value="urn:ietf:bcp:47"/>
          <code value="et"/>
          <display value="Estonian"/>
        </coding>
      </language>
    </usage>
  </name>
</MedicinalProductDefinition>