<?xml version="1.0" encoding="UTF-8"?>

<Organization xmlns="http://hl7.org/fhir">
  <id value="LOC-100000551-KrkaSverige"/>
  <meta>
    <profile value="http://unicom-project.eu/fhir/StructureDefinition/PPLOrganization"/>
  </meta>
  <text>
    <status value="generated"/><div xmlns="http://www.w3.org/1999/xhtml"><p class="res-header-id"><b>Generated Narrative: Organization LOC-100000551-KrkaSverige</b></p><a name="LOC-100000551-KrkaSverige"> </a><a name="hcLOC-100000551-KrkaSverige"> </a><a name="LOC-100000551-KrkaSverige-en-US"> </a><p><b>identifier</b>: <code>https://spor.ema.europa.eu/v1/locations</code>/LOC-100000551</p><p><b>name</b>: KRKA Sverige AB</p></div>
  </text>
  <identifier>
    <system value="https://spor.ema.europa.eu/v1/locations"/>
    <value value="LOC-100000551"/>
  </identifier>
  <name value="KRKA Sverige AB"/>
</Organization>