<?xml version="1.0" encoding="UTF-8"?>

<PackagedProductDefinition xmlns="http://hl7.org/fhir">
  <id value="Agen-5mg-Tablet-EE-PPD-1109887-A"/>
  <meta>
    <profile value="http://unicom-project.eu/fhir/StructureDefinition/PPLPackagedProductDefinition"/>
  </meta>
  <text>
    <status value="generated"/><div xmlns="http://www.w3.org/1999/xhtml"><p class="res-header-id"><b>Generated Narrative: PackagedProductDefinition Agen-5mg-Tablet-EE-PPD-1109887-A</b></p><a name="Agen-5mg-Tablet-EE-PPD-1109887-A"> </a><a name="hcAgen-5mg-Tablet-EE-PPD-1109887-A"> </a><a name="Agen-5mg-Tablet-EE-PPD-1109887-A-en-US"> </a><p><b>identifier</b>: <code>http://ema.europa.eu/example/pcid</code>/EE-100002580-15547-1109887a</p><p><b>packageFor</b>: <a href="MedicinalProductDefinition-Agen-5mg-Tablet-EE-MPD.html">MedicinalProductDefinition: identifier = http://ema.europa.eu/fhir/mpId#EE-100002580-15547; domain = Human use; status = Current; combinedPharmaceuticalDoseForm = Tablet; legalStatusOfSupply = Medicinal product subject to medical prescription; classification = amlodipine,amlodipine</a></p><p><b>containedItemQuantity</b>: 30 Tablet<span style="background: LightGoldenRodYellow"> (Details: Unit of Presentation EMA  code200000002152 = 'Tablet')</span></p><p><b>description</b>: </p><div><p>Tabletid on pakendatud PVC/PVDC/Al blistritesse (valged).</p>
</div><h3>MarketingStatuses</h3><table class="grid"><tr><td style="display: none">-</td><td><b>Country</b></td><td><b>Status</b></td></tr><tr><td style="display: none">*</td><td><span title="Codes:{https://spor.ema.europa.eu/v1/lists/100000000002 100000000388}">Republic of Estonia</span></td><td><span title="Codes:{https://spor.ema.europa.eu/v1/lists/100000072052 100000072083}">Marketed</span></td></tr></table><blockquote><p><b>packaging</b></p><p><b>type</b>: <span title="Codes:{https://spor.ema.europa.eu/v1/lists/100000073346 100000073498}">Box</span></p><p><b>quantity</b>: 1</p><p><b>material</b>: <span title="Codes:{https://spor.ema.europa.eu/v1/lists/200000003199 200000003529}">Cardboard</span></p><blockquote><p><b>packaging</b></p></blockquote></blockquote></div>
  </text>
  <identifier>
    <system value="http://ema.europa.eu/example/pcid"/>
    <value value="EE-100002580-15547-1109887a"/>
  </identifier>
  <packageFor>
    <reference value="MedicinalProductDefinition/Agen-5mg-Tablet-EE-MPD"/>
  </packageFor>
  <containedItemQuantity>
    <value value="30"/>
    <unit value="Tablet"/>
    <system value="https://spor.ema.europa.eu/v1/lists/200000000014"/>
    <code value="200000002152"/>
  </containedItemQuantity>
  <description value="Tabletid on pakendatud PVC/PVDC/Al blistritesse (valged)."/>
  <marketingStatus>
    <country>
      <coding>
        <system value="https://spor.ema.europa.eu/v1/lists/100000000002"/>
        <code value="100000000388"/>
        <display value="Republic of Estonia"/>
      </coding>
    </country>
    <status>
      <coding>
        <system value="https://spor.ema.europa.eu/v1/lists/100000072052"/>
        <code value="100000072083"/>
        <display value="Marketed"/>
      </coding>
    </status>
  </marketingStatus>
  <packaging>
    <type>
      <coding>
        <system value="https://spor.ema.europa.eu/v1/lists/100000073346"/>
        <code value="100000073498"/>
        <display value="Box"/>
      </coding>
    </type>
    <quantity value="1"/>
    <material>
      <coding>
        <system value="https://spor.ema.europa.eu/v1/lists/200000003199"/>
        <code value="200000003529"/>
        <display value="Cardboard"/>
      </coding>
    </material>
    <packaging>
      <type>
        <coding>
          <system value="https://spor.ema.europa.eu/v1/lists/100000073346"/>
          <code value="100000073496"/>
          <display value="Blister"/>
        </coding>
      </type>
      <quantity value="1"/>
      <material>
        <coding>
          <system value="https://spor.ema.europa.eu/v1/lists/200000003199"/>
          <code value="200000003222"/>
          <display value="PolyVinyl Chloride"/>
        </coding>
      </material>
      <material>
        <coding>
          <system value="https://spor.ema.europa.eu/v1/lists/200000003199"/>
          <code value="200000003225"/>
          <display value="PolyVinylidene Chloride"/>
        </coding>
      </material>
      <material>
        <coding>
          <system value="https://spor.ema.europa.eu/v1/lists/200000003199"/>
          <code value="200000003200"/>
          <display value="Aluminium"/>
        </coding>
      </material>
      <containedItem>
        <item>
          <reference>
            <reference value="ManufacturedItemDefinition/Agen-5mg-Tablet-EE-MID"/>
          </reference>
        </item>
        <amount>
          <value value="30"/>
        </amount>
      </containedItem>
    </packaging>
  </packaging>
</PackagedProductDefinition>