<?xml version="1.0" encoding="UTF-8"?>

<ValueSet xmlns="http://hl7.org/fhir">
  <id value="record-status-spor-vs"/>
  <text>
    <status value="generated"/><div xmlns="http://www.w3.org/1999/xhtml"><p class="res-header-id"><b>Generated Narrative: ValueSet record-status-spor-vs</b></p><a name="record-status-spor-vs"> </a><a name="hcrecord-status-spor-vs"> </a><a name="record-status-spor-vs-en-US"> </a><ul><li>Include all codes defined in <a href="CodeSystem-recordStatus-ema-cs.html"><code>https://spor.ema.europa.eu/v1/lists/200000005003</code></a></li></ul></div>
  </text>
  <url value="http://unicom-project.eu/fhir/ValueSet/record-status-spor-vs"/>
  <version value="0.1.0"/>
  <name value="SporRecordStatus"/>
  <title value="EMA SPOR Record Status"/>
  <status value="draft"/>
  <experimental value="false"/>
  <date value="2024-10-11T10:53:19+00:00"/>
  <publisher value="UNICOM"/>
  <contact>
    <name value="UNICOM"/>
    <telecom>
      <system value="url"/>
      <value value="http://unicom-project.eu"/>
    </telecom>
  </contact>
  <description value="Value set for record status."/>
  <compose>
    <include>
      <system value="https://spor.ema.europa.eu/v1/lists/200000005003"/>
    </include>
  </compose>
</ValueSet>