<?xml version="1.0" encoding="UTF-8"?>

<ValueSet xmlns="http://hl7.org/fhir">
  <id value="pharmaceutical-doseform-vs"/>
  <text>
    <status value="generated"/><div xmlns="http://www.w3.org/1999/xhtml"><ul><li>Include all codes defined in <a href="CodeSystem-pharmaceutical-dose-form-ema-cs.html"><code>https://spor.ema.europa.eu/v1/lists/200000000004</code></a></li></ul></div>
  </text>
  <url value="http://unicom-project.eu/fhir/ValueSet/pharmaceutical-doseform-vs"/>
  <version value="0.1.0"/>
  <name value="PharmaceuticalDoseForm"/>
  <title value="Pharmaceutical Dose Form"/>
  <status value="active"/>
  <experimental value="false"/>
  <date value="2023-02-03T15:45:39+00:00"/>
  <publisher value="UNICOM"/>
  <contact>
    <name value="UNICOM"/>
    <telecom>
      <system value="url"/>
      <value value="http://unicom-project.eu"/>
    </telecom>
  </contact>
  <description value="Pharmaceutical dose form. Does not include combination dose forms."/>
  <compose>
    <include>
      <system value="https://spor.ema.europa.eu/v1/lists/200000000004"/>
    </include>
  </compose>
</ValueSet>