{
  "resourceType" : "StructureDefinition",
  "id" : "TransitionRegulatedAuthorization",
  "text" : {
    "status" : "extensions",
    "div" : "<div xmlns=\"http://www.w3.org/1999/xhtml\"><table border=\"0\" cellpadding=\"0\" cellspacing=\"0\" style=\"border: 0px #F0F0F0 solid; font-size: 11px; font-family: verdana; vertical-align: top;\"><tr style=\"border: 1px #F0F0F0 solid; font-size: 11px; font-family: verdana; vertical-align: top\"><th style=\"vertical-align: top; text-align : left; background-color: white; border: 0px #F0F0F0 solid; padding:0px 4px 0px 4px\" class=\"hierarchy\"><a href=\"https://build.fhir.org/ig/FHIR/ig-guidance/readingIgs.html#table-views\" title=\"The logical name of the element\">Name</a></th><th style=\"vertical-align: top; text-align : left; background-color: white; border: 0px #F0F0F0 solid; padding:0px 4px 0px 4px\" class=\"hierarchy\"><a href=\"https://build.fhir.org/ig/FHIR/ig-guidance/readingIgs.html#table-views\" title=\"Information about the use of the element\">Flags</a></th><th style=\"vertical-align: top; text-align : left; background-color: white; border: 0px #F0F0F0 solid; padding:0px 4px 0px 4px\" class=\"hierarchy\"><a href=\"https://build.fhir.org/ig/FHIR/ig-guidance/readingIgs.html#table-views\" title=\"Minimum and Maximum # of times the the element can appear in the instance\">Card.</a></th><th style=\"width: 100px\" class=\"hierarchy\"><a href=\"https://build.fhir.org/ig/FHIR/ig-guidance/readingIgs.html#table-views\" title=\"Reference to the type of the element\">Type</a></th><th style=\"vertical-align: top; text-align : left; background-color: white; border: 0px #F0F0F0 solid; padding:0px 4px 0px 4px\" class=\"hierarchy\"><a href=\"https://build.fhir.org/ig/FHIR/ig-guidance/readingIgs.html#table-views\" title=\"Additional information about the element\">Description &amp; Constraints</a><span style=\"float: right\"><a href=\"https://build.fhir.org/ig/FHIR/ig-guidance/readingIgs.html#table-views\" title=\"Legend for this format\"><img src=\"http://build.fhir.org/help16.png\" alt=\"doco\" style=\"background-color: inherit\"/></a></span></th></tr><tr style=\"border: 0px #F0F0F0 solid; padding:0px; vertical-align: top; background-color: white\"><td style=\"vertical-align: top; text-align : left; background-color: white; border: 0px #F0F0F0 solid; padding:0px 4px 0px 4px; white-space: nowrap; background-image: url(tbl_bck1.png)\" class=\"hierarchy\"><img src=\"tbl_spacer.png\" alt=\".\" style=\"background-color: inherit\" class=\"hierarchy\"/><img src=\"icon_resource.png\" alt=\".\" style=\"background-color: white; background-color: inherit\" title=\"Resource\" class=\"hierarchy\"/> <a href=\"StructureDefinition-TransitionRegulatedAuthorization-definitions.html#RegulatedAuthorization\">RegulatedAuthorization</a><a name=\"RegulatedAuthorization\"> </a></td><td style=\"vertical-align: top; text-align : left; background-color: white; border: 0px #F0F0F0 solid; padding:0px 4px 0px 4px\" class=\"hierarchy\"/><td style=\"vertical-align: top; text-align : left; background-color: white; border: 0px #F0F0F0 solid; padding:0px 4px 0px 4px\" class=\"hierarchy\"><span style=\"opacity: 0.5\">0</span><span style=\"opacity: 0.5\">..</span><span style=\"opacity: 0.5\">*</span></td><td style=\"vertical-align: top; text-align : left; background-color: white; border: 0px #F0F0F0 solid; padding:0px 4px 0px 4px\" class=\"hierarchy\"><a href=\"http://hl7.org/fhir/R4B/regulatedauthorization.html\">RegulatedAuthorization</a></td><td style=\"vertical-align: top; text-align : left; background-color: white; border: 0px #F0F0F0 solid; padding:0px 4px 0px 4px\" class=\"hierarchy\"><span style=\"opacity: 0.5\">Regulatory approval, clearance or licencing related to a regulated product, treatment, facility or activity e.g. Market Authorization for a Medicinal Product</span></td></tr>\r\n<tr style=\"border: 0px #F0F0F0 solid; padding:0px; vertical-align: top; background-color: #F7F7F7\"><td style=\"vertical-align: top; text-align : left; background-color: #F7F7F7; border: 0px #F0F0F0 solid; padding:0px 4px 0px 4px; white-space: nowrap; background-image: url(tbl_bck11.png)\" class=\"hierarchy\"><img src=\"tbl_spacer.png\" alt=\".\" style=\"background-color: inherit\" class=\"hierarchy\"/><img src=\"tbl_vjoin.png\" alt=\".\" style=\"background-color: inherit\" class=\"hierarchy\"/><img src=\"icon_element.gif\" alt=\".\" style=\"background-color: #F7F7F7; background-color: inherit\" title=\"Element\" class=\"hierarchy\"/> <a href=\"StructureDefinition-TransitionRegulatedAuthorization-definitions.html#RegulatedAuthorization.identifier\" title=\"EMA IG 2.2\">identifier</a><a name=\"RegulatedAuthorization.identifier\"> </a></td><td style=\"vertical-align: top; text-align : left; background-color: #F7F7F7; border: 0px #F0F0F0 solid; padding:0px 4px 0px 4px\" class=\"hierarchy\"/><td style=\"vertical-align: top; text-align : left; background-color: #F7F7F7; border: 0px #F0F0F0 solid; padding:0px 4px 0px 4px\" class=\"hierarchy\"><span style=\"opacity: 0.5\">0</span><span style=\"opacity: 0.5\">..</span><span style=\"opacity: 0.5\">*</span></td><td style=\"vertical-align: top; text-align : left; background-color: #F7F7F7; border: 0px #F0F0F0 solid; padding:0px 4px 0px 4px\" class=\"hierarchy\"><a style=\"opacity: 0.5\" href=\"http://hl7.org/fhir/R4B/datatypes.html#Identifier\">Identifier</a></td><td style=\"vertical-align: top; text-align : left; background-color: #F7F7F7; border: 0px #F0F0F0 solid; padding:0px 4px 0px 4px\" class=\"hierarchy\">Marketing authorisation number</td></tr>\r\n<tr style=\"border: 0px #F0F0F0 solid; padding:0px; vertical-align: top; background-color: white\"><td style=\"vertical-align: top; text-align : left; background-color: white; border: 0px #F0F0F0 solid; padding:0px 4px 0px 4px; white-space: nowrap; background-image: url(tbl_bck100.png)\" class=\"hierarchy\"><img src=\"tbl_spacer.png\" alt=\".\" style=\"background-color: inherit\" class=\"hierarchy\"/><img src=\"tbl_vline.png\" alt=\".\" style=\"background-color: inherit\" class=\"hierarchy\"/><img src=\"tbl_vjoin_end.png\" alt=\".\" style=\"background-color: inherit\" class=\"hierarchy\"/><img src=\"icon_element.gif\" alt=\".\" style=\"background-color: white; background-color: inherit\" title=\"Element\" class=\"hierarchy\"/> <a href=\"StructureDefinition-TransitionRegulatedAuthorization-definitions.html#RegulatedAuthorization.identifier.system\">system</a><a name=\"RegulatedAuthorization.identifier.system\"> </a></td><td style=\"vertical-align: top; text-align : left; background-color: white; border: 0px #F0F0F0 solid; padding:0px 4px 0px 4px\" class=\"hierarchy\"/><td style=\"vertical-align: top; text-align : left; background-color: white; border: 0px #F0F0F0 solid; padding:0px 4px 0px 4px\" class=\"hierarchy\"><span style=\"opacity: 0.5\">0</span><span style=\"opacity: 0.5\">..</span><span style=\"opacity: 0.5\">1</span></td><td style=\"vertical-align: top; text-align : left; background-color: white; border: 0px #F0F0F0 solid; padding:0px 4px 0px 4px\" class=\"hierarchy\"><a style=\"opacity: 0.5\" href=\"http://hl7.org/fhir/R4B/datatypes.html#uri\">uri</a></td><td style=\"vertical-align: top; text-align : left; background-color: white; border: 0px #F0F0F0 solid; padding:0px 4px 0px 4px\" class=\"hierarchy\"><span style=\"opacity: 0.5\">The namespace for the identifier value</span><br/><span style=\"font-weight:bold\">Required Pattern: </span><span style=\"color: darkgreen\">http://ema.europa.eu/fhir/marketingAuthorizationNumber</span></td></tr>\r\n<tr style=\"border: 0px #F0F0F0 solid; padding:0px; vertical-align: top; background-color: #F7F7F7\"><td style=\"vertical-align: top; text-align : left; background-color: #F7F7F7; border: 0px #F0F0F0 solid; padding:0px 4px 0px 4px; white-space: nowrap; background-image: url(tbl_bck10.png)\" class=\"hierarchy\"><img src=\"tbl_spacer.png\" alt=\".\" style=\"background-color: inherit\" class=\"hierarchy\"/><img src=\"tbl_vjoin.png\" alt=\".\" style=\"background-color: inherit\" class=\"hierarchy\"/><img src=\"icon_reference.png\" alt=\".\" style=\"background-color: #F7F7F7; background-color: inherit\" title=\"Reference to another Resource\" class=\"hierarchy\"/> <a href=\"StructureDefinition-TransitionRegulatedAuthorization-definitions.html#RegulatedAuthorization.subject\">subject</a><a name=\"RegulatedAuthorization.subject\"> </a></td><td style=\"vertical-align: top; text-align : left; background-color: #F7F7F7; border: 0px #F0F0F0 solid; padding:0px 4px 0px 4px\" class=\"hierarchy\"/><td style=\"vertical-align: top; text-align : left; background-color: #F7F7F7; border: 0px #F0F0F0 solid; padding:0px 4px 0px 4px\" class=\"hierarchy\"><span style=\"opacity: 0.5\">0</span><span style=\"opacity: 0.5\">..</span><span style=\"opacity: 0.5\">*</span></td><td style=\"vertical-align: top; text-align : left; background-color: #F7F7F7; border: 0px #F0F0F0 solid; padding:0px 4px 0px 4px\" class=\"hierarchy\"><a href=\"http://build.fhir.org/references.html\">Reference</a>(<a href=\"StructureDefinition-TransitionMedicinalProductDefinition.html\">Processing Profile - Medicinal Product</a> | <a href=\"StructureDefinition-TransitionPackagedProductDefinition.html\">Processing Profile - Packaged Product</a>)</td><td style=\"vertical-align: top; text-align : left; background-color: #F7F7F7; border: 0px #F0F0F0 solid; padding:0px 4px 0px 4px\" class=\"hierarchy\">Reference to the medicinal product or a single package, depending on how the MA has been issued</td></tr>\r\n<tr style=\"border: 0px #F0F0F0 solid; padding:0px; vertical-align: top; background-color: white\"><td style=\"vertical-align: top; text-align : left; background-color: white; border: 0px #F0F0F0 solid; padding:0px 4px 0px 4px; white-space: nowrap; background-image: url(tbl_bck11.png)\" class=\"hierarchy\"><img src=\"tbl_spacer.png\" alt=\".\" style=\"background-color: inherit\" class=\"hierarchy\"/><img src=\"tbl_vjoin.png\" alt=\".\" style=\"background-color: inherit\" class=\"hierarchy\"/><img src=\"icon_element.gif\" alt=\".\" style=\"background-color: white; background-color: inherit\" title=\"Element\" class=\"hierarchy\"/> <a href=\"StructureDefinition-TransitionRegulatedAuthorization-definitions.html#RegulatedAuthorization.type\">type</a><a name=\"RegulatedAuthorization.type\"> </a></td><td style=\"vertical-align: top; text-align : left; background-color: white; border: 0px #F0F0F0 solid; padding:0px 4px 0px 4px\" class=\"hierarchy\"/><td style=\"vertical-align: top; text-align : left; background-color: white; border: 0px #F0F0F0 solid; padding:0px 4px 0px 4px\" class=\"hierarchy\"><span style=\"opacity: 0.5\">0</span><span style=\"opacity: 0.5\">..</span><span style=\"opacity: 0.5\">1</span></td><td style=\"vertical-align: top; text-align : left; background-color: white; border: 0px #F0F0F0 solid; padding:0px 4px 0px 4px\" class=\"hierarchy\"><a style=\"opacity: 0.5\" href=\"http://hl7.org/fhir/R4B/datatypes.html#CodeableConcept\">CodeableConcept</a></td><td style=\"vertical-align: top; text-align : left; background-color: white; border: 0px #F0F0F0 solid; padding:0px 4px 0px 4px\" class=\"hierarchy\"><span style=\"opacity: 0.5\">Overall type of this authorization, for example drug marketing approval, orphan drug designation</span><br/><span style=\"font-weight:bold\">Required Pattern: </span><span style=\"color: darkgreen\">At least the following</span></td></tr>\r\n<tr style=\"border: 0px #F0F0F0 solid; padding:0px; vertical-align: top; background-color: #F7F7F7\"><td style=\"vertical-align: top; text-align : left; background-color: #F7F7F7; border: 0px #F0F0F0 solid; padding:0px 4px 0px 4px; white-space: nowrap; background-image: url(tbl_bck101.png)\" class=\"hierarchy\"><img src=\"tbl_spacer.png\" alt=\".\" style=\"background-color: inherit\" class=\"hierarchy\"/><img src=\"tbl_vline.png\" alt=\".\" style=\"background-color: inherit\" class=\"hierarchy\"/><img src=\"tbl_vjoin_end.png\" alt=\".\" style=\"background-color: inherit\" class=\"hierarchy\"/><img src=\"icon_fixed.gif\" alt=\".\" style=\"background-color: #F7F7F7; background-color: inherit\" title=\"Fixed Value\" class=\"hierarchy\"/> <a href=\"http://hl7.org/fhir/R4B/datatypes-definitions.html#CodeableConcept.coding\">coding</a></td><td style=\"vertical-align: top; text-align : left; background-color: #F7F7F7; border: 0px #F0F0F0 solid; padding:0px 4px 0px 4px\" class=\"hierarchy\"/><td style=\"vertical-align: top; text-align : left; background-color: #F7F7F7; border: 0px #F0F0F0 solid; padding:0px 4px 0px 4px\" class=\"hierarchy\">1..*</td><td style=\"vertical-align: top; text-align : left; background-color: #F7F7F7; border: 0px #F0F0F0 solid; padding:0px 4px 0px 4px\" class=\"hierarchy\"><a href=\"http://hl7.org/fhir/R4B/datatypes.html#Coding\">Coding</a></td><td style=\"vertical-align: top; text-align : left; background-color: #F7F7F7; border: 0px #F0F0F0 solid; padding:0px 4px 0px 4px\" class=\"hierarchy\">Code defined by a terminology system<br/><span style=\"font-weight: bold\">Fixed Value: </span><span style=\"color: darkgreen\">(complex)</span></td></tr>\r\n<tr style=\"border: 0px #F0F0F0 solid; padding:0px; vertical-align: top; background-color: white\"><td style=\"vertical-align: top; text-align : left; background-color: white; border: 0px #F0F0F0 solid; padding:0px 4px 0px 4px; white-space: nowrap; background-image: url(tbl_bck1010.png)\" class=\"hierarchy\"><img src=\"tbl_spacer.png\" alt=\".\" style=\"background-color: inherit\" class=\"hierarchy\"/><img src=\"tbl_vline.png\" alt=\".\" style=\"background-color: inherit\" class=\"hierarchy\"/><img src=\"tbl_blank.png\" alt=\".\" style=\"background-color: inherit\" class=\"hierarchy\"/><img src=\"tbl_vjoin.png\" alt=\".\" style=\"background-color: inherit\" class=\"hierarchy\"/><img src=\"icon_fixed.gif\" alt=\".\" style=\"background-color: white; background-color: inherit\" title=\"Fixed Value\" class=\"hierarchy\"/> <a href=\"http://hl7.org/fhir/R4B/datatypes-definitions.html#Coding.system\">system</a></td><td style=\"vertical-align: top; text-align : left; background-color: white; border: 0px #F0F0F0 solid; padding:0px 4px 0px 4px\" class=\"hierarchy\"/><td style=\"vertical-align: top; text-align : left; background-color: white; border: 0px #F0F0F0 solid; padding:0px 4px 0px 4px\" class=\"hierarchy\">1..1</td><td style=\"vertical-align: top; text-align : left; background-color: white; border: 0px #F0F0F0 solid; padding:0px 4px 0px 4px\" class=\"hierarchy\"><a href=\"http://hl7.org/fhir/R4B/datatypes.html#uri\">uri</a></td><td style=\"vertical-align: top; text-align : left; background-color: white; border: 0px #F0F0F0 solid; padding:0px 4px 0px 4px\" class=\"hierarchy\">Identity of the terminology system<br/><span style=\"font-weight: bold\">Fixed Value: </span><span style=\"color: darkgreen\">https://spor.ema.europa.eu/v1/lists/220000000060</span></td></tr>\r\n<tr style=\"border: 0px #F0F0F0 solid; padding:0px; vertical-align: top; background-color: #F7F7F7\"><td style=\"vertical-align: top; text-align : left; background-color: #F7F7F7; border: 0px #F0F0F0 solid; padding:0px 4px 0px 4px; white-space: nowrap; background-image: url(tbl_bck1010.png)\" class=\"hierarchy\"><img src=\"tbl_spacer.png\" alt=\".\" style=\"background-color: inherit\" class=\"hierarchy\"/><img src=\"tbl_vline.png\" alt=\".\" style=\"background-color: inherit\" class=\"hierarchy\"/><img src=\"tbl_blank.png\" alt=\".\" style=\"background-color: inherit\" class=\"hierarchy\"/><img src=\"tbl_vjoin.png\" alt=\".\" style=\"background-color: inherit\" class=\"hierarchy\"/><img src=\"icon_fixed.gif\" alt=\".\" style=\"background-color: #F7F7F7; background-color: inherit\" title=\"Fixed Value\" class=\"hierarchy\"/> <a href=\"http://hl7.org/fhir/R4B/datatypes-definitions.html#Coding.code\">code</a></td><td style=\"vertical-align: top; text-align : left; background-color: #F7F7F7; border: 0px #F0F0F0 solid; padding:0px 4px 0px 4px\" class=\"hierarchy\"/><td style=\"vertical-align: top; text-align : left; background-color: #F7F7F7; border: 0px #F0F0F0 solid; padding:0px 4px 0px 4px\" class=\"hierarchy\">1..1</td><td style=\"vertical-align: top; text-align : left; background-color: #F7F7F7; border: 0px #F0F0F0 solid; padding:0px 4px 0px 4px\" class=\"hierarchy\"><a href=\"http://hl7.org/fhir/R4B/datatypes.html#code\">code</a></td><td style=\"vertical-align: top; text-align : left; background-color: #F7F7F7; border: 0px #F0F0F0 solid; padding:0px 4px 0px 4px\" class=\"hierarchy\">Symbol in syntax defined by the system<br/><span style=\"font-weight: bold\">Fixed Value: </span><span style=\"color: darkgreen\">220000000061</span></td></tr>\r\n<tr style=\"border: 0px #F0F0F0 solid; padding:0px; vertical-align: top; background-color: white\"><td style=\"vertical-align: top; text-align : left; background-color: white; border: 0px #F0F0F0 solid; padding:0px 4px 0px 4px; white-space: nowrap; background-image: url(tbl_bck1000.png)\" class=\"hierarchy\"><img src=\"tbl_spacer.png\" alt=\".\" style=\"background-color: inherit\" class=\"hierarchy\"/><img src=\"tbl_vline.png\" alt=\".\" style=\"background-color: inherit\" class=\"hierarchy\"/><img src=\"tbl_blank.png\" alt=\".\" style=\"background-color: inherit\" class=\"hierarchy\"/><img src=\"tbl_vjoin_end.png\" alt=\".\" style=\"background-color: inherit\" class=\"hierarchy\"/><img src=\"icon_fixed.gif\" alt=\".\" style=\"background-color: white; background-color: inherit\" title=\"Fixed Value\" class=\"hierarchy\"/> <a href=\"http://hl7.org/fhir/R4B/datatypes-definitions.html#Coding.display\">display</a></td><td style=\"vertical-align: top; text-align : left; background-color: white; border: 0px #F0F0F0 solid; padding:0px 4px 0px 4px\" class=\"hierarchy\"/><td style=\"vertical-align: top; text-align : left; background-color: white; border: 0px #F0F0F0 solid; padding:0px 4px 0px 4px\" class=\"hierarchy\">1..1</td><td style=\"vertical-align: top; text-align : left; background-color: white; border: 0px #F0F0F0 solid; padding:0px 4px 0px 4px\" class=\"hierarchy\"><a href=\"http://hl7.org/fhir/R4B/datatypes.html#string\">string</a></td><td style=\"vertical-align: top; text-align : left; background-color: white; border: 0px #F0F0F0 solid; padding:0px 4px 0px 4px\" class=\"hierarchy\">Representation defined by the system<br/><span style=\"font-weight: bold\">Fixed Value: </span><span style=\"color: darkgreen\">Marketing Authorisation</span></td></tr>\r\n<tr style=\"border: 0px #F0F0F0 solid; padding:0px; vertical-align: top; background-color: #F7F7F7\"><td style=\"vertical-align: top; text-align : left; background-color: #F7F7F7; border: 0px #F0F0F0 solid; padding:0px 4px 0px 4px; white-space: nowrap; background-image: url(tbl_bck10.png)\" class=\"hierarchy\"><img src=\"tbl_spacer.png\" alt=\".\" style=\"background-color: inherit\" class=\"hierarchy\"/><img src=\"tbl_vjoin.png\" alt=\".\" style=\"background-color: inherit\" class=\"hierarchy\"/><img src=\"icon_element.gif\" alt=\".\" style=\"background-color: #F7F7F7; background-color: inherit\" title=\"Element\" class=\"hierarchy\"/> <a href=\"StructureDefinition-TransitionRegulatedAuthorization-definitions.html#RegulatedAuthorization.region\" title=\"EMA IG 2.3\">region</a><a name=\"RegulatedAuthorization.region\"> </a></td><td style=\"vertical-align: top; text-align : left; background-color: #F7F7F7; border: 0px #F0F0F0 solid; padding:0px 4px 0px 4px\" class=\"hierarchy\"/><td style=\"vertical-align: top; text-align : left; background-color: #F7F7F7; border: 0px #F0F0F0 solid; padding:0px 4px 0px 4px\" class=\"hierarchy\"><span style=\"opacity: 0.5\">0</span>..1</td><td style=\"vertical-align: top; text-align : left; background-color: #F7F7F7; border: 0px #F0F0F0 solid; padding:0px 4px 0px 4px\" class=\"hierarchy\"><a style=\"opacity: 0.5\" href=\"http://hl7.org/fhir/R4B/datatypes.html#CodeableConcept\">CodeableConcept</a></td><td style=\"vertical-align: top; text-align : left; background-color: #F7F7F7; border: 0px #F0F0F0 solid; padding:0px 4px 0px 4px\" class=\"hierarchy\"><span style=\"opacity: 0.5\">The territory in which the authorization has been granted</span></td></tr>\r\n<tr style=\"border: 0px #F0F0F0 solid; padding:0px; vertical-align: top; background-color: white\"><td style=\"vertical-align: top; text-align : left; background-color: white; border: 0px #F0F0F0 solid; padding:0px 4px 0px 4px; white-space: nowrap; background-image: url(tbl_bck10.png)\" class=\"hierarchy\"><img src=\"tbl_spacer.png\" alt=\".\" style=\"background-color: inherit\" class=\"hierarchy\"/><img src=\"tbl_vjoin.png\" alt=\".\" style=\"background-color: inherit\" class=\"hierarchy\"/><img src=\"icon_element.gif\" alt=\".\" style=\"background-color: white; background-color: inherit\" title=\"Element\" class=\"hierarchy\"/> <a href=\"StructureDefinition-TransitionRegulatedAuthorization-definitions.html#RegulatedAuthorization.status\" title=\"EMA IG 2.4\">status</a><a name=\"RegulatedAuthorization.status\"> </a></td><td style=\"vertical-align: top; text-align : left; background-color: white; border: 0px #F0F0F0 solid; padding:0px 4px 0px 4px\" class=\"hierarchy\"/><td style=\"vertical-align: top; text-align : left; background-color: white; border: 0px #F0F0F0 solid; padding:0px 4px 0px 4px\" class=\"hierarchy\"><span style=\"opacity: 0.5\">0</span><span style=\"opacity: 0.5\">..</span><span style=\"opacity: 0.5\">1</span></td><td style=\"vertical-align: top; text-align : left; background-color: white; border: 0px #F0F0F0 solid; padding:0px 4px 0px 4px\" class=\"hierarchy\"><a style=\"opacity: 0.5\" href=\"http://hl7.org/fhir/R4B/datatypes.html#CodeableConcept\">CodeableConcept</a></td><td style=\"vertical-align: top; text-align : left; background-color: white; border: 0px #F0F0F0 solid; padding:0px 4px 0px 4px\" class=\"hierarchy\">Marketing authorisation status</td></tr>\r\n<tr style=\"border: 0px #F0F0F0 solid; padding:0px; vertical-align: top; background-color: #F7F7F7\"><td style=\"vertical-align: top; text-align : left; background-color: #F7F7F7; border: 0px #F0F0F0 solid; padding:0px 4px 0px 4px; white-space: nowrap; background-image: url(tbl_bck10.png)\" class=\"hierarchy\"><img src=\"tbl_spacer.png\" alt=\".\" style=\"background-color: inherit\" class=\"hierarchy\"/><img src=\"tbl_vjoin.png\" alt=\".\" style=\"background-color: inherit\" class=\"hierarchy\"/><img src=\"icon_element.gif\" alt=\".\" style=\"background-color: #F7F7F7; background-color: inherit\" title=\"Element\" class=\"hierarchy\"/> <a href=\"StructureDefinition-TransitionRegulatedAuthorization-definitions.html#RegulatedAuthorization.statusDate\" title=\"EMA IG 2.5\">statusDate</a><a name=\"RegulatedAuthorization.statusDate\"> </a></td><td style=\"vertical-align: top; text-align : left; background-color: #F7F7F7; border: 0px #F0F0F0 solid; padding:0px 4px 0px 4px\" class=\"hierarchy\"/><td style=\"vertical-align: top; text-align : left; background-color: #F7F7F7; border: 0px #F0F0F0 solid; padding:0px 4px 0px 4px\" class=\"hierarchy\"><span style=\"opacity: 0.5\">0</span><span style=\"opacity: 0.5\">..</span><span style=\"opacity: 0.5\">1</span></td><td style=\"vertical-align: top; text-align : left; background-color: #F7F7F7; border: 0px #F0F0F0 solid; padding:0px 4px 0px 4px\" class=\"hierarchy\"><a style=\"opacity: 0.5\" href=\"http://hl7.org/fhir/R4B/datatypes.html#dateTime\">dateTime</a></td><td style=\"vertical-align: top; text-align : left; background-color: #F7F7F7; border: 0px #F0F0F0 solid; padding:0px 4px 0px 4px\" class=\"hierarchy\">Issue/changing date of the marketing authorisation</td></tr>\r\n<tr style=\"border: 0px #F0F0F0 solid; padding:0px; vertical-align: top; background-color: white\"><td style=\"vertical-align: top; text-align : left; background-color: white; border: 0px #F0F0F0 solid; padding:0px 4px 0px 4px; white-space: nowrap; background-image: url(tbl_bck00.png)\" class=\"hierarchy\"><img src=\"tbl_spacer.png\" alt=\".\" style=\"background-color: inherit\" class=\"hierarchy\"/><img src=\"tbl_vjoin_end.png\" alt=\".\" style=\"background-color: inherit\" class=\"hierarchy\"/><img src=\"icon_reference.png\" alt=\".\" style=\"background-color: white; background-color: inherit\" title=\"Reference to another Resource\" class=\"hierarchy\"/> <a href=\"StructureDefinition-TransitionRegulatedAuthorization-definitions.html#RegulatedAuthorization.holder\" title=\"EMA IG 2.8\">holder</a><a name=\"RegulatedAuthorization.holder\"> </a></td><td style=\"vertical-align: top; text-align : left; background-color: white; border: 0px #F0F0F0 solid; padding:0px 4px 0px 4px\" class=\"hierarchy\"/><td style=\"vertical-align: top; text-align : left; background-color: white; border: 0px #F0F0F0 solid; padding:0px 4px 0px 4px\" class=\"hierarchy\"><span style=\"opacity: 0.5\">0</span><span style=\"opacity: 0.5\">..</span><span style=\"opacity: 0.5\">1</span></td><td style=\"vertical-align: top; text-align : left; background-color: white; border: 0px #F0F0F0 solid; padding:0px 4px 0px 4px\" class=\"hierarchy\"><a href=\"http://build.fhir.org/references.html\">Reference</a>(<a href=\"StructureDefinition-TransitionOrganization.html\">Processing Profile - Organization</a>)</td><td style=\"vertical-align: top; text-align : left; background-color: white; border: 0px #F0F0F0 solid; padding:0px 4px 0px 4px\" class=\"hierarchy\"><span style=\"opacity: 0.5\">The organization that has been granted this authorization, by the regulator</span></td></tr>\r\n<tr><td colspan=\"5\" class=\"hierarchy\"><br/><a href=\"https://build.fhir.org/ig/FHIR/ig-guidance/readingIgs.html#table-views\" title=\"Legend for this format\"><img src=\"http://build.fhir.org/help16.png\" alt=\"doco\" style=\"background-color: inherit\"/> Documentation for this format</a></td></tr></table></div>"
  },
  "extension" : [{
    "url" : "http://hl7.org/fhir/StructureDefinition/structuredefinition-category",
    "valueString" : "Specialized.Medication Definition"
  },
  {
    "url" : "http://hl7.org/fhir/StructureDefinition/structuredefinition-security-category",
    "valueCode" : "anonymous"
  }],
  "url" : "http://unicom-project.eu/fhir/StructureDefinition/TransitionRegulatedAuthorization",
  "version" : "0.1.0",
  "name" : "TransitionRegulatedAuthorization",
  "title" : "Processing Profile - Marketing Authorisation",
  "status" : "active",
  "date" : "2023-02-03T15:06:18+00:00",
  "publisher" : "UNICOM",
  "contact" : [{
    "name" : "UNICOM",
    "telecom" : [{
      "system" : "url",
      "value" : "http://unicom-project.eu"
    }]
  }],
  "description" : "Intermediate profile for processing PPL Marketing Authorisation (Regulated Authorization) data",
  "fhirVersion" : "4.3.0",
  "mapping" : [{
    "identity" : "idmp",
    "uri" : "https://en.wikipedia.org/wiki/Identification_of_medicinal_products",
    "name" : "IDMP Mapping"
  },
  {
    "identity" : "w5",
    "uri" : "http://hl7.org/fhir/fivews",
    "name" : "FiveWs Pattern Mapping"
  },
  {
    "identity" : "rim",
    "uri" : "http://hl7.org/v3",
    "name" : "RIM Mapping"
  }],
  "kind" : "resource",
  "abstract" : false,
  "type" : "RegulatedAuthorization",
  "baseDefinition" : "http://hl7.org/fhir/StructureDefinition/RegulatedAuthorization",
  "derivation" : "constraint",
  "snapshot" : {
    "element" : [{
      "id" : "RegulatedAuthorization",
      "path" : "RegulatedAuthorization",
      "short" : "Regulatory approval, clearance or licencing related to a regulated product, treatment, facility or activity e.g. Market Authorization for a Medicinal Product",
      "definition" : "Regulatory approval, clearance or licencing related to a regulated product, treatment, facility or activity that is cited in a guidance, regulation, rule or legislative act. An example is Market Authorization relating to a Medicinal Product.",
      "min" : 0,
      "max" : "*",
      "base" : {
        "path" : "RegulatedAuthorization",
        "min" : 0,
        "max" : "*"
      },
      "constraint" : [{
        "key" : "dom-2",
        "severity" : "error",
        "human" : "If the resource is contained in another resource, it SHALL NOT contain nested Resources",
        "expression" : "contained.contained.empty()",
        "xpath" : "not(parent::f:contained and f:contained)",
        "source" : "http://hl7.org/fhir/StructureDefinition/DomainResource"
      },
      {
        "key" : "dom-3",
        "severity" : "error",
        "human" : "If the resource is contained in another resource, it SHALL be referred to from elsewhere in the resource or SHALL refer to the containing resource",
        "expression" : "contained.where(((id.exists() and ('#'+id in (%resource.descendants().reference | %resource.descendants().as(canonical) | %resource.descendants().as(uri) | %resource.descendants().as(url)))) or descendants().where(reference = '#').exists() or descendants().where(as(canonical) = '#').exists() or descendants().where(as(uri) = '#').exists()).not()).trace('unmatched', id).empty()",
        "xpath" : "not(exists(for $contained in f:contained return $contained[not(exists(parent::*/descendant::f:reference/@value=concat('#', $contained/*/f:id/@value)) or exists(descendant::f:reference[@value='#']))]))",
        "source" : "http://hl7.org/fhir/StructureDefinition/DomainResource"
      },
      {
        "key" : "dom-4",
        "severity" : "error",
        "human" : "If a resource is contained in another resource, it SHALL NOT have a meta.versionId or a meta.lastUpdated",
        "expression" : "contained.meta.versionId.empty() and contained.meta.lastUpdated.empty()",
        "xpath" : "not(exists(f:contained/*/f:meta/f:versionId)) and not(exists(f:contained/*/f:meta/f:lastUpdated))",
        "source" : "http://hl7.org/fhir/StructureDefinition/DomainResource"
      },
      {
        "key" : "dom-5",
        "severity" : "error",
        "human" : "If a resource is contained in another resource, it SHALL NOT have a security label",
        "expression" : "contained.meta.security.empty()",
        "xpath" : "not(exists(f:contained/*/f:meta/f:security))",
        "source" : "http://hl7.org/fhir/StructureDefinition/DomainResource"
      },
      {
        "extension" : [{
          "url" : "http://hl7.org/fhir/StructureDefinition/elementdefinition-bestpractice",
          "valueBoolean" : true
        },
        {
          "url" : "http://hl7.org/fhir/StructureDefinition/elementdefinition-bestpractice-explanation",
          "valueMarkdown" : "When a resource has no narrative, only systems that fully understand the data can display the resource to a human safely. Including a human readable representation in the resource makes for a much more robust eco-system and cheaper handling of resources by intermediary systems. Some ecosystems restrict distribution of resources to only those systems that do fully understand the resources, and as a consequence implementers may believe that the narrative is superfluous. However experience shows that such eco-systems often open up to new participants over time."
        }],
        "key" : "dom-6",
        "severity" : "warning",
        "human" : "A resource should have narrative for robust management",
        "expression" : "text.`div`.exists()",
        "xpath" : "exists(f:text/h:div)",
        "source" : "http://hl7.org/fhir/StructureDefinition/DomainResource"
      }],
      "mustSupport" : false,
      "isModifier" : false,
      "isSummary" : false,
      "mapping" : [{
        "identity" : "rim",
        "map" : "Entity. Role, or Act"
      },
      {
        "identity" : "idmp",
        "map" : "Marketing Authorisation, Clinical Trial Authorisation"
      },
      {
        "identity" : "w5",
        "map" : "administrative.medication"
      }]
    },
    {
      "id" : "RegulatedAuthorization.id",
      "path" : "RegulatedAuthorization.id",
      "short" : "Logical id of this artifact",
      "definition" : "The logical id of the resource, as used in the URL for the resource. Once assigned, this value never changes.",
      "comment" : "The only time that a resource does not have an id is when it is being submitted to the server using a create operation.",
      "min" : 0,
      "max" : "1",
      "base" : {
        "path" : "Resource.id",
        "min" : 0,
        "max" : "1"
      },
      "type" : [{
        "extension" : [{
          "url" : "http://hl7.org/fhir/StructureDefinition/structuredefinition-fhir-type",
          "valueUrl" : "id"
        }],
        "code" : "http://hl7.org/fhirpath/System.String"
      }],
      "mustSupport" : false,
      "isModifier" : false,
      "isSummary" : true
    },
    {
      "id" : "RegulatedAuthorization.meta",
      "path" : "RegulatedAuthorization.meta",
      "short" : "Metadata about the resource",
      "definition" : "The metadata about the resource. This is content that is maintained by the infrastructure. Changes to the content might not always be associated with version changes to the resource.",
      "min" : 0,
      "max" : "1",
      "base" : {
        "path" : "Resource.meta",
        "min" : 0,
        "max" : "1"
      },
      "type" : [{
        "code" : "Meta"
      }],
      "constraint" : [{
        "key" : "ele-1",
        "severity" : "error",
        "human" : "All FHIR elements must have a @value or children",
        "expression" : "hasValue() or (children().count() > id.count())",
        "xpath" : "@value|f:*|h:div",
        "source" : "http://hl7.org/fhir/StructureDefinition/Element"
      }],
      "mustSupport" : false,
      "isModifier" : false,
      "isSummary" : true
    },
    {
      "id" : "RegulatedAuthorization.implicitRules",
      "path" : "RegulatedAuthorization.implicitRules",
      "short" : "A set of rules under which this content was created",
      "definition" : "A reference to a set of rules that were followed when the resource was constructed, and which must be understood when processing the content. Often, this is a reference to an implementation guide that defines the special rules along with other profiles etc.",
      "comment" : "Asserting this rule set restricts the content to be only understood by a limited set of trading partners. This inherently limits the usefulness of the data in the long term. However, the existing health eco-system is highly fractured, and not yet ready to define, collect, and exchange data in a generally computable sense. Wherever possible, implementers and/or specification writers should avoid using this element. Often, when used, the URL is a reference to an implementation guide that defines these special rules as part of it's narrative along with other profiles, value sets, etc.",
      "min" : 0,
      "max" : "1",
      "base" : {
        "path" : "Resource.implicitRules",
        "min" : 0,
        "max" : "1"
      },
      "type" : [{
        "code" : "uri"
      }],
      "constraint" : [{
        "key" : "ele-1",
        "severity" : "error",
        "human" : "All FHIR elements must have a @value or children",
        "expression" : "hasValue() or (children().count() > id.count())",
        "xpath" : "@value|f:*|h:div",
        "source" : "http://hl7.org/fhir/StructureDefinition/Element"
      }],
      "mustSupport" : false,
      "isModifier" : true,
      "isModifierReason" : "This element is labeled as a modifier because the implicit rules may provide additional knowledge about the resource that modifies it's meaning or interpretation",
      "isSummary" : true
    },
    {
      "id" : "RegulatedAuthorization.language",
      "path" : "RegulatedAuthorization.language",
      "short" : "Language of the resource content",
      "definition" : "The base language in which the resource is written.",
      "comment" : "Language is provided to support indexing and accessibility (typically, services such as text to speech use the language tag). The html language tag in the narrative applies  to the narrative. The language tag on the resource may be used to specify the language of other presentations generated from the data in the resource. Not all the content has to be in the base language. The Resource.language should not be assumed to apply to the narrative automatically. If a language is specified, it should it also be specified on the div element in the html (see rules in HTML5 for information about the relationship between xml:lang and the html lang attribute).",
      "min" : 0,
      "max" : "1",
      "base" : {
        "path" : "Resource.language",
        "min" : 0,
        "max" : "1"
      },
      "type" : [{
        "code" : "code"
      }],
      "constraint" : [{
        "key" : "ele-1",
        "severity" : "error",
        "human" : "All FHIR elements must have a @value or children",
        "expression" : "hasValue() or (children().count() > id.count())",
        "xpath" : "@value|f:*|h:div",
        "source" : "http://hl7.org/fhir/StructureDefinition/Element"
      }],
      "mustSupport" : false,
      "isModifier" : false,
      "isSummary" : false,
      "binding" : {
        "extension" : [{
          "url" : "http://hl7.org/fhir/StructureDefinition/elementdefinition-maxValueSet",
          "valueCanonical" : "http://hl7.org/fhir/ValueSet/all-languages"
        },
        {
          "url" : "http://hl7.org/fhir/StructureDefinition/elementdefinition-bindingName",
          "valueString" : "Language"
        },
        {
          "url" : "http://hl7.org/fhir/StructureDefinition/elementdefinition-isCommonBinding",
          "valueBoolean" : true
        }],
        "strength" : "preferred",
        "description" : "IETF language tag",
        "valueSet" : "http://hl7.org/fhir/ValueSet/languages"
      }
    },
    {
      "id" : "RegulatedAuthorization.text",
      "path" : "RegulatedAuthorization.text",
      "short" : "Text summary of the resource, for human interpretation",
      "definition" : "A human-readable narrative that contains a summary of the resource and can be used to represent the content of the resource to a human. The narrative need not encode all the structured data, but is required to contain sufficient detail to make it \"clinically safe\" for a human to just read the narrative. Resource definitions may define what content should be represented in the narrative to ensure clinical safety.",
      "comment" : "Contained resources do not have narrative. Resources that are not contained SHOULD have a narrative. In some cases, a resource may only have text with little or no additional discrete data (as long as all minOccurs=1 elements are satisfied).  This may be necessary for data from legacy systems where information is captured as a \"text blob\" or where text is additionally entered raw or narrated and encoded information is added later.",
      "alias" : ["narrative",
      "html",
      "xhtml",
      "display"],
      "min" : 0,
      "max" : "1",
      "base" : {
        "path" : "DomainResource.text",
        "min" : 0,
        "max" : "1"
      },
      "type" : [{
        "code" : "Narrative"
      }],
      "constraint" : [{
        "key" : "ele-1",
        "severity" : "error",
        "human" : "All FHIR elements must have a @value or children",
        "expression" : "hasValue() or (children().count() > id.count())",
        "xpath" : "@value|f:*|h:div",
        "source" : "http://hl7.org/fhir/StructureDefinition/Element"
      }],
      "mustSupport" : false,
      "isModifier" : false,
      "isSummary" : false,
      "mapping" : [{
        "identity" : "rim",
        "map" : "Act.text?"
      }]
    },
    {
      "id" : "RegulatedAuthorization.contained",
      "path" : "RegulatedAuthorization.contained",
      "short" : "Contained, inline Resources",
      "definition" : "These resources do not have an independent existence apart from the resource that contains them - they cannot be identified independently, and nor can they have their own independent transaction scope.",
      "comment" : "This should never be done when the content can be identified properly, as once identification is lost, it is extremely difficult (and context dependent) to restore it again. Contained resources may have profiles and tags In their meta elements, but SHALL NOT have security labels.",
      "alias" : ["inline resources",
      "anonymous resources",
      "contained resources"],
      "min" : 0,
      "max" : "*",
      "base" : {
        "path" : "DomainResource.contained",
        "min" : 0,
        "max" : "*"
      },
      "type" : [{
        "code" : "Resource"
      }],
      "constraint" : [{
        "key" : "dom-r4b",
        "severity" : "warning",
        "human" : "Containing new R4B resources within R4 resources may cause interoperability issues if instances are shared with R4 systems",
        "expression" : "($this is Citation or $this is Evidence or $this is EvidenceReport or $this is EvidenceVariable or $this is MedicinalProductDefinition or $this is PackagedProductDefinition or $this is AdministrableProductDefinition or $this is Ingredient or $this is ClinicalUseDefinition or $this is RegulatedAuthorization or $this is SubstanceDefinition or $this is SubscriptionStatus or $this is SubscriptionTopic) implies (%resource is Citation or %resource is Evidence or %resource is EvidenceReport or %resource is EvidenceVariable or %resource is MedicinalProductDefinition or %resource is PackagedProductDefinition or %resource is AdministrableProductDefinition or %resource is Ingredient or %resource is ClinicalUseDefinition or %resource is RegulatedAuthorization or %resource is SubstanceDefinition or %resource is SubscriptionStatus or %resource is SubscriptionTopic)",
        "xpath" : "not(f:Citation|f:Evidence|f:EvidenceReport|f:EvidenceVariable|f:MedicinalProductDefinition|f:PackagedProductDefinition|f:AdministrableProductDefinition|f:Ingredient|f:ClinicalUseDefinition|f:RegulatedAuthorization|f:SubstanceDefinition|f:SubscriptionStatus|f:SubscriptionTopic) or not(parent::f:Citation|parent::f:Evidence|parent::f:EvidenceReport|parent::f:EvidenceVariable|parent::f:MedicinalProductDefinition|parent::f:PackagedProductDefinition|parent::f:AdministrableProductDefinition|parent::f:Ingredient|parent::f:ClinicalUseDefinition|parent::f:RegulatedAuthorization|parent::f:SubstanceDefinition|f:SubscriptionStatus|f:SubscriptionTopic)",
        "source" : "http://hl7.org/fhir/StructureDefinition/RegulatedAuthorization"
      }],
      "mustSupport" : false,
      "isModifier" : false,
      "isSummary" : false,
      "mapping" : [{
        "identity" : "rim",
        "map" : "N/A"
      }]
    },
    {
      "id" : "RegulatedAuthorization.extension",
      "path" : "RegulatedAuthorization.extension",
      "short" : "Additional content defined by implementations",
      "definition" : "May be used to represent additional information that is not part of the basic definition of the resource. To make the use of extensions safe and manageable, there is a strict set of governance  applied to the definition and use of extensions. Though any implementer can define an extension, there is a set of requirements that SHALL be met as part of the definition of the extension.",
      "comment" : "There can be no stigma associated with the use of extensions by any application, project, or standard - regardless of the institution or jurisdiction that uses or defines the extensions.  The use of extensions is what allows the FHIR specification to retain a core level of simplicity for everyone.",
      "alias" : ["extensions",
      "user content"],
      "min" : 0,
      "max" : "*",
      "base" : {
        "path" : "DomainResource.extension",
        "min" : 0,
        "max" : "*"
      },
      "type" : [{
        "code" : "Extension"
      }],
      "constraint" : [{
        "key" : "ele-1",
        "severity" : "error",
        "human" : "All FHIR elements must have a @value or children",
        "expression" : "hasValue() or (children().count() > id.count())",
        "xpath" : "@value|f:*|h:div",
        "source" : "http://hl7.org/fhir/StructureDefinition/Element"
      },
      {
        "key" : "ext-1",
        "severity" : "error",
        "human" : "Must have either extensions or value[x], not both",
        "expression" : "extension.exists() != value.exists()",
        "xpath" : "exists(f:extension)!=exists(f:*[starts-with(local-name(.), \"value\")])",
        "source" : "http://hl7.org/fhir/StructureDefinition/Extension"
      }],
      "mustSupport" : false,
      "isModifier" : false,
      "isSummary" : false,
      "mapping" : [{
        "identity" : "rim",
        "map" : "N/A"
      }]
    },
    {
      "id" : "RegulatedAuthorization.modifierExtension",
      "path" : "RegulatedAuthorization.modifierExtension",
      "short" : "Extensions that cannot be ignored",
      "definition" : "May be used to represent additional information that is not part of the basic definition of the resource and that modifies the understanding of the element that contains it and/or the understanding of the containing element's descendants. Usually modifier elements provide negation or qualification. To make the use of extensions safe and manageable, there is a strict set of governance applied to the definition and use of extensions. Though any implementer is allowed to define an extension, there is a set of requirements that SHALL be met as part of the definition of the extension. Applications processing a resource are required to check for modifier extensions.\n\nModifier extensions SHALL NOT change the meaning of any elements on Resource or DomainResource (including cannot change the meaning of modifierExtension itself).",
      "comment" : "There can be no stigma associated with the use of extensions by any application, project, or standard - regardless of the institution or jurisdiction that uses or defines the extensions.  The use of extensions is what allows the FHIR specification to retain a core level of simplicity for everyone.",
      "requirements" : "Modifier extensions allow for extensions that *cannot* be safely ignored to be clearly distinguished from the vast majority of extensions which can be safely ignored.  This promotes interoperability by eliminating the need for implementers to prohibit the presence of extensions. For further information, see the [definition of modifier extensions](http://hl7.org/fhir/R4B/extensibility.html#modifierExtension).",
      "alias" : ["extensions",
      "user content"],
      "min" : 0,
      "max" : "*",
      "base" : {
        "path" : "DomainResource.modifierExtension",
        "min" : 0,
        "max" : "*"
      },
      "type" : [{
        "code" : "Extension"
      }],
      "constraint" : [{
        "key" : "ele-1",
        "severity" : "error",
        "human" : "All FHIR elements must have a @value or children",
        "expression" : "hasValue() or (children().count() > id.count())",
        "xpath" : "@value|f:*|h:div",
        "source" : "http://hl7.org/fhir/StructureDefinition/Element"
      },
      {
        "key" : "ext-1",
        "severity" : "error",
        "human" : "Must have either extensions or value[x], not both",
        "expression" : "extension.exists() != value.exists()",
        "xpath" : "exists(f:extension)!=exists(f:*[starts-with(local-name(.), \"value\")])",
        "source" : "http://hl7.org/fhir/StructureDefinition/Extension"
      }],
      "mustSupport" : false,
      "isModifier" : true,
      "isModifierReason" : "Modifier extensions are expected to modify the meaning or interpretation of the resource that contains them",
      "isSummary" : false,
      "mapping" : [{
        "identity" : "rim",
        "map" : "N/A"
      }]
    },
    {
      "id" : "RegulatedAuthorization.identifier",
      "path" : "RegulatedAuthorization.identifier",
      "short" : "Marketing authorisation number",
      "definition" : "EMA IG 2.2",
      "min" : 0,
      "max" : "*",
      "base" : {
        "path" : "RegulatedAuthorization.identifier",
        "min" : 0,
        "max" : "*"
      },
      "type" : [{
        "code" : "Identifier"
      }],
      "constraint" : [{
        "key" : "ele-1",
        "severity" : "error",
        "human" : "All FHIR elements must have a @value or children",
        "expression" : "hasValue() or (children().count() > id.count())",
        "xpath" : "@value|f:*|h:div",
        "source" : "http://hl7.org/fhir/StructureDefinition/Element"
      }],
      "mustSupport" : false,
      "isModifier" : false,
      "isSummary" : true,
      "mapping" : [{
        "identity" : "idmp",
        "map" : "Marketing Authorisation.Marketing Authorisation Number"
      }]
    },
    {
      "id" : "RegulatedAuthorization.identifier.id",
      "path" : "RegulatedAuthorization.identifier.id",
      "representation" : ["xmlAttr"],
      "short" : "Unique id for inter-element referencing",
      "definition" : "Unique id for the element within a resource (for internal references). This may be any string value that does not contain spaces.",
      "min" : 0,
      "max" : "1",
      "base" : {
        "path" : "Element.id",
        "min" : 0,
        "max" : "1"
      },
      "type" : [{
        "extension" : [{
          "url" : "http://hl7.org/fhir/StructureDefinition/structuredefinition-fhir-type",
          "valueUrl" : "id"
        }],
        "code" : "http://hl7.org/fhirpath/System.String"
      }],
      "isModifier" : false,
      "isSummary" : false,
      "mapping" : [{
        "identity" : "rim",
        "map" : "n/a"
      }]
    },
    {
      "id" : "RegulatedAuthorization.identifier.extension",
      "path" : "RegulatedAuthorization.identifier.extension",
      "slicing" : {
        "discriminator" : [{
          "type" : "value",
          "path" : "url"
        }],
        "description" : "Extensions are always sliced by (at least) url",
        "rules" : "open"
      },
      "short" : "Additional content defined by implementations",
      "definition" : "May be used to represent additional information that is not part of the basic definition of the element. To make the use of extensions safe and manageable, there is a strict set of governance  applied to the definition and use of extensions. Though any implementer can define an extension, there is a set of requirements that SHALL be met as part of the definition of the extension.",
      "comment" : "There can be no stigma associated with the use of extensions by any application, project, or standard - regardless of the institution or jurisdiction that uses or defines the extensions.  The use of extensions is what allows the FHIR specification to retain a core level of simplicity for everyone.",
      "alias" : ["extensions",
      "user content"],
      "min" : 0,
      "max" : "*",
      "base" : {
        "path" : "Element.extension",
        "min" : 0,
        "max" : "*"
      },
      "type" : [{
        "code" : "Extension"
      }],
      "constraint" : [{
        "key" : "ele-1",
        "severity" : "error",
        "human" : "All FHIR elements must have a @value or children",
        "expression" : "hasValue() or (children().count() > id.count())",
        "xpath" : "@value|f:*|h:div",
        "source" : "http://hl7.org/fhir/StructureDefinition/Element"
      },
      {
        "key" : "ext-1",
        "severity" : "error",
        "human" : "Must have either extensions or value[x], not both",
        "expression" : "extension.exists() != value.exists()",
        "xpath" : "exists(f:extension)!=exists(f:*[starts-with(local-name(.), \"value\")])",
        "source" : "http://hl7.org/fhir/StructureDefinition/Extension"
      }],
      "isModifier" : false,
      "isSummary" : false,
      "mapping" : [{
        "identity" : "rim",
        "map" : "n/a"
      }]
    },
    {
      "id" : "RegulatedAuthorization.identifier.use",
      "path" : "RegulatedAuthorization.identifier.use",
      "short" : "usual | official | temp | secondary | old (If known)",
      "definition" : "The purpose of this identifier.",
      "comment" : "Applications can assume that an identifier is permanent unless it explicitly says that it is temporary.",
      "requirements" : "Allows the appropriate identifier for a particular context of use to be selected from among a set of identifiers.",
      "min" : 0,
      "max" : "1",
      "base" : {
        "path" : "Identifier.use",
        "min" : 0,
        "max" : "1"
      },
      "type" : [{
        "code" : "code"
      }],
      "constraint" : [{
        "key" : "ele-1",
        "severity" : "error",
        "human" : "All FHIR elements must have a @value or children",
        "expression" : "hasValue() or (children().count() > id.count())",
        "xpath" : "@value|f:*|h:div",
        "source" : "http://hl7.org/fhir/StructureDefinition/Element"
      }],
      "isModifier" : true,
      "isModifierReason" : "This is labeled as \"Is Modifier\" because applications should not mistake a temporary id for a permanent one.",
      "isSummary" : true,
      "binding" : {
        "extension" : [{
          "url" : "http://hl7.org/fhir/build/StructureDefinition/binding-definition",
          "valueString" : "Identifies the purpose for this identifier, if known ."
        },
        {
          "url" : "http://hl7.org/fhir/StructureDefinition/elementdefinition-bindingName",
          "valueString" : "IdentifierUse"
        }],
        "strength" : "required",
        "valueSet" : "http://hl7.org/fhir/ValueSet/identifier-use|4.3.0"
      },
      "mapping" : [{
        "identity" : "v2",
        "map" : "N/A"
      },
      {
        "identity" : "rim",
        "map" : "Role.code or implied by context"
      }]
    },
    {
      "id" : "RegulatedAuthorization.identifier.type",
      "path" : "RegulatedAuthorization.identifier.type",
      "short" : "Description of identifier",
      "definition" : "A coded type for the identifier that can be used to determine which identifier to use for a specific purpose.",
      "comment" : "This element deals only with general categories of identifiers.  It SHOULD not be used for codes that correspond 1..1 with the Identifier.system. Some identifiers may fall into multiple categories due to common usage.   Where the system is known, a type is unnecessary because the type is always part of the system definition. However systems often need to handle identifiers where the system is not known. There is not a 1:1 relationship between type and system, since many different systems have the same type.",
      "requirements" : "Allows users to make use of identifiers when the identifier system is not known.",
      "min" : 0,
      "max" : "1",
      "base" : {
        "path" : "Identifier.type",
        "min" : 0,
        "max" : "1"
      },
      "type" : [{
        "code" : "CodeableConcept"
      }],
      "constraint" : [{
        "key" : "ele-1",
        "severity" : "error",
        "human" : "All FHIR elements must have a @value or children",
        "expression" : "hasValue() or (children().count() > id.count())",
        "xpath" : "@value|f:*|h:div",
        "source" : "http://hl7.org/fhir/StructureDefinition/Element"
      }],
      "isModifier" : false,
      "isSummary" : true,
      "binding" : {
        "extension" : [{
          "url" : "http://hl7.org/fhir/build/StructureDefinition/binding-definition",
          "valueString" : "A coded type for an identifier that can be used to determine which identifier to use for a specific purpose."
        },
        {
          "url" : "http://hl7.org/fhir/StructureDefinition/elementdefinition-bindingName",
          "valueString" : "IdentifierType"
        },
        {
          "url" : "http://hl7.org/fhir/StructureDefinition/elementdefinition-isCommonBinding",
          "valueBoolean" : true
        }],
        "strength" : "extensible",
        "valueSet" : "http://hl7.org/fhir/ValueSet/identifier-type"
      },
      "mapping" : [{
        "identity" : "v2",
        "map" : "CX.5"
      },
      {
        "identity" : "rim",
        "map" : "Role.code or implied by context"
      }]
    },
    {
      "id" : "RegulatedAuthorization.identifier.system",
      "path" : "RegulatedAuthorization.identifier.system",
      "short" : "The namespace for the identifier value",
      "definition" : "Establishes the namespace for the value - that is, a URL that describes a set values that are unique.",
      "comment" : "Identifier.system is always case sensitive.",
      "requirements" : "There are many sets  of identifiers.  To perform matching of two identifiers, we need to know what set we're dealing with. The system identifies a particular set of unique identifiers.",
      "min" : 0,
      "max" : "1",
      "base" : {
        "path" : "Identifier.system",
        "min" : 0,
        "max" : "1"
      },
      "type" : [{
        "code" : "uri"
      }],
      "patternUri" : "http://ema.europa.eu/fhir/marketingAuthorizationNumber",
      "example" : [{
        "label" : "General",
        "valueUri" : "http://www.acme.com/identifiers/patient"
      }],
      "constraint" : [{
        "key" : "ele-1",
        "severity" : "error",
        "human" : "All FHIR elements must have a @value or children",
        "expression" : "hasValue() or (children().count() > id.count())",
        "xpath" : "@value|f:*|h:div",
        "source" : "http://hl7.org/fhir/StructureDefinition/Element"
      }],
      "isModifier" : false,
      "isSummary" : true,
      "mapping" : [{
        "identity" : "v2",
        "map" : "CX.4 / EI-2-4"
      },
      {
        "identity" : "rim",
        "map" : "II.root or Role.id.root"
      },
      {
        "identity" : "servd",
        "map" : "./IdentifierType"
      }]
    },
    {
      "id" : "RegulatedAuthorization.identifier.value",
      "path" : "RegulatedAuthorization.identifier.value",
      "short" : "The value that is unique",
      "definition" : "The portion of the identifier typically relevant to the user and which is unique within the context of the system.",
      "comment" : "If the value is a full URI, then the system SHALL be urn:ietf:rfc:3986.  The value's primary purpose is computational mapping.  As a result, it may be normalized for comparison purposes (e.g. removing non-significant whitespace, dashes, etc.)  A value formatted for human display can be conveyed using the [Rendered Value extension](http://hl7.org/fhir/R4B/extension-rendered-value.html). Identifier.value is to be treated as case sensitive unless knowledge of the Identifier.system allows the processer to be confident that non-case-sensitive processing is safe.",
      "min" : 0,
      "max" : "1",
      "base" : {
        "path" : "Identifier.value",
        "min" : 0,
        "max" : "1"
      },
      "type" : [{
        "code" : "string"
      }],
      "example" : [{
        "label" : "General",
        "valueString" : "123456"
      }],
      "constraint" : [{
        "key" : "ele-1",
        "severity" : "error",
        "human" : "All FHIR elements must have a @value or children",
        "expression" : "hasValue() or (children().count() > id.count())",
        "xpath" : "@value|f:*|h:div",
        "source" : "http://hl7.org/fhir/StructureDefinition/Element"
      }],
      "isModifier" : false,
      "isSummary" : true,
      "mapping" : [{
        "identity" : "v2",
        "map" : "CX.1 / EI.1"
      },
      {
        "identity" : "rim",
        "map" : "II.extension or II.root if system indicates OID or GUID (Or Role.id.extension or root)"
      },
      {
        "identity" : "servd",
        "map" : "./Value"
      }]
    },
    {
      "id" : "RegulatedAuthorization.identifier.period",
      "path" : "RegulatedAuthorization.identifier.period",
      "short" : "Time period when id is/was valid for use",
      "definition" : "Time period during which identifier is/was valid for use.",
      "min" : 0,
      "max" : "1",
      "base" : {
        "path" : "Identifier.period",
        "min" : 0,
        "max" : "1"
      },
      "type" : [{
        "code" : "Period"
      }],
      "constraint" : [{
        "key" : "ele-1",
        "severity" : "error",
        "human" : "All FHIR elements must have a @value or children",
        "expression" : "hasValue() or (children().count() > id.count())",
        "xpath" : "@value|f:*|h:div",
        "source" : "http://hl7.org/fhir/StructureDefinition/Element"
      }],
      "isModifier" : false,
      "isSummary" : true,
      "mapping" : [{
        "identity" : "v2",
        "map" : "CX.7 + CX.8"
      },
      {
        "identity" : "rim",
        "map" : "Role.effectiveTime or implied by context"
      },
      {
        "identity" : "servd",
        "map" : "./StartDate and ./EndDate"
      }]
    },
    {
      "id" : "RegulatedAuthorization.identifier.assigner",
      "path" : "RegulatedAuthorization.identifier.assigner",
      "short" : "Organization that issued id (may be just text)",
      "definition" : "Organization that issued/manages the identifier.",
      "comment" : "The Identifier.assigner may omit the .reference element and only contain a .display element reflecting the name or other textual information about the assigning organization.",
      "min" : 0,
      "max" : "1",
      "base" : {
        "path" : "Identifier.assigner",
        "min" : 0,
        "max" : "1"
      },
      "type" : [{
        "code" : "Reference",
        "targetProfile" : ["http://hl7.org/fhir/StructureDefinition/Organization"]
      }],
      "constraint" : [{
        "key" : "ele-1",
        "severity" : "error",
        "human" : "All FHIR elements must have a @value or children",
        "expression" : "hasValue() or (children().count() > id.count())",
        "xpath" : "@value|f:*|h:div",
        "source" : "http://hl7.org/fhir/StructureDefinition/Element"
      }],
      "isModifier" : false,
      "isSummary" : true,
      "mapping" : [{
        "identity" : "v2",
        "map" : "CX.4 / (CX.4,CX.9,CX.10)"
      },
      {
        "identity" : "rim",
        "map" : "II.assigningAuthorityName but note that this is an improper use by the definition of the field.  Also Role.scoper"
      },
      {
        "identity" : "servd",
        "map" : "./IdentifierIssuingAuthority"
      }]
    },
    {
      "id" : "RegulatedAuthorization.subject",
      "path" : "RegulatedAuthorization.subject",
      "short" : "Reference to the medicinal product or a single package, depending on how the MA has been issued",
      "definition" : "The product type, treatment, facility or activity that is being authorized.",
      "min" : 0,
      "max" : "*",
      "base" : {
        "path" : "RegulatedAuthorization.subject",
        "min" : 0,
        "max" : "*"
      },
      "type" : [{
        "code" : "Reference",
        "targetProfile" : ["http://unicom-project.eu/fhir/StructureDefinition/TransitionMedicinalProductDefinition",
        "http://unicom-project.eu/fhir/StructureDefinition/TransitionPackagedProductDefinition"]
      }],
      "constraint" : [{
        "key" : "ele-1",
        "severity" : "error",
        "human" : "All FHIR elements must have a @value or children",
        "expression" : "hasValue() or (children().count() > id.count())",
        "xpath" : "@value|f:*|h:div",
        "source" : "http://hl7.org/fhir/StructureDefinition/Element"
      }],
      "mustSupport" : false,
      "isModifier" : false,
      "isSummary" : true,
      "mapping" : [{
        "identity" : "idmp",
        "map" : "(the link to Medicinal Product or Packaged Medicinal Product)"
      }]
    },
    {
      "id" : "RegulatedAuthorization.type",
      "path" : "RegulatedAuthorization.type",
      "short" : "Overall type of this authorization, for example drug marketing approval, orphan drug designation",
      "definition" : "Overall type of this authorization, for example drug marketing approval, orphan drug designation.",
      "min" : 0,
      "max" : "1",
      "base" : {
        "path" : "RegulatedAuthorization.type",
        "min" : 0,
        "max" : "1"
      },
      "type" : [{
        "code" : "CodeableConcept"
      }],
      "patternCodeableConcept" : {
        "coding" : [{
          "system" : "https://spor.ema.europa.eu/v1/lists/220000000060",
          "code" : "220000000061",
          "display" : "Marketing Authorisation"
        }]
      },
      "constraint" : [{
        "key" : "ele-1",
        "severity" : "error",
        "human" : "All FHIR elements must have a @value or children",
        "expression" : "hasValue() or (children().count() > id.count())",
        "xpath" : "@value|f:*|h:div",
        "source" : "http://hl7.org/fhir/StructureDefinition/Element"
      }],
      "mustSupport" : false,
      "isModifier" : false,
      "isSummary" : true,
      "binding" : {
        "extension" : [{
          "url" : "http://hl7.org/fhir/StructureDefinition/elementdefinition-bindingName",
          "valueString" : "RegulatedAuthorizationType"
        }],
        "strength" : "example",
        "description" : "Overall type of this authorization.",
        "valueSet" : "http://hl7.org/fhir/ValueSet/regulated-authorization-type"
      },
      "mapping" : [{
        "identity" : "idmp",
        "map" : "n/a"
      }]
    },
    {
      "id" : "RegulatedAuthorization.description",
      "path" : "RegulatedAuthorization.description",
      "short" : "General textual supporting information",
      "definition" : "General textual supporting information.",
      "min" : 0,
      "max" : "1",
      "base" : {
        "path" : "RegulatedAuthorization.description",
        "min" : 0,
        "max" : "1"
      },
      "type" : [{
        "code" : "markdown"
      }],
      "constraint" : [{
        "key" : "ele-1",
        "severity" : "error",
        "human" : "All FHIR elements must have a @value or children",
        "expression" : "hasValue() or (children().count() > id.count())",
        "xpath" : "@value|f:*|h:div",
        "source" : "http://hl7.org/fhir/StructureDefinition/Element"
      }],
      "mustSupport" : false,
      "isModifier" : false,
      "isSummary" : true,
      "mapping" : [{
        "identity" : "idmp",
        "map" : "n/a"
      }]
    },
    {
      "id" : "RegulatedAuthorization.region",
      "path" : "RegulatedAuthorization.region",
      "short" : "The territory in which the authorization has been granted",
      "definition" : "EMA IG 2.3",
      "min" : 0,
      "max" : "1",
      "base" : {
        "path" : "RegulatedAuthorization.region",
        "min" : 0,
        "max" : "*"
      },
      "type" : [{
        "code" : "CodeableConcept"
      }],
      "constraint" : [{
        "key" : "ele-1",
        "severity" : "error",
        "human" : "All FHIR elements must have a @value or children",
        "expression" : "hasValue() or (children().count() > id.count())",
        "xpath" : "@value|f:*|h:div",
        "source" : "http://hl7.org/fhir/StructureDefinition/Element"
      }],
      "mustSupport" : false,
      "isModifier" : false,
      "isSummary" : true,
      "binding" : {
        "extension" : [{
          "url" : "http://hl7.org/fhir/StructureDefinition/elementdefinition-bindingName",
          "valueString" : "Jurisdiction"
        },
        {
          "url" : "http://hl7.org/fhir/StructureDefinition/elementdefinition-isCommonBinding",
          "valueBoolean" : true
        }],
        "strength" : "example",
        "description" : "Jurisdiction codes",
        "valueSet" : "http://hl7.org/fhir/ValueSet/jurisdiction"
      },
      "mapping" : [{
        "identity" : "idmp",
        "map" : "Marketing Authorisation.Country"
      }]
    },
    {
      "id" : "RegulatedAuthorization.status",
      "path" : "RegulatedAuthorization.status",
      "short" : "Marketing authorisation status",
      "definition" : "EMA IG 2.4",
      "min" : 0,
      "max" : "1",
      "base" : {
        "path" : "RegulatedAuthorization.status",
        "min" : 0,
        "max" : "1"
      },
      "type" : [{
        "code" : "CodeableConcept"
      }],
      "constraint" : [{
        "key" : "ele-1",
        "severity" : "error",
        "human" : "All FHIR elements must have a @value or children",
        "expression" : "hasValue() or (children().count() > id.count())",
        "xpath" : "@value|f:*|h:div",
        "source" : "http://hl7.org/fhir/StructureDefinition/Element"
      }],
      "mustSupport" : false,
      "isModifier" : false,
      "isSummary" : true,
      "binding" : {
        "extension" : [{
          "url" : "http://hl7.org/fhir/StructureDefinition/elementdefinition-bindingName",
          "valueString" : "PublicationStatus"
        },
        {
          "url" : "http://hl7.org/fhir/StructureDefinition/elementdefinition-isCommonBinding",
          "valueBoolean" : true
        }],
        "strength" : "preferred",
        "description" : "The lifecycle status of an artifact.",
        "valueSet" : "http://hl7.org/fhir/ValueSet/publication-status"
      },
      "mapping" : [{
        "identity" : "idmp",
        "map" : "Marketing Authorisation.Authorisation Status"
      }]
    },
    {
      "id" : "RegulatedAuthorization.statusDate",
      "path" : "RegulatedAuthorization.statusDate",
      "short" : "Issue/changing date of the marketing authorisation",
      "definition" : "EMA IG 2.5",
      "min" : 0,
      "max" : "1",
      "base" : {
        "path" : "RegulatedAuthorization.statusDate",
        "min" : 0,
        "max" : "1"
      },
      "type" : [{
        "code" : "dateTime"
      }],
      "constraint" : [{
        "key" : "ele-1",
        "severity" : "error",
        "human" : "All FHIR elements must have a @value or children",
        "expression" : "hasValue() or (children().count() > id.count())",
        "xpath" : "@value|f:*|h:div",
        "source" : "http://hl7.org/fhir/StructureDefinition/Element"
      }],
      "mustSupport" : false,
      "isModifier" : false,
      "isSummary" : true,
      "mapping" : [{
        "identity" : "idmp",
        "map" : "Marketing Authorisation.Authorisation Status Date"
      }]
    },
    {
      "id" : "RegulatedAuthorization.validityPeriod",
      "path" : "RegulatedAuthorization.validityPeriod",
      "short" : "The time period in which the regulatory approval etc. is in effect, e.g. a Marketing Authorization includes the date of authorization and/or expiration date",
      "definition" : "The time period in which the regulatory approval, clearance or licencing is in effect. As an example, a Marketing Authorization includes the date of authorization and/or an expiration date.",
      "min" : 0,
      "max" : "1",
      "base" : {
        "path" : "RegulatedAuthorization.validityPeriod",
        "min" : 0,
        "max" : "1"
      },
      "type" : [{
        "code" : "Period"
      }],
      "constraint" : [{
        "key" : "ele-1",
        "severity" : "error",
        "human" : "All FHIR elements must have a @value or children",
        "expression" : "hasValue() or (children().count() > id.count())",
        "xpath" : "@value|f:*|h:div",
        "source" : "http://hl7.org/fhir/StructureDefinition/Element"
      }],
      "mustSupport" : false,
      "isModifier" : false,
      "isSummary" : true,
      "mapping" : [{
        "identity" : "idmp",
        "map" : "Marketing Authorisation.Validity Period Start, Marketing Authorisation.Validity Period End"
      }]
    },
    {
      "id" : "RegulatedAuthorization.indication",
      "path" : "RegulatedAuthorization.indication",
      "short" : "Condition for which the use of the regulated product applies",
      "definition" : "Condition for which the use of the regulated product applies.",
      "min" : 0,
      "max" : "1",
      "base" : {
        "path" : "RegulatedAuthorization.indication",
        "min" : 0,
        "max" : "1"
      },
      "type" : [{
        "code" : "CodeableReference",
        "targetProfile" : ["http://hl7.org/fhir/StructureDefinition/ClinicalUseDefinition"]
      }],
      "constraint" : [{
        "key" : "ele-1",
        "severity" : "error",
        "human" : "All FHIR elements must have a @value or children",
        "expression" : "hasValue() or (children().count() > id.count())",
        "xpath" : "@value|f:*|h:div",
        "source" : "http://hl7.org/fhir/StructureDefinition/Element"
      }],
      "mustSupport" : false,
      "isModifier" : false,
      "isSummary" : true,
      "mapping" : [{
        "identity" : "idmp",
        "map" : "n/a"
      }]
    },
    {
      "id" : "RegulatedAuthorization.intendedUse",
      "path" : "RegulatedAuthorization.intendedUse",
      "short" : "The intended use of the product, e.g. prevention, treatment",
      "definition" : "The intended use of the product, e.g. prevention, treatment, diagnosis.",
      "min" : 0,
      "max" : "1",
      "base" : {
        "path" : "RegulatedAuthorization.intendedUse",
        "min" : 0,
        "max" : "1"
      },
      "type" : [{
        "code" : "CodeableConcept"
      }],
      "constraint" : [{
        "key" : "ele-1",
        "severity" : "error",
        "human" : "All FHIR elements must have a @value or children",
        "expression" : "hasValue() or (children().count() > id.count())",
        "xpath" : "@value|f:*|h:div",
        "source" : "http://hl7.org/fhir/StructureDefinition/Element"
      }],
      "mustSupport" : false,
      "isModifier" : false,
      "isSummary" : true,
      "binding" : {
        "extension" : [{
          "url" : "http://hl7.org/fhir/StructureDefinition/elementdefinition-bindingName",
          "valueString" : "ProductIntendedUse"
        }],
        "strength" : "preferred",
        "description" : "The overall intended use of a product.",
        "valueSet" : "http://hl7.org/fhir/ValueSet/product-intended-use"
      },
      "mapping" : [{
        "identity" : "idmp",
        "map" : "n/a"
      }]
    },
    {
      "id" : "RegulatedAuthorization.basis",
      "path" : "RegulatedAuthorization.basis",
      "short" : "The legal/regulatory framework or reasons under which this authorization is granted",
      "definition" : "The legal or regulatory framework against which this authorization is granted, or other reasons for it.",
      "min" : 0,
      "max" : "*",
      "base" : {
        "path" : "RegulatedAuthorization.basis",
        "min" : 0,
        "max" : "*"
      },
      "type" : [{
        "code" : "CodeableConcept"
      }],
      "constraint" : [{
        "key" : "ele-1",
        "severity" : "error",
        "human" : "All FHIR elements must have a @value or children",
        "expression" : "hasValue() or (children().count() > id.count())",
        "xpath" : "@value|f:*|h:div",
        "source" : "http://hl7.org/fhir/StructureDefinition/Element"
      }],
      "mustSupport" : false,
      "isModifier" : false,
      "isSummary" : true,
      "binding" : {
        "extension" : [{
          "url" : "http://hl7.org/fhir/StructureDefinition/elementdefinition-bindingName",
          "valueString" : "RegulatedAuthorizationBasis"
        }],
        "strength" : "example",
        "description" : "A legal or regulatory framework against which an authorization is granted, or other reasons for it.",
        "valueSet" : "http://hl7.org/fhir/ValueSet/regulated-authorization-basis"
      },
      "mapping" : [{
        "identity" : "idmp",
        "map" : "Marketing Authorisation.Status Reasons.Legal Grounds"
      }]
    },
    {
      "id" : "RegulatedAuthorization.holder",
      "path" : "RegulatedAuthorization.holder",
      "short" : "The organization that has been granted this authorization, by the regulator",
      "definition" : "EMA IG 2.8",
      "min" : 0,
      "max" : "1",
      "base" : {
        "path" : "RegulatedAuthorization.holder",
        "min" : 0,
        "max" : "1"
      },
      "type" : [{
        "code" : "Reference",
        "targetProfile" : ["http://unicom-project.eu/fhir/StructureDefinition/TransitionOrganization"]
      }],
      "constraint" : [{
        "key" : "ele-1",
        "severity" : "error",
        "human" : "All FHIR elements must have a @value or children",
        "expression" : "hasValue() or (children().count() > id.count())",
        "xpath" : "@value|f:*|h:div",
        "source" : "http://hl7.org/fhir/StructureDefinition/Element"
      }],
      "mustSupport" : false,
      "isModifier" : false,
      "isSummary" : true,
      "mapping" : [{
        "identity" : "idmp",
        "map" : "Marketing Authorisation.Marketing Authorisation Holder (Organisation)"
      }]
    },
    {
      "id" : "RegulatedAuthorization.regulator",
      "path" : "RegulatedAuthorization.regulator",
      "short" : "The regulatory authority or authorizing body granting the authorization",
      "definition" : "The regulatory authority or authorizing body granting the authorization. For example, European Medicines Agency (EMA), Food and Drug Administration (FDA), Health Canada (HC), etc.",
      "min" : 0,
      "max" : "1",
      "base" : {
        "path" : "RegulatedAuthorization.regulator",
        "min" : 0,
        "max" : "1"
      },
      "type" : [{
        "code" : "Reference",
        "targetProfile" : ["http://hl7.org/fhir/StructureDefinition/Organization"]
      }],
      "constraint" : [{
        "key" : "ele-1",
        "severity" : "error",
        "human" : "All FHIR elements must have a @value or children",
        "expression" : "hasValue() or (children().count() > id.count())",
        "xpath" : "@value|f:*|h:div",
        "source" : "http://hl7.org/fhir/StructureDefinition/Element"
      }],
      "mustSupport" : false,
      "isModifier" : false,
      "isSummary" : true,
      "mapping" : [{
        "identity" : "idmp",
        "map" : "Marketing Authorisation.Medicines Regulatory Agency (Organisation)"
      }]
    },
    {
      "id" : "RegulatedAuthorization.case",
      "path" : "RegulatedAuthorization.case",
      "short" : "The case or regulatory procedure for granting or amending a regulated authorization. Note: This area is subject to ongoing review and the workgroup is seeking implementer feedback on its use (see link at bottom of page)",
      "definition" : "The case or regulatory procedure for granting or amending a regulated authorization. An authorization is granted in response to submissions/applications by those seeking authorization. A case is the administrative process that deals with the application(s) that relate to this and assesses them. Note: This area is subject to ongoing review and the workgroup is seeking implementer feedback on its use (see link at bottom of page).",
      "min" : 0,
      "max" : "1",
      "base" : {
        "path" : "RegulatedAuthorization.case",
        "min" : 0,
        "max" : "1"
      },
      "type" : [{
        "code" : "BackboneElement"
      }],
      "constraint" : [{
        "key" : "ele-1",
        "severity" : "error",
        "human" : "All FHIR elements must have a @value or children unless an empty Parameters resource",
        "expression" : "hasValue() or (children().count() > id.count()) or $this is Parameters",
        "xpath" : "@value|f:*|h:div|self::f:Parameters",
        "source" : "http://hl7.org/fhir/StructureDefinition/Element"
      }],
      "mustSupport" : false,
      "isModifier" : false,
      "isSummary" : true,
      "mapping" : [{
        "identity" : "idmp",
        "map" : "Marketing Authorisation.Marketing Authorisation Procedure, Marketing Authorisation Procedure.Marketing Authorisation Application"
      }]
    },
    {
      "id" : "RegulatedAuthorization.case.id",
      "path" : "RegulatedAuthorization.case.id",
      "representation" : ["xmlAttr"],
      "short" : "Unique id for inter-element referencing",
      "definition" : "Unique id for the element within a resource (for internal references). This may be any string value that does not contain spaces.",
      "min" : 0,
      "max" : "1",
      "base" : {
        "path" : "Element.id",
        "min" : 0,
        "max" : "1"
      },
      "type" : [{
        "extension" : [{
          "url" : "http://hl7.org/fhir/StructureDefinition/structuredefinition-fhir-type",
          "valueUrl" : "string"
        }],
        "code" : "http://hl7.org/fhirpath/System.String"
      }],
      "isModifier" : false,
      "isSummary" : false,
      "mapping" : [{
        "identity" : "rim",
        "map" : "n/a"
      }]
    },
    {
      "id" : "RegulatedAuthorization.case.extension",
      "path" : "RegulatedAuthorization.case.extension",
      "short" : "Additional content defined by implementations",
      "definition" : "May be used to represent additional information that is not part of the basic definition of the element. To make the use of extensions safe and manageable, there is a strict set of governance  applied to the definition and use of extensions. Though any implementer can define an extension, there is a set of requirements that SHALL be met as part of the definition of the extension.",
      "comment" : "There can be no stigma associated with the use of extensions by any application, project, or standard - regardless of the institution or jurisdiction that uses or defines the extensions.  The use of extensions is what allows the FHIR specification to retain a core level of simplicity for everyone.",
      "alias" : ["extensions",
      "user content"],
      "min" : 0,
      "max" : "*",
      "base" : {
        "path" : "Element.extension",
        "min" : 0,
        "max" : "*"
      },
      "type" : [{
        "code" : "Extension"
      }],
      "constraint" : [{
        "key" : "ele-1",
        "severity" : "error",
        "human" : "All FHIR elements must have a @value or children",
        "expression" : "hasValue() or (children().count() > id.count())",
        "xpath" : "@value|f:*|h:div",
        "source" : "http://hl7.org/fhir/StructureDefinition/Element"
      },
      {
        "key" : "ext-1",
        "severity" : "error",
        "human" : "Must have either extensions or value[x], not both",
        "expression" : "extension.exists() != value.exists()",
        "xpath" : "exists(f:extension)!=exists(f:*[starts-with(local-name(.), \"value\")])",
        "source" : "http://hl7.org/fhir/StructureDefinition/Extension"
      }],
      "isModifier" : false,
      "isSummary" : false,
      "mapping" : [{
        "identity" : "rim",
        "map" : "n/a"
      }]
    },
    {
      "id" : "RegulatedAuthorization.case.modifierExtension",
      "path" : "RegulatedAuthorization.case.modifierExtension",
      "short" : "Extensions that cannot be ignored even if unrecognized",
      "definition" : "May be used to represent additional information that is not part of the basic definition of the element and that modifies the understanding of the element in which it is contained and/or the understanding of the containing element's descendants. Usually modifier elements provide negation or qualification. To make the use of extensions safe and manageable, there is a strict set of governance applied to the definition and use of extensions. Though any implementer can define an extension, there is a set of requirements that SHALL be met as part of the definition of the extension. Applications processing a resource are required to check for modifier extensions.\n\nModifier extensions SHALL NOT change the meaning of any elements on Resource or DomainResource (including cannot change the meaning of modifierExtension itself).",
      "comment" : "There can be no stigma associated with the use of extensions by any application, project, or standard - regardless of the institution or jurisdiction that uses or defines the extensions.  The use of extensions is what allows the FHIR specification to retain a core level of simplicity for everyone.",
      "requirements" : "Modifier extensions allow for extensions that *cannot* be safely ignored to be clearly distinguished from the vast majority of extensions which can be safely ignored.  This promotes interoperability by eliminating the need for implementers to prohibit the presence of extensions. For further information, see the [definition of modifier extensions](http://hl7.org/fhir/R4B/extensibility.html#modifierExtension).",
      "alias" : ["extensions",
      "user content",
      "modifiers"],
      "min" : 0,
      "max" : "*",
      "base" : {
        "path" : "BackboneElement.modifierExtension",
        "min" : 0,
        "max" : "*"
      },
      "type" : [{
        "code" : "Extension"
      }],
      "constraint" : [{
        "key" : "ele-1",
        "severity" : "error",
        "human" : "All FHIR elements must have a @value or children",
        "expression" : "hasValue() or (children().count() > id.count())",
        "xpath" : "@value|f:*|h:div",
        "source" : "http://hl7.org/fhir/StructureDefinition/Element"
      },
      {
        "key" : "ext-1",
        "severity" : "error",
        "human" : "Must have either extensions or value[x], not both",
        "expression" : "extension.exists() != value.exists()",
        "xpath" : "exists(f:extension)!=exists(f:*[starts-with(local-name(.), \"value\")])",
        "source" : "http://hl7.org/fhir/StructureDefinition/Extension"
      }],
      "isModifier" : true,
      "isModifierReason" : "Modifier extensions are expected to modify the meaning or interpretation of the element that contains them",
      "isSummary" : true,
      "mapping" : [{
        "identity" : "rim",
        "map" : "N/A"
      }]
    },
    {
      "id" : "RegulatedAuthorization.case.identifier",
      "path" : "RegulatedAuthorization.case.identifier",
      "short" : "Identifier by which this case can be referenced",
      "definition" : "Identifier by which this case can be referenced.",
      "min" : 0,
      "max" : "1",
      "base" : {
        "path" : "RegulatedAuthorization.case.identifier",
        "min" : 0,
        "max" : "1"
      },
      "type" : [{
        "code" : "Identifier"
      }],
      "constraint" : [{
        "key" : "ele-1",
        "severity" : "error",
        "human" : "All FHIR elements must have a @value or children",
        "expression" : "hasValue() or (children().count() > id.count())",
        "xpath" : "@value|f:*|h:div",
        "source" : "http://hl7.org/fhir/StructureDefinition/Element"
      }],
      "mustSupport" : false,
      "isModifier" : false,
      "isSummary" : true,
      "mapping" : [{
        "identity" : "idmp",
        "map" : "Marketing Authorisation Procedure.Procedure Identifier / Number, Marketing Authorisation Application.Application Identifier / Number"
      }]
    },
    {
      "id" : "RegulatedAuthorization.case.type",
      "path" : "RegulatedAuthorization.case.type",
      "short" : "The defining type of case",
      "definition" : "The defining type of case.",
      "min" : 0,
      "max" : "1",
      "base" : {
        "path" : "RegulatedAuthorization.case.type",
        "min" : 0,
        "max" : "1"
      },
      "type" : [{
        "code" : "CodeableConcept"
      }],
      "constraint" : [{
        "key" : "ele-1",
        "severity" : "error",
        "human" : "All FHIR elements must have a @value or children",
        "expression" : "hasValue() or (children().count() > id.count())",
        "xpath" : "@value|f:*|h:div",
        "source" : "http://hl7.org/fhir/StructureDefinition/Element"
      }],
      "mustSupport" : false,
      "isModifier" : false,
      "isSummary" : true,
      "binding" : {
        "extension" : [{
          "url" : "http://hl7.org/fhir/StructureDefinition/elementdefinition-bindingName",
          "valueString" : "RegulatedAuthorizationCaseType"
        }],
        "strength" : "example",
        "description" : "The type of a case involved in an application.",
        "valueSet" : "http://hl7.org/fhir/ValueSet/regulated-authorization-case-type"
      },
      "mapping" : [{
        "identity" : "idmp",
        "map" : "Marketing Authorisation Procedure.Procedure Type, Marketing Authorisation Application.Application Type"
      }]
    },
    {
      "id" : "RegulatedAuthorization.case.status",
      "path" : "RegulatedAuthorization.case.status",
      "short" : "The status associated with the case",
      "definition" : "The status associated with the case.",
      "min" : 0,
      "max" : "1",
      "base" : {
        "path" : "RegulatedAuthorization.case.status",
        "min" : 0,
        "max" : "1"
      },
      "type" : [{
        "code" : "CodeableConcept"
      }],
      "constraint" : [{
        "key" : "ele-1",
        "severity" : "error",
        "human" : "All FHIR elements must have a @value or children",
        "expression" : "hasValue() or (children().count() > id.count())",
        "xpath" : "@value|f:*|h:div",
        "source" : "http://hl7.org/fhir/StructureDefinition/Element"
      }],
      "mustSupport" : false,
      "isModifier" : false,
      "isSummary" : true,
      "binding" : {
        "extension" : [{
          "url" : "http://hl7.org/fhir/StructureDefinition/elementdefinition-bindingName",
          "valueString" : "PublicationStatus"
        },
        {
          "url" : "http://hl7.org/fhir/StructureDefinition/elementdefinition-isCommonBinding",
          "valueBoolean" : true
        }],
        "strength" : "preferred",
        "description" : "The lifecycle status of an artifact.",
        "valueSet" : "http://hl7.org/fhir/ValueSet/publication-status"
      },
      "mapping" : [{
        "identity" : "idmp",
        "map" : "n/a"
      }]
    },
    {
      "id" : "RegulatedAuthorization.case.date[x]",
      "path" : "RegulatedAuthorization.case.date[x]",
      "short" : "Relevant date for this case",
      "definition" : "Relevant date for this case.",
      "min" : 0,
      "max" : "1",
      "base" : {
        "path" : "RegulatedAuthorization.case.date[x]",
        "min" : 0,
        "max" : "1"
      },
      "type" : [{
        "code" : "Period"
      },
      {
        "code" : "dateTime"
      }],
      "constraint" : [{
        "key" : "ele-1",
        "severity" : "error",
        "human" : "All FHIR elements must have a @value or children",
        "expression" : "hasValue() or (children().count() > id.count())",
        "xpath" : "@value|f:*|h:div",
        "source" : "http://hl7.org/fhir/StructureDefinition/Element"
      }],
      "mustSupport" : false,
      "isModifier" : false,
      "isSummary" : true,
      "mapping" : [{
        "identity" : "idmp",
        "map" : "Marketing Authorisation Procedure.Procedure Date Start, Marketing Authorisation Procedure.Procedure Date End, Marketing Authorisation Application.Application Date"
      }]
    },
    {
      "id" : "RegulatedAuthorization.case.application",
      "path" : "RegulatedAuthorization.case.application",
      "short" : "Applications submitted to obtain a regulated authorization. Steps within the longer running case or procedure",
      "definition" : "A regulatory submission from an organization to a regulator, as part of an assessing case. Multiple applications may occur over time, with more or different information to support or modify the submission or the authorization. The applications can be considered as steps within the longer running case or procedure for this authorization process.",
      "min" : 0,
      "max" : "*",
      "base" : {
        "path" : "RegulatedAuthorization.case.application",
        "min" : 0,
        "max" : "*"
      },
      "contentReference" : "http://hl7.org/fhir/StructureDefinition/RegulatedAuthorization#RegulatedAuthorization.case",
      "constraint" : [{
        "key" : "ele-1",
        "severity" : "error",
        "human" : "All FHIR elements must have a @value or children",
        "expression" : "hasValue() or (children().count() > id.count())",
        "xpath" : "@value|f:*|h:div",
        "source" : "http://hl7.org/fhir/StructureDefinition/Element"
      }],
      "mustSupport" : false,
      "isModifier" : false,
      "isSummary" : true,
      "mapping" : [{
        "identity" : "idmp",
        "map" : "Marketing Authorisation.Marketing Authorisation Application"
      }]
    }]
  },
  "differential" : {
    "element" : [{
      "id" : "RegulatedAuthorization",
      "path" : "RegulatedAuthorization"
    },
    {
      "id" : "RegulatedAuthorization.identifier",
      "path" : "RegulatedAuthorization.identifier",
      "short" : "Marketing authorisation number",
      "definition" : "EMA IG 2.2"
    },
    {
      "id" : "RegulatedAuthorization.identifier.system",
      "path" : "RegulatedAuthorization.identifier.system",
      "patternUri" : "http://ema.europa.eu/fhir/marketingAuthorizationNumber"
    },
    {
      "id" : "RegulatedAuthorization.subject",
      "path" : "RegulatedAuthorization.subject",
      "short" : "Reference to the medicinal product or a single package, depending on how the MA has been issued",
      "type" : [{
        "code" : "Reference",
        "targetProfile" : ["http://unicom-project.eu/fhir/StructureDefinition/TransitionMedicinalProductDefinition",
        "http://unicom-project.eu/fhir/StructureDefinition/TransitionPackagedProductDefinition"]
      }]
    },
    {
      "id" : "RegulatedAuthorization.type",
      "path" : "RegulatedAuthorization.type",
      "patternCodeableConcept" : {
        "coding" : [{
          "system" : "https://spor.ema.europa.eu/v1/lists/220000000060",
          "code" : "220000000061",
          "display" : "Marketing Authorisation"
        }]
      }
    },
    {
      "id" : "RegulatedAuthorization.region",
      "path" : "RegulatedAuthorization.region",
      "definition" : "EMA IG 2.3",
      "max" : "1"
    },
    {
      "id" : "RegulatedAuthorization.status",
      "path" : "RegulatedAuthorization.status",
      "short" : "Marketing authorisation status",
      "definition" : "EMA IG 2.4"
    },
    {
      "id" : "RegulatedAuthorization.statusDate",
      "path" : "RegulatedAuthorization.statusDate",
      "short" : "Issue/changing date of the marketing authorisation",
      "definition" : "EMA IG 2.5"
    },
    {
      "id" : "RegulatedAuthorization.holder",
      "path" : "RegulatedAuthorization.holder",
      "definition" : "EMA IG 2.8",
      "type" : [{
        "code" : "Reference",
        "targetProfile" : ["http://unicom-project.eu/fhir/StructureDefinition/TransitionOrganization"]
      }]
    }]
  }
}