{
  "resourceType" : "ValueSet",
  "id" : "whoatc-unicom",
  "text" : {
    "status" : "generated",
    "div" : "<div xmlns=\"http://www.w3.org/1999/xhtml\"><ul><li>Include all codes defined in <a href=\"http://www.whocc.no/atc\"><code>http://www.whocc.no/atc</code></a></li></ul></div>"
  },
  "url" : "http://unicom-project.eu/fhir/ValueSet/whoatc-unicom",
  "version" : "0.1.0",
  "name" : "VsWhoAtcUnicom",
  "title" : "WHO ATC",
  "status" : "active",
  "experimental" : false,
  "date" : "2023-02-03T15:06:18+00:00",
  "publisher" : "UNICOM",
  "contact" : [{
    "name" : "UNICOM",
    "telecom" : [{
      "system" : "url",
      "value" : "http://unicom-project.eu"
    }]
  }],
  "description" : "World Health Organization Anatomical Therapeutic Chemical (ATC) classification system.  Note: The currently implemented code system and the value set expansion contain only a set of example ATC codes, not the complete code system content.",
  "immutable" : false,
  "copyright" : "This artifact includes content from Anatomical Therapeutic Chemical (ATC) classification system. ATC codes are copyright World Health Organization (WHO) Collaborating Centre for Drug Statistics Methodology. Terms & Conditions in https://www.whocc.no/use_of_atc_ddd/",
  "compose" : {
    "include" : [{
      "system" : "http://www.whocc.no/atc"
    }]
  }
}