<?xml version="1.0" encoding="UTF-8"?>

<Ingredient xmlns="http://hl7.org/fhir">
  <id value="Cefuroxime-MIP-1500mg-EE-I"/>
  <text>
    <status value="generated"/><div xmlns="http://www.w3.org/1999/xhtml"><p class="res-header-id"><b>Generated Narrative: Ingredient Cefuroxime-MIP-1500mg-EE-I</b></p><a name="Cefuroxime-MIP-1500mg-EE-I"> </a><a name="hcCefuroxime-MIP-1500mg-EE-I"> </a><a name="hcCefuroxime-MIP-1500mg-EE-I-en-US"> </a><p><b>status</b>: Active</p><p><b>for</b>: </p><ul><li><a href="MedicinalProductDefinition-Cefuroxime-MIP-1500mg-EE-MPD.html">MedicinalProductDefinition: identifier = http://ema.europa.eu/fhir/mpId#EE-100009199-27834,http://ema.europa.eu/fhir/pmsId#EE0000002; domain = Human use; status = Current; combinedPharmaceuticalDoseForm = Powder for solution for injection/infusion; legalStatusOfSupply = Medicinal Product subject to medical prescription; classification = Cefuroxime,cefuroxime</a></li><li><a href="ManufacturedItemDefinition-Cefuroxime-MIP-1500mg-EE-MID.html">ManufacturedItemDefinition: status = active; manufacturedDoseForm = Powder for solution for injection/infusion; unitOfPresentation = Vial</a></li><li><a href="AdministrableProductDefinition-Cefuroxime-MIP-1500mg-EE-APD.html">AdministrableProductDefinition: status = active; administrableDoseForm = Solution for injection/infusion; unitOfPresentation = Vial</a></li></ul><p><b>role</b>: <span title="Codes:{https://spor.ema.europa.eu/v1/lists/100000072050 100000072072}">Active</span></p><blockquote><p><b>substance</b></p><h3>Codes</h3><table class="grid"><tr><td style="display: none">-</td><td><b>Concept</b></td></tr><tr><td style="display: none">*</td><td><span title="Codes:{https://spor.ema.europa.eu/v2/SubstanceDefinition 100000091436}">CEFUROXIME SODIUM</span></td></tr></table><blockquote><p><b>strength</b></p><p><b>presentation</b>: 1578 milligram(s)<span style="background: LightGoldenRodYellow"> (Details: Unit of Measurement EMA  code100000110655 = 'milligram(s)')</span>/1 Vial<span style="background: LightGoldenRodYellow"> (Details: Unit of Presentation EMA  code200000002158 = 'Vial')</span></p><blockquote><p><b>referenceStrength</b></p><h3>Substances</h3><table class="grid"><tr><td style="display: none">-</td><td><b>Concept</b></td></tr><tr><td style="display: none">*</td><td><span title="Codes:{https://spor.ema.europa.eu/v2/SubstanceDefinition 100000092667}">CEFUROXIME</span></td></tr></table><p><b>strength</b>: 1500 milligram(s)<span style="background: LightGoldenRodYellow"> (Details: Unit of Measurement EMA  code100000110655 = 'milligram(s)')</span>/1 Vial<span style="background: LightGoldenRodYellow"> (Details: Unit of Presentation EMA  code200000002158 = 'Vial')</span></p></blockquote></blockquote></blockquote></div>
  </text>
  <status value="active"/>
  <for>
    <reference value="MedicinalProductDefinition/Cefuroxime-MIP-1500mg-EE-MPD"/>
  </for>
  <for>
    <reference value="ManufacturedItemDefinition/Cefuroxime-MIP-1500mg-EE-MID"/>
  </for>
  <for>
    <reference value="AdministrableProductDefinition/Cefuroxime-MIP-1500mg-EE-APD"/>
  </for>
  <role>
    <coding>
      <system value="https://spor.ema.europa.eu/v1/lists/100000072050"/>
      <code value="100000072072"/>
      <display value="Active"/>
    </coding>
  </role>
  <substance>
    <code>
      <concept>
        <coding>
          <system value="https://spor.ema.europa.eu/v2/SubstanceDefinition"/>
          <code value="100000091436"/>
          <display value="CEFUROXIME SODIUM"/>
        </coding>
      </concept>
    </code>
    <strength>
      <presentationRatio>
        <numerator>
          <value value="1578"/>
          <unit value="milligram(s)"/>
          <system value="https://spor.ema.europa.eu/v1/lists/100000110633"/>
          <code value="100000110655"/>
        </numerator>
        <denominator>
          <value value="1"/>
          <unit value="Vial"/>
          <system value="https://spor.ema.europa.eu/v1/lists/200000000014"/>
          <code value="200000002158"/>
        </denominator>
      </presentationRatio>
      <referenceStrength>
        <substance>
          <concept>
            <coding>
              <system value="https://spor.ema.europa.eu/v2/SubstanceDefinition"/>
              <code value="100000092667"/>
              <display value="CEFUROXIME"/>
            </coding>
          </concept>
        </substance>
        <strengthRatio>
          <numerator>
            <value value="1500"/>
            <unit value="milligram(s)"/>
            <system value="https://spor.ema.europa.eu/v1/lists/100000110633"/>
            <code value="100000110655"/>
          </numerator>
          <denominator>
            <value value="1"/>
            <unit value="Vial"/>
            <system value="https://spor.ema.europa.eu/v1/lists/200000000014"/>
            <code value="200000002158"/>
          </denominator>
        </strengthRatio>
      </referenceStrength>
    </strength>
  </substance>
</Ingredient>