<?xml version="1.0" encoding="UTF-8"?>

<MedicinalProductDefinition xmlns="http://hl7.org/fhir">
  <id value="Agen-5mg-Tablet-EE-MPD"/>
  <meta>
    <profile value="http://unicom-project.eu/fhir/StructureDefinition/PPLMedicinalProductDefinition"/>
  </meta>
  <text>
    <status value="generated"/><div xmlns="http://www.w3.org/1999/xhtml"><p class="res-header-id"><b>Generated Narrative: MedicinalProductDefinition Agen-5mg-Tablet-EE-MPD</b></p><a name="Agen-5mg-Tablet-EE-MPD"> </a><a name="hcAgen-5mg-Tablet-EE-MPD"> </a><a name="hcAgen-5mg-Tablet-EE-MPD-en-US"> </a><p><b>identifier</b>: <code>http://ema.europa.eu/fhir/mpId</code>/EE-100002580-15547</p><p><b>domain</b>: <span title="Codes:{https://spor.ema.europa.eu/v1/lists/100000000004 100000000012}">Human use</span></p><p><b>status</b>: <span title="Codes:{https://spor.ema.europa.eu/v1/lists/200000005003 200000005004}">Current</span></p><p><b>combinedPharmaceuticalDoseForm</b>: <span title="Codes:{https://spor.ema.europa.eu/v1/lists/200000000004 100000073664}">Tablet</span></p><p><b>legalStatusOfSupply</b>: <span title="Codes:{https://spor.ema.europa.eu/v1/lists/100000072051 100000072084}">Medicinal product subject to medical prescription</span></p><p><b>classification</b>: <span title="Codes:{https://spor.ema.europa.eu/v1/lists/100000093533 100000095065}">amlodipine</span>, <span title="Codes:{http://www.whocc.no/atc C08CA01}">amlodipine</span></p><blockquote><p><b>name</b></p><p><b>productName</b>: AGEN 5 mg tabletid</p><blockquote><p><b>part</b></p><p><b>part</b>: AGEN</p><p><b>type</b>: <span title="Codes:{https://spor.ema.europa.eu/v1/lists/220000000000 220000000002}">Invented name part</span></p></blockquote><blockquote><p><b>part</b></p><p><b>part</b>: 5 mg</p><p><b>type</b>: <span title="Codes:{https://spor.ema.europa.eu/v1/lists/220000000000 220000000004}">Strength part</span></p></blockquote><blockquote><p><b>part</b></p><p><b>part</b>: tabletid</p><p><b>type</b>: <span title="Codes:{https://spor.ema.europa.eu/v1/lists/220000000000 220000000005}">Pharmaceutical dose form part</span></p></blockquote><h3>Usages</h3><table class="grid"><tr><td style="display: none">-</td><td><b>Country</b></td><td><b>Language</b></td></tr><tr><td style="display: none">*</td><td><span title="Codes:{https://spor.ema.europa.eu/v1/lists/100000000002 100000000388}">Republic of Estonia</span></td><td><span title="Codes:{urn:ietf:bcp:47 et}">Estonian</span></td></tr></table></blockquote></div>
  </text>
  <identifier>
    <system value="http://ema.europa.eu/fhir/mpId"/>
    <value value="EE-100002580-15547"/>
  </identifier>
  <domain>
    <coding>
      <system value="https://spor.ema.europa.eu/v1/lists/100000000004"/>
      <code value="100000000012"/>
      <display value="Human use"/>
    </coding>
  </domain>
  <status>
    <coding>
      <system value="https://spor.ema.europa.eu/v1/lists/200000005003"/>
      <code value="200000005004"/>
      <display value="Current"/>
    </coding>
  </status>
  <combinedPharmaceuticalDoseForm>
    <coding>
      <system value="https://spor.ema.europa.eu/v1/lists/200000000004"/>
      <code value="100000073664"/>
      <display value="Tablet"/>
    </coding>
  </combinedPharmaceuticalDoseForm>
  <legalStatusOfSupply>
    <coding>
      <system value="https://spor.ema.europa.eu/v1/lists/100000072051"/>
      <code value="100000072084"/>
      <display value="Medicinal product subject to medical prescription"/>
    </coding>
  </legalStatusOfSupply>
  <classification>
    <coding>
      <system value="https://spor.ema.europa.eu/v1/lists/100000093533"/>
      <code value="100000095065"/>
      <display value="amlodipine"/>
    </coding>
  </classification>
  <classification>
    <coding>
      <system value="http://www.whocc.no/atc"/>
      <code value="C08CA01"/>
      <display value="amlodipine"/>
    </coding>
  </classification>
  <name>
    <productName value="AGEN 5 mg tabletid"/>
    <part>
      <part value="AGEN"/>
      <type>
        <coding>
          <system value="https://spor.ema.europa.eu/v1/lists/220000000000"/>
          <code value="220000000002"/>
          <display value="Invented name part"/>
        </coding>
      </type>
    </part>
    <part>
      <part value="5 mg"/>
      <type>
        <coding>
          <system value="https://spor.ema.europa.eu/v1/lists/220000000000"/>
          <code value="220000000004"/>
          <display value="Strength part"/>
        </coding>
      </type>
    </part>
    <part>
      <part value="tabletid"/>
      <type>
        <coding>
          <system value="https://spor.ema.europa.eu/v1/lists/220000000000"/>
          <code value="220000000005"/>
          <display value="Pharmaceutical dose form part"/>
        </coding>
      </type>
    </part>
    <usage>
      <country>
        <coding>
          <system value="https://spor.ema.europa.eu/v1/lists/100000000002"/>
          <code value="100000000388"/>
          <display value="Republic of Estonia"/>
        </coding>
      </country>
      <language>
        <coding>
          <system value="urn:ietf:bcp:47"/>
          <code value="et"/>
          <display value="Estonian"/>
        </coding>
      </language>
    </usage>
  </name>
</MedicinalProductDefinition>