<?xml version="1.0" encoding="UTF-8"?>

<Medication xmlns="http://hl7.org/fhir">
  <id value="Clotrimazole-cream-and-pessaries-Medication-Clinical"/>
  <meta>
    <profile value="http://unicom-project.eu/fhir/StructureDefinition/MedicationAsMedicinalProduct"/>
  </meta>
  <text>
    <status value="generated"/><div xmlns="http://www.w3.org/1999/xhtml"><p class="res-header-id"><b>Generated Narrative: Medication Clotrimazole-cream-and-pessaries-Medication-Clinical</b></p><a name="Clotrimazole-cream-and-pessaries-Medication-Clinical"> </a><a name="hcClotrimazole-cream-and-pessaries-Medication-Clinical"> </a><a name="hcClotrimazole-cream-and-pessaries-Medication-Clinical-en-US"> </a><p><b>doseForm</b>: <span title="Codes:{https://standardterms.edqm.eu 14001000}">Cream + pessary</span></p><blockquote><p><b>ingredient</b></p><h3>Items</h3><table class="grid"><tr><td style="display: none">-</td><td><b>Reference</b></td></tr><tr><td style="display: none">*</td><td><a href="Medication-Clotrimazole-Cream-Generic.html">Medication Clotrimazole 20 mg/g vaginal cream</a></td></tr></table></blockquote><blockquote><p><b>ingredient</b></p><h3>Items</h3><table class="grid"><tr><td style="display: none">-</td><td><b>Reference</b></td></tr><tr><td style="display: none">*</td><td><a href="Medication/Clotrimazole-Pessary-Generic">Medication/Clotrimazole-Pessary-Generic</a></td></tr></table></blockquote></div>
  </text>
  <extension url="http://unicom-project.eu/fhir/StructureDefinition/medicinal-product-classification">
    <valueCodeableConcept>
      <coding>
        <system value="http://www.whocc.no/atc"/>
        <code value="G01AF02"/>
        <display value="clotrimazole"/>
      </coding>
    </valueCodeableConcept>
  </extension>
  <extension url="http://unicom-project.eu/fhir/StructureDefinition/administrable-doseform">
    <valueCodeableConcept>
      <coding>
        <system value="https://standardterms.edqm.eu"/>
        <code value="10901000"/>
        <display value="Vaginal cream"/>
      </coding>
    </valueCodeableConcept>
  </extension>
  <doseForm>
    <coding>
      <system value="https://standardterms.edqm.eu"/>
      <code value="14001000"/>
      <display value="Cream + pessary"/>
    </coding>
  </doseForm>
  <ingredient>
    <item>
      <reference>
        <reference value="Medication/Clotrimazole-Cream-Generic"/>
      </reference>
    </item>
  </ingredient>
  <ingredient>
    <item>
      <reference>
        <reference value="Medication/Clotrimazole-Pessary-Generic"/>
      </reference>
    </item>
  </ingredient>
</Medication>