<?xml version="1.0" encoding="UTF-8"?>

<Organization xmlns="http://hl7.org/fhir">
  <id value="LOC-100009199-Mip"/>
  <meta>
    <profile value="http://unicom-project.eu/fhir/StructureDefinition/PPLOrganization"/>
  </meta>
  <text>
    <status value="generated"/><div xmlns="http://www.w3.org/1999/xhtml"><p class="res-header-id"><b>Generated Narrative: Organization LOC-100009199-Mip</b></p><a name="LOC-100009199-Mip"> </a><a name="hcLOC-100009199-Mip"> </a><a name="hcLOC-100009199-Mip-en-US"> </a><p><b>identifier</b>: <code>https://spor.ema.europa.eu/v1/locations</code>/LOC-100009199</p><p><b>name</b>: Mip Pharma GmbH</p></div>
  </text>
  <identifier>
    <system value="https://spor.ema.europa.eu/v1/locations"/>
    <value value="LOC-100009199"/>
  </identifier>
  <name value="Mip Pharma GmbH"/>
</Organization>