<?xml version="1.0" encoding="UTF-8"?>

<PackagedProductDefinition xmlns="http://hl7.org/fhir">
  <id value="CanifugCremolum-EE-PPD-1033692"/>
  <meta>
    <profile value="http://unicom-project.eu/fhir/StructureDefinition/PPLPackagedProductDefinition"/>
  </meta>
  <text>
    <status value="generated"/><div xmlns="http://www.w3.org/1999/xhtml"><p class="res-header-id"><b>Generated Narrative: PackagedProductDefinition CanifugCremolum-EE-PPD-1033692</b></p><a name="CanifugCremolum-EE-PPD-1033692"> </a><a name="hcCanifugCremolum-EE-PPD-1033692"> </a><a name="hcCanifugCremolum-EE-PPD-1033692-en-US"> </a><p><b>identifier</b>: <code>http://ema.europa.eu/example/pcid</code>/EE-100004795-10280-1033692</p><p><b>packageFor</b>: <a href="MedicinalProductDefinition-CanifugCremolum-EE-MPD.html">MedicinalProductDefinition: identifier = http://ema.europa.eu/fhir/mpId#EE-100004795-10280,http://ema.europa.eu/fhir/pmsId#EE00000003; domain = Human use; status = Current; combinedPharmaceuticalDoseForm = Cream + pessary; legalStatusOfSupply = Medicinal Product subject to medical prescription; classification = clotrimazole,clotrimazole</a></p><p><b>containedItemQuantity</b>: 6 Pessary<span style="background: LightGoldenRodYellow"> (Details: Unit of Presentation EMA  code200000002137 = 'Pessary')</span>, 1 Tube<span style="background: LightGoldenRodYellow"> (Details: Unit of Presentation EMA  code200000002156 = 'Tube')</span></p><p><b>description</b>: </p><div><p>Alu/PE-fooliumist valmistatud ribapakend, mis on asetatud väliskarpi. Kreem on alumiiniumtuubis ja omakorda pappkarbis. Kombineeritud pakend sisaldab: 6 vaginaalsuposiiti ja 20 g kreemi</p>
</div><h3>MarketingStatuses</h3><table class="grid"><tr><td style="display: none">-</td><td><b>Country</b></td><td><b>Status</b></td></tr><tr><td style="display: none">*</td><td><span title="Codes:{https://spor.ema.europa.eu/v1/lists/100000000002 100000000388}">Republic of Estonia</span></td><td><span title="Codes:{https://spor.ema.europa.eu/v1/lists/100000072052 100000072083}">Marketed</span></td></tr></table><blockquote><p><b>packaging</b></p><p><b>type</b>: <span title="Codes:{https://spor.ema.europa.eu/v1/lists/100000073346 100000073498}">Box</span></p><p><b>quantity</b>: 1</p><p><b>material</b>: <span title="Codes:{https://spor.ema.europa.eu/v1/lists/200000003199 200000003529}">Cardboard</span></p><blockquote><p><b>packaging</b></p></blockquote><blockquote><p><b>packaging</b></p></blockquote></blockquote></div>
  </text>
  <identifier>
    <system value="http://ema.europa.eu/example/pcid"/>
    <value value="EE-100004795-10280-1033692"/>
  </identifier>
  <packageFor>
    <reference value="MedicinalProductDefinition/CanifugCremolum-EE-MPD"/>
  </packageFor>
  <containedItemQuantity>
    <value value="6"/>
    <unit value="Pessary"/>
    <system value="https://spor.ema.europa.eu/v1/lists/200000000014"/>
    <code value="200000002137"/>
  </containedItemQuantity>
  <containedItemQuantity>
    <value value="1"/>
    <unit value="Tube"/>
    <system value="https://spor.ema.europa.eu/v1/lists/200000000014"/>
    <code value="200000002156"/>
  </containedItemQuantity>
  <description value="Alu/PE-fooliumist valmistatud ribapakend, mis on asetatud väliskarpi. Kreem on alumiiniumtuubis ja omakorda pappkarbis. Kombineeritud pakend sisaldab: 6 vaginaalsuposiiti ja 20 g kreemi"/>
  <marketingStatus>
    <country>
      <coding>
        <system value="https://spor.ema.europa.eu/v1/lists/100000000002"/>
        <code value="100000000388"/>
        <display value="Republic of Estonia"/>
      </coding>
    </country>
    <status>
      <coding>
        <system value="https://spor.ema.europa.eu/v1/lists/100000072052"/>
        <code value="100000072083"/>
        <display value="Marketed"/>
      </coding>
    </status>
  </marketingStatus>
  <packaging>
    <type>
      <coding>
        <system value="https://spor.ema.europa.eu/v1/lists/100000073346"/>
        <code value="100000073498"/>
        <display value="Box"/>
      </coding>
    </type>
    <quantity value="1"/>
    <material>
      <coding>
        <system value="https://spor.ema.europa.eu/v1/lists/200000003199"/>
        <code value="200000003529"/>
        <display value="Cardboard"/>
      </coding>
    </material>
    <packaging>
      <type>
        <coding>
          <system value="https://spor.ema.europa.eu/v1/lists/100000073346"/>
          <code value="100000073559"/>
          <display value="Strip"/>
        </coding>
      </type>
      <quantity value="1"/>
      <material>
        <coding>
          <system value="https://spor.ema.europa.eu/v1/lists/200000003199"/>
          <code value="200000003200"/>
          <display value="Aluminium"/>
        </coding>
      </material>
      <material>
        <coding>
          <system value="https://spor.ema.europa.eu/v1/lists/200000003199"/>
          <code value="200000003214"/>
          <display value="PolyEthylene"/>
        </coding>
      </material>
      <containedItem>
        <item>
          <reference>
            <reference value="ManufacturedItemDefinition/CanifugCremolum-100mg-Pessary-EE-MID"/>
          </reference>
        </item>
        <amount>
          <value value="6"/>
        </amount>
      </containedItem>
    </packaging>
    <packaging>
      <type>
        <coding>
          <system value="https://spor.ema.europa.eu/v1/lists/100000073346"/>
          <code value="100000073561"/>
          <display value="Tube"/>
        </coding>
      </type>
      <quantity value="1"/>
      <material>
        <coding>
          <system value="https://spor.ema.europa.eu/v1/lists/200000003199"/>
          <code value="200000003200"/>
          <display value="Aluminium"/>
        </coding>
      </material>
      <containedItem>
        <item>
          <reference>
            <reference value="ManufacturedItemDefinition/CanifugCremolum-10mg1g-Cream-EE-MID"/>
          </reference>
        </item>
        <amount>
          <value value="20"/>
          <unit value="gram(s)"/>
          <system value="https://spor.ema.europa.eu/v1/lists/100000110633"/>
          <code value="100000110654"/>
        </amount>
      </containedItem>
    </packaging>
  </packaging>
</PackagedProductDefinition>