<?xml version="1.0" encoding="UTF-8"?>

<ValueSet xmlns="http://hl7.org/fhir">
  <id value="domain-vs"/>
  <text>
    <status value="generated"/><div xmlns="http://www.w3.org/1999/xhtml"><p class="res-header-id"><b>Generated Narrative: ValueSet domain-vs</b></p><a name="domain-vs"> </a><a name="hcdomain-vs"> </a><a name="hcdomain-vs-en-US"> </a><ul><li>Include all codes defined in <a href="CodeSystem-domain-ema-cs.html"><code>https://spor.ema.europa.eu/v1/lists/100000000004</code></a></li></ul></div>
  </text>
  <url value="http://unicom-project.eu/fhir/ValueSet/domain-vs"/>
  <version value="0.1.0"/>
  <name value="Domain"/>
  <title value="EMA SPOR Domain"/>
  <status value="draft"/>
  <experimental value="false"/>
  <date value="2024-07-10T21:48:54+00:00"/>
  <publisher value="UNICOM"/>
  <contact>
    <name value="UNICOM"/>
    <telecom>
      <system value="url"/>
      <value value="http://unicom-project.eu"/>
    </telecom>
  </contact>
  <description value="Domain of the medicinal product. EMA SPOR RMS list."/>
  <compose>
    <include>
      <system value="https://spor.ema.europa.eu/v1/lists/100000000004"/>
    </include>
  </compose>
</ValueSet>