{"resourceType":"ValueSet","id":"routes-and-methods-of-administration-vs","text":{"status":"generated","div":"<div xmlns=\"http://www.w3.org/1999/xhtml\"><ul><li>Include all codes defined in <a href=\"CodeSystem-routes-and-methods-of-administration-ema-cs.html\"><code>https://spor.ema.europa.eu/v1/lists/100000073345</code></a></li></ul></div>"},"url":"http://unicom-project.eu/fhir/ValueSet/routes-and-methods-of-administration-vs","version":"0.1.0","name":"RoutesAndMethodsOfAdministration","title":"Routes and Methods of Administration","status":"active","experimental":false,"date":"2023-02-03T15:45:39+00:00","publisher":"UNICOM","contact":[{"name":"UNICOM","telecom":[{"system":"url","value":"http://unicom-project.eu"}]}],"description":"Routes and methods of medication administration. EMA SPOR RMS list.","compose":{"include":[{"system":"https://spor.ema.europa.eu/v1/lists/100000073345"}]}}