<?xml version="1.0" encoding="UTF-8"?><ValueSet xmlns="http://hl7.org/fhir"><id value="shelflifetype-spor-vs"/><text><status value="generated"/><div xmlns="http://www.w3.org/1999/xhtml"><p class="res-header-id"><b>Generated Narrative: ValueSet shelflifetype-spor-vs</b></p><a name="shelflifetype-spor-vs"> </a><a name="hcshelflifetype-spor-vs"> </a><a name="hcshelflifetype-spor-vs-en-US"> </a><ul><li>Include all codes defined in <code>https://spor.ema.europa.eu/v1/lists/100000073343</code></li></ul></div></text><url value="http://unicom-project.eu/fhir/ValueSet/shelflifetype-spor-vs"/><version value="0.1.0"/><name value="SporShelfLifeType"/><title value="EMA SPOR Shelf Life Type"/><status value="draft"/><experimental value="false"/><date value="2024-07-10T21:48:54+00:00"/><publisher value="UNICOM"/><contact><name value="UNICOM"/><telecom><system value="url"/><value value="http://unicom-project.eu"/></telecom></contact><description value="Shelf Life Type"/><compose><include><system value="https://spor.ema.europa.eu/v1/lists/100000073343"/></include></compose></ValueSet>