<?xml version="1.0" encoding="UTF-8"?><ValueSet xmlns="http://hl7.org/fhir"><id value="all-units-vs"/><text><status value="generated"/><div xmlns="http://www.w3.org/1999/xhtml"><p class="res-header-id"><b>Generated Narrative: ValueSet all-units-vs</b></p><a name="all-units-vs"> </a><a name="hcall-units-vs"> </a><a name="hcall-units-vs-en-US"> </a><p>This value set includes codes based on the following rules:</p><ul><li>Include all codes defined in <a href="CodeSystem-unit-of-measurement-ema-cs.html"><code>https://spor.ema.europa.eu/v1/lists/100000110633</code></a></li><li>Include all codes defined in <a href="CodeSystem-unit-of-presentation-ema-cs.html"><code>https://spor.ema.europa.eu/v1/lists/200000000014</code></a></li></ul></div></text><url value="http://unicom-project.eu/fhir/ValueSet/all-units-vs"/><version value="0.1.0"/><name value="AllUnits"/><title value="EMA SPOR All Units Combined"/><status value="draft"/><experimental value="false"/><date value="2024-07-10T21:48:54+00:00"/><publisher value="UNICOM"/><contact><name value="UNICOM"/><telecom><system value="url"/><value value="http://unicom-project.eu"/></telecom></contact><description value="Value set for presentation strength denominator unit, combines units of measurement and units of presentation."/><compose><include><system value="https://spor.ema.europa.eu/v1/lists/100000110633"/></include><include><system value="https://spor.ema.europa.eu/v1/lists/200000000014"/></include></compose></ValueSet>