{"resourceType":"CodeSystem","id":"substance-sms-cs","text":{"status":"generated","div":"<div xmlns=\"http://www.w3.org/1999/xhtml\"><p>This case-sensitive code system <code>https://spor.ema.europa.eu/v2/SubstanceDefinition</code> defines the following codes:</p><table class=\"codes\"><tr><td style=\"white-space:nowrap\"><b>Code</b></td><td><b>Display</b></td></tr><tr><td style=\"white-space:nowrap\">100000085259<a name=\"substance-sms-cs-100000085259\"> </a></td><td>Amlodipine</td></tr><tr><td style=\"white-space:nowrap\">100000089370<a name=\"substance-sms-cs-100000089370\"> </a></td><td>AMLODIPINE MALEATE</td></tr><tr><td style=\"white-space:nowrap\">100000089571<a name=\"substance-sms-cs-100000089571\"> </a></td><td>Amlodipine mesilate</td></tr><tr><td style=\"white-space:nowrap\">100000090079<a name=\"substance-sms-cs-100000090079\"> </a></td><td>Amlodipine besilate</td></tr><tr><td style=\"white-space:nowrap\">300000027652<a name=\"substance-sms-cs-300000027652\"> </a></td><td>Amlodipine benzoate</td></tr><tr><td style=\"white-space:nowrap\">100000091596<a name=\"substance-sms-cs-100000091596\"> </a></td><td>Amoxicillin</td></tr><tr><td style=\"white-space:nowrap\">100000090113<a name=\"substance-sms-cs-100000090113\"> </a></td><td>Amoxicillin sodium</td></tr><tr><td style=\"white-space:nowrap\">100000092629<a name=\"substance-sms-cs-100000092629\"> </a></td><td>Amoxicillin trihydrate</td></tr><tr><td style=\"white-space:nowrap\">100000092127<a name=\"substance-sms-cs-100000092127\"> </a></td><td>Carbamazepine</td></tr><tr><td style=\"white-space:nowrap\">100000092667<a name=\"substance-sms-cs-100000092667\"> </a></td><td>Cefuroxime</td></tr><tr><td style=\"white-space:nowrap\">100000093039<a name=\"substance-sms-cs-100000093039\"> </a></td><td>Cefuroxime axetil</td></tr><tr><td style=\"white-space:nowrap\">100000091436<a name=\"substance-sms-cs-100000091436\"> </a></td><td>Cefuroxime sodium</td></tr><tr><td style=\"white-space:nowrap\">100000089842<a name=\"substance-sms-cs-100000089842\"> </a></td><td>Clavulanic acid</td></tr><tr><td style=\"white-space:nowrap\">100000093061<a name=\"substance-sms-cs-100000093061\"> </a></td><td>Potassium clavulanate</td></tr><tr><td style=\"white-space:nowrap\">100000092121<a name=\"substance-sms-cs-100000092121\"> </a></td><td>Ciclosporin</td></tr><tr><td style=\"white-space:nowrap\">100000155842<a name=\"substance-sms-cs-100000155842\"> </a></td><td>CICLOSPORIN A</td></tr><tr><td style=\"white-space:nowrap\">100000084546<a name=\"substance-sms-cs-100000084546\"> </a></td><td>Clomipramine</td></tr><tr><td style=\"white-space:nowrap\">100000090503<a name=\"substance-sms-cs-100000090503\"> </a></td><td>Clomipramine hydrochloride</td></tr><tr><td style=\"white-space:nowrap\">100000092074<a name=\"substance-sms-cs-100000092074\"> </a></td><td>Clotrimazole</td></tr><tr><td style=\"white-space:nowrap\">100000088282<a name=\"substance-sms-cs-100000088282\"> </a></td><td>Chloroquine</td></tr><tr><td style=\"white-space:nowrap\">100000084735<a name=\"substance-sms-cs-100000084735\"> </a></td><td>CHLOROQUINE HYDROCHLORIDE</td></tr><tr><td style=\"white-space:nowrap\">100000090551<a name=\"substance-sms-cs-100000090551\"> </a></td><td>Chloroquine sulfate</td></tr><tr><td style=\"white-space:nowrap\">100000092628<a name=\"substance-sms-cs-100000092628\"> </a></td><td>Chloroquine phosphate</td></tr><tr><td style=\"white-space:nowrap\">100000129152<a name=\"substance-sms-cs-100000129152\"> </a></td><td>CHLOROQUINE DIPHOSPHATE</td></tr><tr><td style=\"white-space:nowrap\">100000092362<a name=\"substance-sms-cs-100000092362\"> </a></td><td>Diazepam</td></tr><tr><td style=\"white-space:nowrap\">100000091074<a name=\"substance-sms-cs-100000091074\"> </a></td><td>Diclofenac diethylamine</td></tr><tr><td style=\"white-space:nowrap\">100000092368<a name=\"substance-sms-cs-100000092368\"> </a></td><td>Diclofenac potassium</td></tr><tr><td style=\"white-space:nowrap\">100000092798<a name=\"substance-sms-cs-100000092798\"> </a></td><td>Diclofenac</td></tr><tr><td style=\"white-space:nowrap\">100000085789<a name=\"substance-sms-cs-100000085789\"> </a></td><td>Diclofenac epolamine</td></tr><tr><td style=\"white-space:nowrap\">100000092272<a name=\"substance-sms-cs-100000092272\"> </a></td><td>Diclofenac sodium</td></tr><tr><td style=\"white-space:nowrap\">100000092375<a name=\"substance-sms-cs-100000092375\"> </a></td><td>Drospirenone</td></tr><tr><td style=\"white-space:nowrap\">100000092359<a name=\"substance-sms-cs-100000092359\"> </a></td><td>Enalapril</td></tr><tr><td style=\"white-space:nowrap\">100000080222<a name=\"substance-sms-cs-100000080222\"> </a></td><td>Enalaprilat</td></tr><tr><td style=\"white-space:nowrap\">100000091343<a name=\"substance-sms-cs-100000091343\"> </a></td><td>Enalapril maleate</td></tr><tr><td style=\"white-space:nowrap\">100000153305<a name=\"substance-sms-cs-100000153305\"> </a></td><td>Enalapril sodium</td></tr><tr><td style=\"white-space:nowrap\">100000085598<a name=\"substance-sms-cs-100000085598\"> </a></td><td>Enoxaparin</td></tr><tr><td style=\"white-space:nowrap\">100000090152<a name=\"substance-sms-cs-100000090152\"> </a></td><td>Enoxaparin sodium</td></tr><tr><td style=\"white-space:nowrap\">100000090229<a name=\"substance-sms-cs-100000090229\"> </a></td><td>Ergocalciferol</td></tr><tr><td style=\"white-space:nowrap\">100000091721<a name=\"substance-sms-cs-100000091721\"> </a></td><td>Ethinylestradiol</td></tr><tr><td style=\"white-space:nowrap\">100000087614<a name=\"substance-sms-cs-100000087614\"> </a></td><td>Glyceryl trinitrate</td></tr><tr><td style=\"white-space:nowrap\">100000084238<a name=\"substance-sms-cs-100000084238\"> </a></td><td>Goserelin</td></tr><tr><td style=\"white-space:nowrap\">100000086673<a name=\"substance-sms-cs-100000086673\"> </a></td><td>Goserelin acetate</td></tr><tr><td style=\"white-space:nowrap\">100000090365<a name=\"substance-sms-cs-100000090365\"> </a></td><td>Ibuprofen</td></tr><tr><td style=\"white-space:nowrap\">100000085009<a name=\"substance-sms-cs-100000085009\"> </a></td><td>Ibuprofen sodium</td></tr><tr><td style=\"white-space:nowrap\">100000090111<a name=\"substance-sms-cs-100000090111\"> </a></td><td>Ibuprofen lysine</td></tr><tr><td style=\"white-space:nowrap\">100000092228<a name=\"substance-sms-cs-100000092228\"> </a></td><td>Ibuprofen arginine</td></tr><tr><td style=\"white-space:nowrap\">100000175414<a name=\"substance-sms-cs-100000175414\"> </a></td><td>Ibuprofen isobutanolammonium</td></tr><tr><td style=\"white-space:nowrap\">100000140150<a name=\"substance-sms-cs-100000140150\"> </a></td><td>Ibuprofen sodium dihydrate</td></tr><tr><td style=\"white-space:nowrap\">100000133453<a name=\"substance-sms-cs-100000133453\"> </a></td><td>Ibuprofen D,L-lysinate</td></tr><tr><td style=\"white-space:nowrap\">100000079980<a name=\"substance-sms-cs-100000079980\"> </a></td><td>IBUPROFEN 1-IDROSSIMETIL-1-METIL ETILAMMONIO</td></tr><tr><td style=\"white-space:nowrap\">100000091825<a name=\"substance-sms-cs-100000091825\"> </a></td><td>Imatinib mesilate</td></tr><tr><td style=\"white-space:nowrap\">100000091894<a name=\"substance-sms-cs-100000091894\"> </a></td><td>Imatinib</td></tr><tr><td style=\"white-space:nowrap\">100000085460<a name=\"substance-sms-cs-100000085460\"> </a></td><td>Insulin glargine</td></tr><tr><td style=\"white-space:nowrap\">100000091697<a name=\"substance-sms-cs-100000091697\"> </a></td><td>Itraconazole</td></tr><tr><td style=\"white-space:nowrap\">100000091713<a name=\"substance-sms-cs-100000091713\"> </a></td><td>Lidocaine</td></tr><tr><td style=\"white-space:nowrap\">100000139489<a name=\"substance-sms-cs-100000139489\"> </a></td><td>Lidocaine hydrochloride</td></tr><tr><td style=\"white-space:nowrap\">100000085448<a name=\"substance-sms-cs-100000085448\"> </a></td><td>Metformin</td></tr><tr><td style=\"white-space:nowrap\">100000091366<a name=\"substance-sms-cs-100000091366\"> </a></td><td>Metformin hydrochloride</td></tr><tr><td style=\"white-space:nowrap\">100000091840<a name=\"substance-sms-cs-100000091840\"> </a></td><td>METFORMIN EMBONATE</td></tr><tr><td style=\"white-space:nowrap\">100000091372<a name=\"substance-sms-cs-100000091372\"> </a></td><td>Morphine</td></tr><tr><td style=\"white-space:nowrap\">100000076239<a name=\"substance-sms-cs-100000076239\"> </a></td><td>Morphine sulfate</td></tr><tr><td style=\"white-space:nowrap\">100000090494<a name=\"substance-sms-cs-100000090494\"> </a></td><td>Morphine hydrochloride</td></tr><tr><td style=\"white-space:nowrap\">100000076257<a name=\"substance-sms-cs-100000076257\"> </a></td><td>MORPHINE TARTRATE</td></tr><tr><td style=\"white-space:nowrap\">100000092047<a name=\"substance-sms-cs-100000092047\"> </a></td><td>Omeprazole</td></tr><tr><td style=\"white-space:nowrap\">100000085918<a name=\"substance-sms-cs-100000085918\"> </a></td><td>Omeprazole magnesium</td></tr><tr><td style=\"white-space:nowrap\">100000090186<a name=\"substance-sms-cs-100000090186\"> </a></td><td>Omeprazole sodium</td></tr><tr><td style=\"white-space:nowrap\">100000090270<a name=\"substance-sms-cs-100000090270\"> </a></td><td>Paracetamol</td></tr><tr><td style=\"white-space:nowrap\">100000091461<a name=\"substance-sms-cs-100000091461\"> </a></td><td>Perindopril</td></tr><tr><td style=\"white-space:nowrap\">100000088816<a name=\"substance-sms-cs-100000088816\"> </a></td><td>Perindopril arginine</td></tr><tr><td style=\"white-space:nowrap\">100000091602<a name=\"substance-sms-cs-100000091602\"> </a></td><td>Perindopril tert-butylamine</td></tr><tr><td style=\"white-space:nowrap\">100000130680<a name=\"substance-sms-cs-100000130680\"> </a></td><td>Perindopril tert-butylamin monohydrate</td></tr><tr><td style=\"white-space:nowrap\">100000141420<a name=\"substance-sms-cs-100000141420\"> </a></td><td>Perindopril tosilate</td></tr><tr><td style=\"white-space:nowrap\">100000091518<a name=\"substance-sms-cs-100000091518\"> </a></td><td>Calcium carbonate</td></tr><tr><td style=\"white-space:nowrap\">100000091629<a name=\"substance-sms-cs-100000091629\"> </a></td><td>Salbutamol</td></tr><tr><td style=\"white-space:nowrap\">100000091786<a name=\"substance-sms-cs-100000091786\"> </a></td><td>Simvastatin</td></tr><tr><td style=\"white-space:nowrap\">100000092635<a name=\"substance-sms-cs-100000092635\"> </a></td><td>Hydrocortisone</td></tr><tr><td style=\"white-space:nowrap\">100000086186<a name=\"substance-sms-cs-100000086186\"> </a></td><td>Meglumine acetrizoate</td></tr><tr><td style=\"white-space:nowrap\">100000092550<a name=\"substance-sms-cs-100000092550\"> </a></td><td>Hydrocortisone sodium succinate</td></tr><tr><td style=\"white-space:nowrap\">100000086711<a name=\"substance-sms-cs-100000086711\"> </a></td><td>Hydrocortisone valerate</td></tr><tr><td style=\"white-space:nowrap\">100000092260<a name=\"substance-sms-cs-100000092260\"> </a></td><td>Hydrocortisone acetate</td></tr><tr><td style=\"white-space:nowrap\">100000085172<a name=\"substance-sms-cs-100000085172\"> </a></td><td>Hydrocortisone butyrate</td></tr><tr><td style=\"white-space:nowrap\">100000084215<a name=\"substance-sms-cs-100000084215\"> </a></td><td>Hydrocortisone aceponate</td></tr><tr><td style=\"white-space:nowrap\">100000086187<a name=\"substance-sms-cs-100000086187\"> </a></td><td>Hydrocortisone cipionate</td></tr><tr><td style=\"white-space:nowrap\">100000086691<a name=\"substance-sms-cs-100000086691\"> </a></td><td>HYDROCORTISONE SODIUM PHOSPHATE</td></tr><tr><td style=\"white-space:nowrap\">100000090564<a name=\"substance-sms-cs-100000090564\"> </a></td><td>Salbutamol sulfate</td></tr><tr><td style=\"white-space:nowrap\">100000115886<a name=\"substance-sms-cs-100000115886\"> </a></td><td>Tafluprost</td></tr><tr><td style=\"white-space:nowrap\">100000089193<a name=\"substance-sms-cs-100000089193\"> </a></td><td>Teriparatide</td></tr><tr><td style=\"white-space:nowrap\">100000084795<a name=\"substance-sms-cs-100000084795\"> </a></td><td>TERIPARATIDE ACETATE</td></tr><tr><td style=\"white-space:nowrap\">100000077198<a name=\"substance-sms-cs-100000077198\"> </a></td><td>Tramadol</td></tr><tr><td style=\"white-space:nowrap\">100000093275<a name=\"substance-sms-cs-100000093275\"> </a></td><td>Tramadol hydrochloride</td></tr><tr><td style=\"white-space:nowrap\">100000089314<a name=\"substance-sms-cs-100000089314\"> </a></td><td>Trastuzumab</td></tr><tr><td style=\"white-space:nowrap\">100000128434<a name=\"substance-sms-cs-100000128434\"> </a></td><td>Trastuzumab emtansine</td></tr><tr><td style=\"white-space:nowrap\">100000174462<a name=\"substance-sms-cs-100000174462\"> </a></td><td>Trastuzumab deruxtecan</td></tr><tr><td style=\"white-space:nowrap\">100000089154<a name=\"substance-sms-cs-100000089154\"> </a></td><td>Varenicline</td></tr><tr><td style=\"white-space:nowrap\">100000091746<a name=\"substance-sms-cs-100000091746\"> </a></td><td>Varenicline tartrate</td></tr><tr><td style=\"white-space:nowrap\">100000091531<a name=\"substance-sms-cs-100000091531\"> </a></td><td>Ethinylestradiol betadex clathrate</td></tr><tr><td style=\"white-space:nowrap\">100000090052<a name=\"substance-sms-cs-100000090052\"> </a></td><td>LACTOSE</td></tr><tr><td style=\"white-space:nowrap\">100000084759<a name=\"substance-sms-cs-100000084759\"> </a></td><td>PLACEBO</td></tr><tr><td style=\"white-space:nowrap\">100000093305<a name=\"substance-sms-cs-100000093305\"> </a></td><td>Lactose monohydrate</td></tr><tr><td style=\"white-space:nowrap\">100000088000<a name=\"substance-sms-cs-100000088000\"> </a></td><td>Valsartan</td></tr><tr><td style=\"white-space:nowrap\">100000091737<a name=\"substance-sms-cs-100000091737\"> </a></td><td>Hydrochlorothiazide</td></tr></table></div>"},"url":"https://spor.ema.europa.eu/v2/SubstanceDefinition","version":"0.1.0","name":"Substance_SMS_CS","title":"Substances EMA SPOR SMS","status":"draft","experimental":false,"date":"2023-10-17T08:02:36+00:00","publisher":"UNICOM","contact":[{"name":"UNICOM","telecom":[{"system":"url","value":"http://unicom-project.eu"}]}],"description":"UNICOM PPL substances from EMA SPOR SMS","caseSensitive":true,"compositional":false,"content":"complete","count":101,"concept":[{"code":"100000085259","display":"Amlodipine"},{"code":"100000089370","display":"AMLODIPINE MALEATE"},{"code":"100000089571","display":"Amlodipine mesilate"},{"code":"100000090079","display":"Amlodipine besilate"},{"code":"300000027652","display":"Amlodipine benzoate"},{"code":"100000091596","display":"Amoxicillin"},{"code":"100000090113","display":"Amoxicillin sodium"},{"code":"100000092629","display":"Amoxicillin trihydrate"},{"code":"100000092127","display":"Carbamazepine"},{"code":"100000092667","display":"Cefuroxime"},{"code":"100000093039","display":"Cefuroxime axetil"},{"code":"100000091436","display":"Cefuroxime sodium"},{"code":"100000089842","display":"Clavulanic acid"},{"code":"100000093061","display":"Potassium clavulanate"},{"code":"100000092121","display":"Ciclosporin"},{"code":"100000155842","display":"CICLOSPORIN A"},{"code":"100000084546","display":"Clomipramine"},{"code":"100000090503","display":"Clomipramine hydrochloride"},{"code":"100000092074","display":"Clotrimazole"},{"code":"100000088282","display":"Chloroquine"},{"code":"100000084735","display":"CHLOROQUINE HYDROCHLORIDE"},{"code":"100000090551","display":"Chloroquine sulfate"},{"code":"100000092628","display":"Chloroquine phosphate"},{"code":"100000129152","display":"CHLOROQUINE DIPHOSPHATE"},{"code":"100000092362","display":"Diazepam"},{"code":"100000091074","display":"Diclofenac diethylamine"},{"code":"100000092368","display":"Diclofenac potassium"},{"code":"100000092798","display":"Diclofenac"},{"code":"100000085789","display":"Diclofenac epolamine"},{"code":"100000092272","display":"Diclofenac sodium"},{"code":"100000092375","display":"Drospirenone"},{"code":"100000092359","display":"Enalapril"},{"code":"100000080222","display":"Enalaprilat"},{"code":"100000091343","display":"Enalapril maleate"},{"code":"100000153305","display":"Enalapril sodium"},{"code":"100000085598","display":"Enoxaparin"},{"code":"100000090152","display":"Enoxaparin sodium"},{"code":"100000090229","display":"Ergocalciferol"},{"code":"100000091721","display":"Ethinylestradiol"},{"code":"100000087614","display":"Glyceryl trinitrate"},{"code":"100000084238","display":"Goserelin"},{"code":"100000086673","display":"Goserelin acetate"},{"code":"100000090365","display":"Ibuprofen"},{"code":"100000085009","display":"Ibuprofen sodium"},{"code":"100000090111","display":"Ibuprofen lysine"},{"code":"100000092228","display":"Ibuprofen arginine"},{"code":"100000175414","display":"Ibuprofen isobutanolammonium"},{"code":"100000140150","display":"Ibuprofen sodium dihydrate"},{"code":"100000133453","display":"Ibuprofen D,L-lysinate"},{"code":"100000079980","display":"IBUPROFEN 1-IDROSSIMETIL-1-METIL ETILAMMONIO"},{"code":"100000091825","display":"Imatinib mesilate"},{"code":"100000091894","display":"Imatinib"},{"code":"100000085460","display":"Insulin glargine"},{"code":"100000091697","display":"Itraconazole"},{"code":"100000091713","display":"Lidocaine"},{"code":"100000139489","display":"Lidocaine hydrochloride"},{"code":"100000085448","display":"Metformin"},{"code":"100000091366","display":"Metformin hydrochloride"},{"code":"100000091840","display":"METFORMIN EMBONATE"},{"code":"100000091372","display":"Morphine"},{"code":"100000076239","display":"Morphine sulfate"},{"code":"100000090494","display":"Morphine hydrochloride"},{"code":"100000076257","display":"MORPHINE TARTRATE"},{"code":"100000092047","display":"Omeprazole"},{"code":"100000085918","display":"Omeprazole magnesium"},{"code":"100000090186","display":"Omeprazole sodium"},{"code":"100000090270","display":"Paracetamol"},{"code":"100000091461","display":"Perindopril"},{"code":"100000088816","display":"Perindopril arginine"},{"code":"100000091602","display":"Perindopril tert-butylamine"},{"code":"100000130680","display":"Perindopril tert-butylamin monohydrate"},{"code":"100000141420","display":"Perindopril tosilate"},{"code":"100000091518","display":"Calcium carbonate"},{"code":"100000091629","display":"Salbutamol"},{"code":"100000091786","display":"Simvastatin"},{"code":"100000092635","display":"Hydrocortisone"},{"code":"100000086186","display":"Meglumine acetrizoate"},{"code":"100000092550","display":"Hydrocortisone sodium succinate"},{"code":"100000086711","display":"Hydrocortisone valerate"},{"code":"100000092260","display":"Hydrocortisone acetate"},{"code":"100000085172","display":"Hydrocortisone butyrate"},{"code":"100000084215","display":"Hydrocortisone aceponate"},{"code":"100000086187","display":"Hydrocortisone cipionate"},{"code":"100000086691","display":"HYDROCORTISONE SODIUM PHOSPHATE"},{"code":"100000090564","display":"Salbutamol sulfate"},{"code":"100000115886","display":"Tafluprost"},{"code":"100000089193","display":"Teriparatide"},{"code":"100000084795","display":"TERIPARATIDE ACETATE"},{"code":"100000077198","display":"Tramadol"},{"code":"100000093275","display":"Tramadol hydrochloride"},{"code":"100000089314","display":"Trastuzumab"},{"code":"100000128434","display":"Trastuzumab emtansine"},{"code":"100000174462","display":"Trastuzumab deruxtecan"},{"code":"100000089154","display":"Varenicline"},{"code":"100000091746","display":"Varenicline tartrate"},{"code":"100000091531","display":"Ethinylestradiol betadex clathrate"},{"code":"100000090052","display":"LACTOSE"},{"code":"100000084759","display":"PLACEBO"},{"code":"100000093305","display":"Lactose monohydrate"},{"code":"100000088000","display":"Valsartan"},{"code":"100000091737","display":"Hydrochlorothiazide"}]}