{"resourceType":"SearchParameter","id":"strength-presentation-quantity","text":{"status":"generated","div":"<div xmlns=\"http://www.w3.org/1999/xhtml\"><h2>strength-presentation-quantity</h2><p>Parameter <code>strength-presentation-quantity</code>:<code>quantity</code></p><div><p>Possiblity to search for Ingredient.substance.strength.presentation.ofType(Quantity)</p>\n</div><table class=\"grid\"><tr><td>Resource</td><td><a href=\"http://hl7.org/fhir/R5/ingredient.html\">Ingredient</a></td></tr><tr><td>Expression</td><td><code>Ingredient.substance.strength.presentation.ofType(Quantity)</code></td></tr><tr><td>Processing Mode</td><td>Normal</td></tr><tr><td>Multiples</td><td>The parameter cannot repeat or have multiple values</td></tr></table></div>"},"url":"http://unicom-project.eu/fhir/SearchParameter/strength-presentation-quantity","version":"0.1.0","name":"strength-presentation-quantity","status":"active","date":"2023-10-17T08:02:36+00:00","publisher":"UNICOM","contact":[{"name":"UNICOM","telecom":[{"system":"url","value":"http://unicom-project.eu"}]}],"description":"Possiblity to search for Ingredient.substance.strength.presentation.ofType(Quantity)","code":"strength-presentation-quantity","base":["Ingredient"],"type":"quantity","expression":"Ingredient.substance.strength.presentation.ofType(Quantity)","processingMode":"normal"}