{"resourceType":"ValueSet","id":"language-ema-vs","text":{"status":"generated","div":"<div xmlns=\"http://www.w3.org/1999/xhtml\"><ul><li>Include all codes defined in <a href=\"CodeSystem-language-ema-cs.html\"><code>https://spor.ema.europa.eu/v1/lists/100000072057</code></a></li></ul></div>"},"url":"http://unicom-project.eu/fhir/ValueSet/language-ema-vs","version":"0.1.0","name":"LanguageEMA","title":"EMA SPOR Language","status":"draft","experimental":false,"date":"2023-10-17T08:02:36+00:00","publisher":"UNICOM","contact":[{"name":"UNICOM","telecom":[{"system":"url","value":"http://unicom-project.eu"}]}],"description":"Languages. EMA SPOR RMS list.","compose":{"include":[{"system":"https://spor.ema.europa.eu/v1/lists/100000072057"}]}}