<?xml version="1.0" encoding="UTF-8"?>

<ValueSet xmlns="http://hl7.org/fhir">
  <id value="whoatc-unicom"/>
  <text>
    <status value="generated"/><div xmlns="http://www.w3.org/1999/xhtml"><ul><li>Include all codes defined in <a href="http://www.whocc.no/atc"><code>http://www.whocc.no/atc</code></a></li></ul></div>
  </text>
  <url value="http://unicom-project.eu/fhir/ValueSet/whoatc-unicom"/>
  <version value="0.1.0"/>
  <name value="VsWhoAtcUnicom"/>
  <title value="WHO ATC"/>
  <status value="active"/>
  <experimental value="false"/>
  <date value="2023-02-03T15:06:18+00:00"/>
  <publisher value="UNICOM"/>
  <contact>
    <name value="UNICOM"/>
    <telecom>
      <system value="url"/>
      <value value="http://unicom-project.eu"/>
    </telecom>
  </contact>
  <description value="World Health Organization Anatomical Therapeutic Chemical (ATC) classification system.  Note: The currently implemented code system and the value set expansion contain only a set of example ATC codes, not the complete code system content."/>
  <immutable value="false"/>
  <copyright value="This artifact includes content from Anatomical Therapeutic Chemical (ATC) classification system. ATC codes are copyright World Health Organization (WHO) Collaborating Centre for Drug Statistics Methodology. Terms &amp; Conditions in https://www.whocc.no/use_of_atc_ddd/"/>
  <compose>
    <include>
      <system value="http://www.whocc.no/atc"/>
    </include>
  </compose>
</ValueSet>