<?xml version="1.0" encoding="UTF-8"?>

<ValueSet xmlns="http://hl7.org/fhir">
  <id value="no-vs"/>
  <text>
    <status value="generated"/><div xmlns="http://www.w3.org/1999/xhtml"><ul><li>Include all codes defined in <a href="CodeSystem-domain-ema-cs.html"><code>https://spor.ema.europa.eu/v1/lists/100000000004</code></a></li></ul></div>
  </text>
  <url value="http://unicom-project.eu/fhir/ValueSet/no-vs"/>
  <version value="0.1.0"/>
  <name value="NoBinding"/>
  <title value="Dummy value set"/>
  <status value="active"/>
  <experimental value="false"/>
  <date value="2023-02-03T15:06:18+00:00"/>
  <publisher value="UNICOM"/>
  <contact>
    <name value="UNICOM"/>
    <telecom>
      <system value="url"/>
      <value value="http://unicom-project.eu"/>
    </telecom>
  </contact>
  <description value="Dummy value set for suppressing QA errors caused by FHIR R4B broken value set bindings"/>
  <compose>
    <include>
      <system value="https://spor.ema.europa.eu/v1/lists/100000000004"/>
    </include>
  </compose>
</ValueSet>