<?xml version="1.0" encoding="UTF-8"?><ValueSet xmlns="http://hl7.org/fhir"><id value="country-ema-vs"/><text><status value="generated"/><div xmlns="http://www.w3.org/1999/xhtml"><ul><li>Include all codes defined in <a href="CodeSystem-country-ema-cs.html"><code>https://spor.ema.europa.eu/v1/lists/100000000002</code></a></li></ul></div></text><url value="http://unicom-project.eu/fhir/ValueSet/country-ema-vs"/><version value="0.1.0"/><name value="CountryEMA"/><title value="Country (EMA SPOR RMS)"/><status value="active"/><experimental value="false"/><date value="2023-02-24T10:33:27+00:00"/><publisher value="UNICOM"/><contact><name value="UNICOM"/><telecom><system value="url"/><value value="http://unicom-project.eu"/></telecom></contact><description value="Countries. EMA SPOR RMS list."/><compose><include><system value="https://spor.ema.europa.eu/v1/lists/100000000002"/></include></compose></ValueSet>