<?xml version="1.0" encoding="UTF-8"?><ValueSet xmlns="http://hl7.org/fhir"><id value="material-vs"/><text><status value="generated"/><div xmlns="http://www.w3.org/1999/xhtml"><ul><li>Include all codes defined in <a href="CodeSystem-material-ema-cs.html"><code>https://spor.ema.europa.eu/v1/lists/200000003199</code></a></li></ul></div></text><url value="http://unicom-project.eu/fhir/ValueSet/material-vs"/><version value="0.1.0"/><name value="Material"/><title value="Material"/><status value="active"/><experimental value="false"/><date value="2023-02-24T10:33:27+00:00"/><publisher value="UNICOM"/><contact><name value="UNICOM"/><telecom><system value="url"/><value value="http://unicom-project.eu"/></telecom></contact><description value="Package material. EMA SPOR RMS LIST."/><compose><include><system value="https://spor.ema.europa.eu/v1/lists/200000003199"/></include></compose></ValueSet>