<?xml version="1.0" encoding="UTF-8"?><ValueSet xmlns="http://hl7.org/fhir"><id value="combined-term"/><text><status value="generated"/><div xmlns="http://www.w3.org/1999/xhtml"><ul><li>Include these codes as defined in <code>https://standardterms.edqm.eu</code><table class="none"><tr><td style="white-space:nowrap"><b>Code</b></td><td><b>Display</b></td></tr><tr><td>11210500</td><td>Solution for infusion in administration system</td></tr><tr><td>13053000</td><td>Solution for injection in administration system</td></tr><tr><td>13057000</td><td>Powder and solvent for prolonged-release suspension for injection in pre-filled syringe</td></tr><tr><td>13060000</td><td>Powder for oral/rectal suspension in sachet</td></tr><tr><td>13064000</td><td>Suspension for injection in pre-filled injector</td></tr><tr><td>13068000</td><td>Solution for injection in pre-filled injector</td></tr><tr><td>13069000</td><td>Gel in sachet</td></tr><tr><td>13071000</td><td>Solution for injection in dose-dispenser cartridge</td></tr><tr><td>13075000</td><td>Oral suspension in pre-filled oral applicator</td></tr><tr><td>13083000</td><td>Bee-hive dispersion in sachet</td></tr><tr><td>13090000</td><td>Granules in single-dose container</td></tr><tr><td>13094000</td><td>Syrup in sachet</td></tr><tr><td>13095000</td><td>Emulsion for infusion in administration system</td></tr><tr><td>13103000</td><td>Cutaneous solution in single-dose container</td></tr><tr><td>13104000</td><td>Eye drops, emulsion in single-dose container</td></tr><tr><td>13108000</td><td>Powder and solvent for suspension for injection in multidose container</td></tr><tr><td>13109000</td><td>Solution for injection in multidose container</td></tr><tr><td>13110000</td><td>Suspension for injection in multidose container</td></tr><tr><td>13112000</td><td>Prolonged-release suspension for injection in pre-filled pen</td></tr><tr><td>13120000</td><td>Nasal powder in single-dose container</td></tr><tr><td>13122000</td><td>Solution for infusion in cartridge</td></tr><tr><td>13130000</td><td>Oral powder in single-dose container</td></tr><tr><td>13137000</td><td>Transdermal gel in sachet</td></tr><tr><td>13146000</td><td>Oral solution in multidose container with metering pump</td></tr><tr><td>13147000</td><td>Powder for oral suspension in sachet</td></tr><tr><td>13155000</td><td>Film-coated granules in single-dose container</td></tr><tr><td>13161000</td><td>Dispersion for injection in pre-filled syringe</td></tr><tr><td>50001250</td><td>Coated granules in sachet</td></tr><tr><td>50017200</td><td>Ear drops, solution in single-dose container</td></tr><tr><td>50017550</td><td>Ear drops, suspension in single-dose container</td></tr><tr><td>50021250</td><td>Emulsion for injection/infusion in pre-filled syringe</td></tr><tr><td>50022500</td><td>Eye drops, prolonged-release solution in single-dose container</td></tr><tr><td>50023000</td><td>Eye drops, solution in single-dose container</td></tr><tr><td>50023100</td><td>Eye drops, suspension in single-dose container</td></tr><tr><td>50023300</td><td>Eye gel in single-dose container</td></tr><tr><td>50023400</td><td>Eye ointment in single-dose container</td></tr><tr><td>50023700</td><td>Film-coated tablet and gastro-resistant granules in sachet</td></tr><tr><td>50026150</td><td>Gastro-resistant granules for oral suspension in sachet</td></tr><tr><td>50026400</td><td>Gel in pressurised container</td></tr><tr><td>50029170</td><td>Granules for oral solution in sachet</td></tr><tr><td>50029200</td><td>Granules for oral suspension in sachet</td></tr><tr><td>50029550</td><td>Granules in sachet</td></tr><tr><td>50029700</td><td>Herbal tea in bag</td></tr><tr><td>50029750</td><td>Implant in pre-filled syringe</td></tr><tr><td>50033500</td><td>Intravitreal implant in applicator</td></tr><tr><td>50036200</td><td>Nasal drops, solution in single-dose container</td></tr><tr><td>50037250</td><td>Nasal spray, solution in single-dose container</td></tr><tr><td>50037450</td><td>Nebuliser solution in single-dose container</td></tr><tr><td>50037600</td><td>Oral emulsion in sachet</td></tr><tr><td>50037700</td><td>Oral paste in sachet</td></tr><tr><td>50037800</td><td>Oral powder in sachet</td></tr><tr><td>50038600</td><td>Oral solution in sachet</td></tr><tr><td>50038650</td><td>Oral solution in single-dose container</td></tr><tr><td>50038700</td><td>Oral suspension in sachet</td></tr><tr><td>50039300</td><td>Oromucosal powder in pouch</td></tr><tr><td>50041000</td><td>Pillules in single-dose container</td></tr><tr><td>50048010</td><td>Powder and solvent for prolonged-release suspension for injection in pre-filled pen</td></tr><tr><td>50048050</td><td>Powder and solvent for solution for injection in cartridge</td></tr><tr><td>50048150</td><td>Powder and solvent for solution for injection in pre-filled pen</td></tr><tr><td>50048250</td><td>Powder and solvent for solution for injection in pre-filled syringe</td></tr><tr><td>50048300</td><td>Powder and solvent for suspension for injection in pre-filled syringe</td></tr><tr><td>50048400</td><td>Powder and solvent in pre-filled syringe for solution for injection</td></tr><tr><td>50052500</td><td>Powder for oral solution in sachet</td></tr><tr><td>50056150</td><td>Prolonged-release granules for oral suspension in sachet</td></tr><tr><td>50056200</td><td>Prolonged-release granules in sachet</td></tr><tr><td>50056250</td><td>Prolonged-release suspension for injection in pre-filled syringe</td></tr><tr><td>50056600</td><td>Solution and suspension for suspension for injection in pre-filled syringe</td></tr><tr><td>50058500</td><td>Solution for infusion in pre-filled syringe</td></tr><tr><td>50060100</td><td>Solution for injection in cartridge</td></tr><tr><td>50060150</td><td>Solution for injection in needle-free injector</td></tr><tr><td>50060200</td><td>Solution for injection in pre-filled pen</td></tr><tr><td>50060300</td><td>Solution for injection in pre-filled syringe</td></tr><tr><td>50060400</td><td>Solution for injection in pre-filled syringe with automatic needle guard</td></tr><tr><td>50060500</td><td>Solution for injection/infusion in pre-filled syringe</td></tr><tr><td>50063100</td><td>Suspension for injection in cartridge</td></tr><tr><td>50063200</td><td>Suspension for injection in pre-filled pen</td></tr><tr><td>50063300</td><td>Suspension for injection in pre-filled syringe</td></tr></table></li></ul><p><b>Additional Language Displays</b></p><table class="codes"><tr><td><b>Code</b></td><td><b>Deutsch (German, de)</b></td><td><b>Greek (el)</b></td><td><b>Spanish (es)</b></td><td><b>French (fr)</b></td><td><b>Italian (it)</b></td><td><b>Portuguese (pt)</b></td></tr><tr><td>11210500</td><td>Infusionslösung im Applikationssystem</td><td>Διάλυμα για έγχυση σε σύστημα χορήγησης</td><td>Solución para perfusión en sistema de administración</td><td>Solution pour perfusion en système d'administration</td><td>Soluzione per infusione in sistema di somministrazione</td><td>Solução para perfusão em sistema de administração</td></tr><tr><td>13053000</td><td>Injektionslösung in einem Applikationssystem</td><td>Ενέσιμο διάλυμα σε σύστημα χορήγησης</td><td>Solución inyectable en sistema de administración</td><td>Solution injectable en système d'administration</td><td>Soluzione iniettabile in sistema di somministrazione</td><td>Solução injetável em sistema de administração</td></tr><tr><td>13057000</td><td>Pulver und Lösungsmittel zur Herstellung einer Depot-Injektionssuspension in einer Fertigspritze</td><td>Κόνις και διαλύτης για παρασκευή ενέσιμου εναιωρήματος παρατεταμένης αποδέσμευσης σε προγεμισμένη σύριγγα</td><td>Polvo y disolvente para suspensión inyectable de liberación prolongada en jeringa precargada</td><td>Poudre et solvant pour suspension injectable à libération prolongée en seringue préremplie</td><td>Polvere e solvente per sospensione iniettabile a rilascio prolungato in siringa preriempita</td><td>Pó e veículo para suspensão injetável de libertação prolongada em seringa pré-cheia</td></tr><tr><td>13060000</td><td>Pulver zur Herstellung einer Suspension zum Einnehmen / Rektalsuspension im Beutel</td><td>Κόνις για εναιώρημα από του στόματος/από του ορθού σε φακελίσκο</td><td>Polvo para suspensión oral y rectal en sobre</td><td>Poudre pour suspension buvable/ rectale en sachet</td><td>Polvere per sospensione orale/rettale in bustina</td><td>Pó para suspensão oral ou retal em saqueta</td></tr><tr><td>13064000</td><td>Injektionssuspension im Fertiginjektor</td><td>Ενέσιμο εναιώρημα σε προγεμισμένο εγχυτήρα</td><td>Suspensión inyectable en inyector precargado</td><td>Suspension injectable en injecteur prérempli</td><td>Sospensione iniettabile in iniettore preriempito</td><td>Suspensão injetável em injetor pré-cheio</td></tr><tr><td>13068000</td><td>Injektionslösung im Fertiginjektor</td><td>Ενέσιμο διάλυμα σε προγεμισμένο σύστημα χορήγησης</td><td>Solución inyectable en inyector precargado</td><td>Solution injectable en injecteur prérempli</td><td>Soluzione iniettabile in iniettore preriempito</td><td>Solução injetável em injetor pré-cheio</td></tr><tr><td>13069000</td><td>Gel im Beutel</td><td>Γέλη σε φακελίσκο</td><td>Gel en sobre</td><td>Gel en sachet</td><td>Gel in bustina</td><td>Gel em saquetas</td></tr><tr><td>13071000</td><td>Injektionslösung in einer Patrone für ein Dosiergerät</td><td>Ενέσιμο διάλυμα σε φυσίγγιο δοσομετρητή</td><td>Solución inyectable en cartucho para dispensador de dosis</td><td>Solution injectable en cartouche pour dispensateur de dose</td><td>Soluzione iniettabile in cartuccia per dispositivo di somministrazione</td><td>Solução injetável em cartucho para dispensador de dose</td></tr><tr><td>13075000</td><td>Suspension zum Einnehmen in einem Fertigapplikator für die orale Verabreichung</td><td>Πόσιμο εναιώρημα σε προγεμισμένο εξάρτημα χορήγησης από του στόματος</td><td>Suspensión oral en aplicador precargado para uso oral</td><td>Suspension buvable en applicateur prérempli pour administration orale</td><td>Sospensione orale in applicatore preriempito per somministrazione orale</td><td>Suspensão oral em aplicador oral pré-cheio</td></tr><tr><td>13083000</td><td>Dispersion im Beutel für den Bienenstock</td><td>Ενδοκυψελική διασπορά σε φακελίσκο</td><td>Dispersión para colmenas en sobre</td><td>Dispersion pour ruche en sachet</td><td>Dispersione per alveare in bustina</td><td>Dispersão para colmeias em saquetas</td></tr><tr><td>13090000</td><td>Granulat im Einzeldosisbehältnis</td><td>Κοκκία σε περιέκτη μίας δόσης</td><td>Granulado en envase unidosis</td><td>Granulés en récipient unidose</td><td>Granulato in contenitore monodose</td><td>Granulado em recipiente unidose</td></tr><tr><td>13094000</td><td>Sirup im Beutel</td><td>Σιρόπι σε φακελίσκο</td><td>Jarabe en sobre</td><td>Sirop en sachet</td><td>Sciroppo in bustina</td><td>Xarope em saquetas</td></tr><tr><td>13095000</td><td>Emulsion zur Infusion im Applikationssystem</td><td>Γαλάκτωμα για έγχυση σε σύστημα χορήγησης</td><td>Emulsión para perfusión en sistema de administración</td><td>Emulsion pour perfusion en système d'administration</td><td>Emulsione per infusione in dispositivo di somministrazione</td><td>Emulsão para perfusão em sistema de administração</td></tr><tr><td>13103000</td><td>Lösung zur Anwendung auf der Haut im Einzeldosisbehältnis</td><td>Δερματικό διάλυμα σε περιέκτη μίας δόσης</td><td>Solución cutánea en envase unidosis</td><td>Solution cutanée en récipient unidose</td><td>Soluzione cutanea in contenitore monodose</td><td>Solução cutânea em recipiente unidose</td></tr><tr><td>13104000</td><td>Augentropfen, Emulsion im Einzeldosisbehältnis</td><td>Οφθαλμικές σταγόνες, γαλάκτωμα σε περιέκτη μίας δόσης</td><td>Gotas óticas en emulsión en envase unidosis</td><td>Emulsion ophtalmique en gouttes en récipient unidose</td><td>Collirio, emulsione in contenitore monodose</td><td>Colírio, emulsão em recipiente unidose</td></tr><tr><td>13108000</td><td>Pulver und Lösungsmittel zur Herstellung einer Injektionssuspension in einem Mehrdosenbehältnis</td><td></td><td>Polvo y disolvente para suspensión inyectable en envase multidosis</td><td>Poudre et solvant pour suspension injectable en récipient multidose</td><td>Polvere e solvente per sospensione iniettabile in contenitore multidose</td><td>Pó e veículo para suspensão injetável em recipiente multidose</td></tr><tr><td>13109000</td><td>Injektionslösung in einem Mehrdosenbehältnis</td><td></td><td>Solución inyectable en envase multidosis</td><td>Solution injectable en récipient multidose</td><td>Soluzione iniettabile in contenitore multidose</td><td>Solução injetável em recipiente multidose</td></tr><tr><td>13110000</td><td>Injektionssuspension in einem Mehrdosenbehältnis</td><td></td><td>Suspensión inyectable en envase multidosis</td><td>Suspension injectable en récipient multidose</td><td>Sospensione iniettabile in contenitore multidose</td><td>Suspensão injetável em recipiente multidose</td></tr><tr><td>13112000</td><td>Depot-Injektionssuspension im Fertigpen</td><td></td><td>Suspensión inyectable de liberación prolongada en pluma precargada</td><td>Suspension injectable à libération prolongée en stylo prérempli</td><td>Sospensione iniettabile a rilascio prolungato in penna preriempita</td><td>Suspensão injetável de libertação prolongada em caneta pré-cheia</td></tr><tr><td>13120000</td><td>Nasenpulver im Einzeldosisbehältnis</td><td>Ρινική κόνις σε περιέκτη μίας δόσης</td><td>Polvo nasal en envase unidosis</td><td>Poudre nasale en récipient unidose</td><td>Polvere nasale in contenitore monodose</td><td>Pó nasal em recipiente unidose</td></tr><tr><td>13122000</td><td>Infusionslösung in einer Patrone</td><td></td><td>Solución para perfusión en cartucho</td><td>Solution pour perfusion en cartouche</td><td>Soluzione per infusione in cartuccia</td><td>Solução para perfusão em cartucho</td></tr><tr><td>13130000</td><td>Pulver zum Einnehmen im Einzeldosisbehältnis</td><td></td><td>Polvo oral en envase unidosis</td><td></td><td>Polvere orale in contenitore monodose</td><td>Pó oral em recipiente unidose</td></tr><tr><td>13137000</td><td>Transdermales Gel im Beutel</td><td></td><td>Gel transdérmico en sobre</td><td></td><td>Gel transdermico in bustina</td><td>Gel transdérmico em saquetas</td></tr><tr><td>13146000</td><td>Lösung zum Einnehmen im Mehrdosenbehältnis mit Dosierpumpe</td><td></td><td>Solución oral en envase multidosis con bomba dosificadora</td><td>Solution buvable en récipient multidose avec pompe doseuse</td><td>Soluzione orale in contenitore multidose con pompa dosatrice</td><td>Solução oral em recipiente multidose com bomba doseadora</td></tr><tr><td>13147000</td><td></td><td></td><td>Polvo para suspensión oral en sobre</td><td>Poudre pour suspension buvable en sachet</td><td>Polvere per sospensione orale in bustina</td><td>Pó para suspensão oral em saqueta</td></tr><tr><td>13155000</td><td></td><td></td><td></td><td></td><td></td><td>Granulado revestido por película em recipiente unidose</td></tr><tr><td>13161000</td><td>Injektionsdispersion in einer Fertigspritze</td><td></td><td></td><td>Dispersion injectable en seringue préremplie</td><td></td><td>Dispersão injetável em seringa pré-cheia</td></tr><tr><td>50001250</td><td>Überzogenes Granulat im Beutel</td><td>Επικαλυμμένα κοκκία σε φακελίσκο</td><td>Granulado recubierto en sobre</td><td>Granulés enrobés en sachet</td><td>Granulato rivestito in bustina</td><td>Granulado revestido em saqueta</td></tr><tr><td>50017200</td><td>Ohrentropfen, Lösung im Einzeldosisbehältnis</td><td>Ωτικές σταγόνες, διάλυμα  σε περιέκτη μίας δόσης</td><td>Gotas óticas en solución en envase unidosis</td><td>Solution auriculaire en gouttes en récipient unidose</td><td>Gocce auricolari, soluzione in contenitore monodose</td><td>Gotas auriculares, solução em recipiente unidose</td></tr><tr><td>50017550</td><td>Ohrentropfensuspension im Einzeldosisbehältnis</td><td>Ωτικές σταγόνες, εναιώρημα, σε περιέκτη μίας δόσης</td><td>Gotas óticas en suspensión en envase unidosis</td><td>Suspension auriculaire en gouttes en récipient unidose</td><td>Gocce auricolari, sospensione in contenitore monodose</td><td>Gotas auriculares, suspensão em recipiente unidose</td></tr><tr><td>50021250</td><td>Emulsion zur Injektion/Infusion in einer Fertigspritze</td><td>Ενέσιμο γαλάκτωμα/γαλάκτωμα για έγχυση σε προγεμισμένη σύριγγα</td><td>Emulsión inyectable y para perfusión en jeringa precargada</td><td>Emulsion injectable/pour perfusion en seringue préremplie</td><td>Emulsione iniettabile/per infusione in siringa preriempita</td><td>Emulsão injetável ou para perfusão em seringa pré-cheia</td></tr><tr><td>50022500</td><td>Augentropfen mit verlängerter Wirkungsdauer im Einzeldosisbehältnis</td><td>Οφθαλμικές σταγόνες, διάλυμα παρατεταμένης αποδέσμευσης σε περιέκτη μίας δόσης</td><td>Colirio en solución de liberación prolongada en envase unidosis</td><td>Collyre en solution à libération prolongée en récipient unidose</td><td>Collirio, soluzione a rilascio prolungato in contenitore monodose</td><td>Colírio, solução de libertação prolongada em recipiente unidose</td></tr><tr><td>50023000</td><td>Augentropfen, Lösung im Einzeldosisbehältnis</td><td>Οφθαλμικές σταγόνες, διάλυμα σε περιέκτη μίας δόσης</td><td>Colirio en solución en envase unidosis</td><td>Collyre en solution en récipient unidose</td><td>Collirio, soluzione in contenitore monodose</td><td>Colírio, solução em recipiente unidose</td></tr><tr><td>50023100</td><td>Augentropfen, Suspension im Einzeldosisbehältnis</td><td>Οφθαλμικές σταγόνες, εναιώρημα σε περιέκτη μίας δόσης</td><td>Colirio en suspensión en envase unidosis</td><td>Collyre en suspension en récipient unidose</td><td>Collirio, sospensione in contenitore monodose</td><td>Colírio, suspensão em recipiente unidose</td></tr><tr><td>50023300</td><td>Augengel im Einzeldosisbehältnis</td><td>Οφθαλμική γέλη σε περιέκτη μίας χρήσης</td><td>Gel oftálmico en envase unidosis</td><td>Gel ophtalmique en récipient unidose</td><td>Gel oftalmico in contenitore monodose</td><td>Gel oftálmico em recipiente unidose</td></tr><tr><td>50023400</td><td>Augensalbe im Einzeldosisbehältnis</td><td>Οφθαλμική αλοιφή σε περιέκτη μίας δόσης</td><td>Pomada oftálmica en envase unidosis</td><td>Pommade ophtalmique en récipient unidose</td><td>Unguento oftalmico in contenitore monodose</td><td>Pomada oftálmica em recipiente unidose</td></tr><tr><td>50023700</td><td>Filmtablette und magensaftresistentes Granulat im Beutel</td><td>Επικαλυμμένο με λεπτό υμένιο δισκίο και γαστροανθεκτικά κοκκία σε φακελίσκο</td><td>Comprimido recubierto con película y granulado gastrorresistente en sobre</td><td>Comprimé pelliculé et granulés gastrorésistant en sachet</td><td>Compressa rivestita con film e granulato gastroresistente in bustina</td><td>Comprimido revestido por película e granulado gastrorresistente em saqueta</td></tr><tr><td>50026150</td><td>magensaftresistentes Granulat zur Herstellung einer Suspension zum Einnehmen im Beutel</td><td>Γαστροανθεκτικά κοκκία σε φακελίσκο για πόσιμο εναιώρημα</td><td>Granulado gastrorresistente para suspensión oral en sobre</td><td>Granulés gastrorésistants pour suspension buvable en sachet</td><td>Granulato gastroresistente per sospensione orale in bustina</td><td>Granulado gastrorresistente para suspensão oral em saqueta</td></tr><tr><td>50026400</td><td>Gel im Druckbehältnis</td><td>Γέλη σε περιέκτη υπό πίεση</td><td>Gel en envase a presión</td><td>Gel en récipient pressurisé</td><td>Gel in contenitore pressurizzato</td><td>Gel em recipiente pressurizado</td></tr><tr><td>50029170</td><td>Granulat zur Herstellung einer Lösung zum Einnehmen im Beutel</td><td>Κοκκία σε φακελίσκο για παρασκευή πόσιμου διαλύματος</td><td>Granulado para solución oral en sobre</td><td>Granulés pour solution buvable en sachet</td><td>Granulato per soluzione orale in bustina</td><td>Granulado para solução oral em saqueta</td></tr><tr><td>50029200</td><td>Granulat zur Herstellung einer Suspension zum Einnehmen im Beutel</td><td>Κοκκία για πόσιμο εναιώρημα σε φακελίσκο</td><td>Granulado para suspensión oral en sobre</td><td>Granulés pour suspension buvable en sachet</td><td>Granulato per sospensione orale in bustina</td><td>Granulado para suspensão oral em saqueta</td></tr><tr><td>50029550</td><td>Granulat im Beutel</td><td>Κοκκία σε φακελίσκο</td><td>Granulado en sobre</td><td>Granulés en sachet</td><td>Granulato in bustina</td><td>Granulado em saqueta</td></tr><tr><td>50029700</td><td>Arzneitee im Beutel</td><td>Φυτικό τέιον σε φακελίσκους</td><td>Plantas en bolsita para infusión</td><td>Plante pour tisane en sachet</td><td>Tisana in bustina</td><td>Chá medicinal em saqueta</td></tr><tr><td>50029750</td><td>Fertigspritze mit Implantat</td><td>Εμφύτευμα σε προγεμισμένη σύριγγα</td><td>Implante en jeringa precargada</td><td>Implant en seringue préremplie</td><td>Impianto in siringa preriempita</td><td>Implante em seringa pré-cheia</td></tr><tr><td>50033500</td><td>intravitreales Implantat im Applikator</td><td>Ενδοϋαλώδες  εμφύτευμα σε σύστημα εφαρμογής</td><td>Implante intravítreo en aplicador</td><td>Implant vitréen en applicateur</td><td>Impianto intravitreale in applicatore</td><td>Implante intravítreo em aplicador</td></tr><tr><td>50036200</td><td>Nasentropfen, Lösung im Einzeldosisbehältnis</td><td>Ρινικές σταγόνες, διάλυμα σε περιέκτη μίας δόσης</td><td>Gotas nasales en solución en envase unidosis</td><td>Solution nasale en gouttes en récipient unidose</td><td>Gocce nasali, soluzione in contenitore monodose</td><td>Gotas nasais, solução em recipiente unidose</td></tr><tr><td>50037250</td><td>Nasenspray, Lösung im Einzeldosisbehältnis</td><td>Ρινικό εκνέφωμα, διάλυμα σε περιέκτη μίας δόσης</td><td>Solución para pulverización nasal en envase unidosis</td><td>Solution pour pulvérisation nasale en récipient unidose</td><td>Spray nasale, soluzione in contenitore monodose</td><td>Solução para pulverização nasal em recipiente unidose</td></tr><tr><td>50037450</td><td></td><td></td><td></td><td></td><td></td><td></td></tr><tr><td>50037600</td><td>Emulsion zum Einnehmen im Beutel</td><td>Πόσιμο γαλάκτωμα σε φακελίσκο</td><td>Emulsión oral en sobre</td><td>Emulsion buvable en sachet</td><td>Emulsione orale in bustina</td><td>Emulsão oral em saquetas</td></tr><tr><td>50037700</td><td>Paste zum Einnehmen im Beutel</td><td>Στοματική πάστα σε φακελίσκο</td><td>Pasta oral en sobre</td><td>Pâte orale en sachet</td><td>Pasta orale in bustina</td><td>Pasta oral em saquetas</td></tr><tr><td>50037800</td><td>Pulver zum Einnehmen im Beutel</td><td>Πόσιμη κόνις σε φακελίσκο</td><td>Polvo oral en sobre</td><td>Poudre orale en sachet</td><td>Polvere orale in bustina</td><td>Pó oral em saqueta</td></tr><tr><td>50038600</td><td>Lösung zum Einnehmen im Beutel</td><td>Πόσιμο διάλυμα σε φακελίσκο</td><td>Solucion oral en sobre</td><td>Solution buvable en sachet</td><td>Soluzione orale in bustina</td><td>Solução oral em saqueta</td></tr><tr><td>50038650</td><td>Lösung zum Einnehmen im Einzeldosisbehältnis</td><td>Πόσιμο διάλυμα σε περιέκτη μίας δόσης</td><td>Solución oral en envase unidosis</td><td>Solution buvable en récipient unidose</td><td>Soluzione orale in contenitore monodose</td><td>Solução oral em recipiente unidose</td></tr><tr><td>50038700</td><td>Suspension zum Einnehmen im Beutel</td><td>Πόσιμο εναιώρημα σε φακελίσκο</td><td>Suspensión oral en sobre</td><td>Suspension buvable en sachet</td><td>Sospensione orale in bustina</td><td>Suspensão oral em saqueta</td></tr><tr><td>50039300</td><td>Pulverbeutelchen zur Anwendung in Mundhöhle</td><td>Στοματική κόνις σε θύλακα</td><td>Polvo bucal en bolsita</td><td>-</td><td>Polvere per mucosa orale in sacchetta</td><td>Pó bucal em bolsa</td></tr><tr><td>50041000</td><td>Streukügelchen im Einzeldosisbehältnis</td><td>Καταπότια, περιέκτης μίας δόσης</td><td>Envase unidosis para glóbulos</td><td>Granules en récipient unidose</td><td>Granuli in contenitore monodose</td><td>Grânulos em recipiente unidose</td></tr><tr><td>50048010</td><td>Pulver und Lösungsmittel zur Herstellung einer Depot-Injektionssuspension im Fertigpen</td><td>Κόνις και διαλύτης για παρασκευή ενέσιμου εναιωρήματος παρατεταμένης αποδέσμευσης σε προγεμισμένη συσκευή τύπου πένας</td><td>Polvo y disolvente para suspensión inyectable de liberación prolongada en pluma precargada</td><td>Poudre et solvant pour suspension injectable à libération prolongée en stylo prérempli</td><td>Polvere e solvente per sospensione iniettabile a rilascio prolungato in penna preriempita</td><td>Pó e veículo para suspensão injetável de libertação prolongada em caneta pré-cheia</td></tr><tr><td>50048050</td><td>Pulver und Lösungsmittel zur Herstellung einer Injektionslösung in einer Patrone</td><td>Κόνις και διαλύτης για ενέσιμο διάλυμα σε φυσίγγιο</td><td>Polvo y disolvente para solución inyectable en cartucho</td><td>Poudre et solvant pour solution injectable en cartouche</td><td>Polvere e solvente per soluzione iniettabile in cartuccia</td><td>Pó e solvente para solução injetável em cartucho</td></tr><tr><td>50048150</td><td>Pulver und Lösungsmittel zur Herstellung einer Injektionslösung im Fertigpen</td><td>Κόνις και διαλύτης για ενέσιμο διάλυμα σε προγεμισμένη συσκευή τύπου πένας</td><td>Polvo y disolvente para solución inyectable en pluma precargada</td><td>Poudre et solvant pour solution injectable en stylo prérempli</td><td>Polvere e solvente per soluzione iniettabile in penna preriempita</td><td>Pó e solvente para solução injetável em caneta pré-cheia</td></tr><tr><td>50048250</td><td>Pulver und Lösungsmittel zur Herstellung einer Injektionslösung in einer Fertigspritze</td><td>Κόνις και διαλύτης για παρασκευή ενεσίμου διαλύματος σε προγεμισμένη σύριγγα</td><td>Polvo y disolvente para solución inyectable en jeringa precargada</td><td>Poudre et solvant pour solution injectable en seringue pré-remplie</td><td>Polvere e solvente per soluzione iniettabile in siringa preriempita</td><td>Pó e solvente para solução injetável em seringa pré-cheia</td></tr><tr><td>50048300</td><td>Pulver und Lösungsmittel zur Herstellung einer Injektionssuspension in einer Fertigspritze</td><td>Κόνις και διαλύτης για ενέσιμο εναιώρημα σε προγεμισμένη σύριγγα</td><td>Polvo y disolvente para suspensión inyectable en jeringa precargada</td><td>Poudre et solvant pour suspension injectable en seringue préremplie</td><td>Polvere e solvente per sospensione iniettabile in siringa preriempita</td><td>Pó e veículo para suspensão injetável em seringa pré-cheia</td></tr><tr><td>50048400</td><td></td><td></td><td></td><td></td><td></td><td></td></tr><tr><td>50052500</td><td>Pulver zur Herstellung einer Lösung zum Einnehmen im Beutel</td><td>Κόνις για πόσιμο διάλυμα σε φακελίσκο</td><td>Polvo para solución oral en sobre</td><td>Poudre pour solution buvable en sachet</td><td>Polvere per soluzione orale in bustina</td><td>Pó para solução oral em saqueta</td></tr><tr><td>50056150</td><td>Retardgranulat zur Herstellung einer Suspension zum Einnehmen im Beutel</td><td>Κοκκία παρατεταμένης αποδέσμευσης σε φακελίσκο για παρασκευή ποσίμου εναιωρήματος</td><td>Granulado de liberación prolongada para suspensión oral en sobre</td><td>Granulés à libération prolongée pour suspension buvable en sachet</td><td>Granulato a rilascio prolungato per sospensione orale in bustina</td><td>Granulado de libertação prolongada para suspensão oral em saqueta</td></tr><tr><td>50056200</td><td>Retardgranulat im Beutel</td><td>Κοκκία παρατεταμένης αποδέσμευσης σε φακελίσκο</td><td>Granulado de liberación prolongada en sobre</td><td>Granulés à libération prolongée en sachet</td><td>Granulato a rilascio prolungato in bustina</td><td>Granulado de libertação prolongada em saqueta</td></tr><tr><td>50056250</td><td>Depot-Injektionssuspension in einer Fertigspritze</td><td>Ενέσιμο εναιώρημα παρατεταμένης αποδέσμευσης σε προγεμισμένη σύριγγα</td><td>Suspensión inyectable de liberación prolongada en jeringa precargada</td><td>Suspension injectable à libération prolongée en seringue préremplie</td><td>Sospensione iniettabile a rilascio prolungato in siringa preriempita</td><td>Suspensão de libertação prolongada em seringa pré-cheia</td></tr><tr><td>50056600</td><td>Lösung und Suspension zur Herstellung einer Injektionssuspension in einer Fertigspritze</td><td>Διάλυμα και εναιώρημα για παρασκευή ενεσίμου εναιωρήματος σε προγεμισμένη σύριγγα</td><td>Solución y suspensión para suspensión inyectable en jeringa precargada</td><td>Solution et suspension pour suspension injectable en seringue préremplie</td><td>Soluzione e sospensione per sospensione iniettabile in siringa preriempita</td><td>Solução e suspensão para suspensão injetável em seringa pré-cheia</td></tr><tr><td>50058500</td><td>Infusionslösung in einer Fertigspritze</td><td>Διάλυμα προς έγχυση σε προγεμισμένη σύριγγα</td><td>Solución para perfusión en jeringa precargada</td><td>Solution pour perfusion en seringue préremplie</td><td>Soluzione per infusione in siringa preriempita</td><td>Solução para perfusão em seringa pré-cheia</td></tr><tr><td>50060100</td><td>Injektionslösung in einer Patrone</td><td>Ενέσιμο διάλυμα σε φυσίγγιο</td><td>Solución inyectable en cartucho</td><td>Solution injectable en cartouche</td><td>Soluzione iniettabile in cartuccia</td><td>Solução injetável em cartucho</td></tr><tr><td>50060150</td><td>Injektionslösung in einem nadelfreien Injektor</td><td>Ενέσιμο διάλυμα σε σύστημα διαδερμικής χορήγησης χωρίς βελόνα</td><td>Solución inyectable en inyector sin aguja</td><td>Solution injectable en injecteur sans aiguille</td><td>Soluzione iniettabile in iniettore privo di ago</td><td>Solução injetável em injetor sem seringa</td></tr><tr><td>50060200</td><td>Injektionslösung im Fertigpen</td><td>Ενέσιμο διάλυμα σε προγεμισμένη συσκευή τύπου πένας</td><td>Solución inyectable en pluma precargada</td><td>Solution injectable en stylo prérempli</td><td>Soluzione iniettabile in penna preriempita</td><td>Solução injetável em caneta pré-cheia</td></tr><tr><td>50060300</td><td>Injektionslösung in einer Fertigspritze</td><td>Ενέσιμο διάλυμα σε προγεμισμένη σύριγγα</td><td>Solución inyectable en jeringa precargada</td><td>Solution injectable en seringue préremplie</td><td>Soluzione iniettabile in siringa preriempita</td><td>Solução injetável em seringa pré-cheia</td></tr><tr><td>50060400</td><td></td><td></td><td></td><td></td><td></td><td></td></tr><tr><td>50060500</td><td>Injektions-/Infusionslösung in einer Fertigspritze</td><td>Διάλυμα για ένεση/έγχυση σε προγεμισμένη σύριγγα</td><td>Solución inyectable y para perfusión en jeringa precargada</td><td>Solution injectable/pour perfusion en seringue préremplie</td><td>Soluzione iniettabile/per infusione in siringa preriempita</td><td>Solução injetável ou para perfusão em seringa pré-cheia</td></tr><tr><td>50063100</td><td>Injektionssuspension in einer Patrone</td><td>Ενέσιμο εναιώρημα σε φυσίγγιο</td><td>Suspensión inyectable en cartucho</td><td>Suspension injectable en cartouche</td><td>Sospensione iniettabile in cartuccia</td><td>Suspensão injetável em cartucho</td></tr><tr><td>50063200</td><td>Injektionssuspension im Fertigpen</td><td>Ενέσιμο εναιώρημα σε προγεμισμένη συσκευή τύπου πένας</td><td>Suspensión inyectable en pluma precargada</td><td>Suspension injectable en stylo prérempli</td><td>Sospensione iniettabile in penna preriempita</td><td>Suspensão injetável em caneta pré-cheia</td></tr><tr><td>50063300</td><td>Injektionssuspension in einer Fertigspritze</td><td>Ενέσιμο εναιώρημα σε προγεμισμένη σύριγγα</td><td>Suspensión inyectable en jeringa precargada</td><td>Suspension injectable en seringue préremplie</td><td>Sospensione iniettabile in siringa preriempita</td><td>Suspensão injetável em seringa pré-cheia</td></tr></table></div></text><url value="http://unicom-project.eu/fhir/ValueSet/combined-term"/><version value="0.1.0"/><name value="CombinedTerm"/><title value="Combined term"/><status value="active"/><experimental value="false"/><date value="2023-02-24T10:33:27+00:00"/><publisher value="UNICOM"/><contact><name value="UNICOM"/><telecom><system value="url"/><value value="http://unicom-project.eu"/></telecom></contact><description value="ValueSet Combined term from EDQM, CMT, see https://standardterms.edqm.eu/#"/><immutable value="false"/><compose><include><system value="https://standardterms.edqm.eu"/><concept><code value="11210500"/><display value="Solution for infusion in administration system"/><designation><language value="de"/><value value="Infusionslösung im Applikationssystem"/></designation><designation><language value="el"/><value value="Διάλυμα για έγχυση σε σύστημα χορήγησης"/></designation><designation><language value="es"/><value value="Solución para perfusión en sistema de administración"/></designation><designation><language value="fr"/><value value="Solution pour perfusion en système d'administration"/></designation><designation><language value="it"/><value value="Soluzione per infusione in sistema di somministrazione"/></designation><designation><language value="pt"/><value value="Solução para perfusão em sistema de administração"/></designation></concept><concept><code value="13053000"/><display value="Solution for injection in administration system"/><designation><language value="de"/><value value="Injektionslösung in einem Applikationssystem"/></designation><designation><language value="el"/><value value="Ενέσιμο διάλυμα σε σύστημα χορήγησης"/></designation><designation><language value="es"/><value value="Solución inyectable en sistema de administración"/></designation><designation><language value="fr"/><value value="Solution injectable en système d'administration"/></designation><designation><language value="it"/><value value="Soluzione iniettabile in sistema di somministrazione"/></designation><designation><language value="pt"/><value value="Solução injetável em sistema de administração"/></designation></concept><concept><code value="13057000"/><display value="Powder and solvent for prolonged-release suspension for injection in pre-filled syringe"/><designation><language value="de"/><value value="Pulver und Lösungsmittel zur Herstellung einer Depot-Injektionssuspension in einer Fertigspritze"/></designation><designation><language value="el"/><value value="Κόνις και διαλύτης για παρασκευή ενέσιμου εναιωρήματος παρατεταμένης αποδέσμευσης σε προγεμισμένη σύριγγα"/></designation><designation><language value="es"/><value value="Polvo y disolvente para suspensión inyectable de liberación prolongada en jeringa precargada"/></designation><designation><language value="fr"/><value value="Poudre et solvant pour suspension injectable à libération prolongée en seringue préremplie"/></designation><designation><language value="it"/><value value="Polvere e solvente per sospensione iniettabile a rilascio prolungato in siringa preriempita"/></designation><designation><language value="pt"/><value value="Pó e veículo para suspensão injetável de libertação prolongada em seringa pré-cheia"/></designation></concept><concept><code value="13060000"/><display value="Powder for oral/rectal suspension in sachet"/><designation><language value="de"/><value value="Pulver zur Herstellung einer Suspension zum Einnehmen / Rektalsuspension im Beutel"/></designation><designation><language value="el"/><value value="Κόνις για εναιώρημα από του στόματος/από του ορθού σε φακελίσκο"/></designation><designation><language value="es"/><value value="Polvo para suspensión oral y rectal en sobre"/></designation><designation><language value="fr"/><value value="Poudre pour suspension buvable/ rectale en sachet"/></designation><designation><language value="it"/><value value="Polvere per sospensione orale/rettale in bustina"/></designation><designation><language value="pt"/><value value="Pó para suspensão oral ou retal em saqueta"/></designation></concept><concept><code value="13064000"/><display value="Suspension for injection in pre-filled injector"/><designation><language value="de"/><value value="Injektionssuspension im Fertiginjektor"/></designation><designation><language value="el"/><value value="Ενέσιμο εναιώρημα σε προγεμισμένο εγχυτήρα"/></designation><designation><language value="es"/><value value="Suspensión inyectable en inyector precargado"/></designation><designation><language value="fr"/><value value="Suspension injectable en injecteur prérempli"/></designation><designation><language value="it"/><value value="Sospensione iniettabile in iniettore preriempito"/></designation><designation><language value="pt"/><value value="Suspensão injetável em injetor pré-cheio"/></designation></concept><concept><code value="13068000"/><display value="Solution for injection in pre-filled injector"/><designation><language value="de"/><value value="Injektionslösung im Fertiginjektor"/></designation><designation><language value="el"/><value value="Ενέσιμο διάλυμα σε προγεμισμένο σύστημα χορήγησης"/></designation><designation><language value="es"/><value value="Solución inyectable en inyector precargado"/></designation><designation><language value="fr"/><value value="Solution injectable en injecteur prérempli"/></designation><designation><language value="it"/><value value="Soluzione iniettabile in iniettore preriempito"/></designation><designation><language value="pt"/><value value="Solução injetável em injetor pré-cheio"/></designation></concept><concept><code value="13069000"/><display value="Gel in sachet"/><designation><language value="de"/><value value="Gel im Beutel"/></designation><designation><language value="el"/><value value="Γέλη σε φακελίσκο"/></designation><designation><language value="es"/><value value="Gel en sobre"/></designation><designation><language value="fr"/><value value="Gel en sachet"/></designation><designation><language value="it"/><value value="Gel in bustina"/></designation><designation><language value="pt"/><value value="Gel em saquetas"/></designation></concept><concept><code value="13071000"/><display value="Solution for injection in dose-dispenser cartridge"/><designation><language value="de"/><value value="Injektionslösung in einer Patrone für ein Dosiergerät"/></designation><designation><language value="el"/><value value="Ενέσιμο διάλυμα σε φυσίγγιο δοσομετρητή"/></designation><designation><language value="es"/><value value="Solución inyectable en cartucho para dispensador de dosis"/></designation><designation><language value="fr"/><value value="Solution injectable en cartouche pour dispensateur de dose"/></designation><designation><language value="it"/><value value="Soluzione iniettabile in cartuccia per dispositivo di somministrazione"/></designation><designation><language value="pt"/><value value="Solução injetável em cartucho para dispensador de dose"/></designation></concept><concept><code value="13075000"/><display value="Oral suspension in pre-filled oral applicator"/><designation><language value="de"/><value value="Suspension zum Einnehmen in einem Fertigapplikator für die orale Verabreichung"/></designation><designation><language value="el"/><value value="Πόσιμο εναιώρημα σε προγεμισμένο εξάρτημα χορήγησης από του στόματος"/></designation><designation><language value="es"/><value value="Suspensión oral en aplicador precargado para uso oral"/></designation><designation><language value="fr"/><value value="Suspension buvable en applicateur prérempli pour administration orale"/></designation><designation><language value="it"/><value value="Sospensione orale in applicatore preriempito per somministrazione orale"/></designation><designation><language value="pt"/><value value="Suspensão oral em aplicador oral pré-cheio"/></designation></concept><concept><code value="13083000"/><display value="Bee-hive dispersion in sachet"/><designation><language value="de"/><value value="Dispersion im Beutel für den Bienenstock"/></designation><designation><language value="el"/><value value="Ενδοκυψελική διασπορά σε φακελίσκο"/></designation><designation><language value="es"/><value value="Dispersión para colmenas en sobre"/></designation><designation><language value="fr"/><value value="Dispersion pour ruche en sachet"/></designation><designation><language value="it"/><value value="Dispersione per alveare in bustina"/></designation><designation><language value="pt"/><value value="Dispersão para colmeias em saquetas"/></designation></concept><concept><code value="13090000"/><display value="Granules in single-dose container"/><designation><language value="de"/><value value="Granulat im Einzeldosisbehältnis"/></designation><designation><language value="el"/><value value="Κοκκία σε περιέκτη μίας δόσης"/></designation><designation><language value="es"/><value value="Granulado en envase unidosis"/></designation><designation><language value="fr"/><value value="Granulés en récipient unidose"/></designation><designation><language value="it"/><value value="Granulato in contenitore monodose"/></designation><designation><language value="pt"/><value value="Granulado em recipiente unidose"/></designation></concept><concept><code value="13094000"/><display value="Syrup in sachet"/><designation><language value="de"/><value value="Sirup im Beutel"/></designation><designation><language value="el"/><value value="Σιρόπι σε φακελίσκο"/></designation><designation><language value="es"/><value value="Jarabe en sobre"/></designation><designation><language value="fr"/><value value="Sirop en sachet"/></designation><designation><language value="it"/><value value="Sciroppo in bustina"/></designation><designation><language value="pt"/><value value="Xarope em saquetas"/></designation></concept><concept><code value="13095000"/><display value="Emulsion for infusion in administration system"/><designation><language value="de"/><value value="Emulsion zur Infusion im Applikationssystem"/></designation><designation><language value="el"/><value value="Γαλάκτωμα για έγχυση σε σύστημα χορήγησης"/></designation><designation><language value="es"/><value value="Emulsión para perfusión en sistema de administración"/></designation><designation><language value="fr"/><value value="Emulsion pour perfusion en système d'administration"/></designation><designation><language value="it"/><value value="Emulsione per infusione in dispositivo di somministrazione"/></designation><designation><language value="pt"/><value value="Emulsão para perfusão em sistema de administração"/></designation></concept><concept><code value="13103000"/><display value="Cutaneous solution in single-dose container"/><designation><language value="de"/><value value="Lösung zur Anwendung auf der Haut im Einzeldosisbehältnis"/></designation><designation><language value="el"/><value value="Δερματικό διάλυμα σε περιέκτη μίας δόσης"/></designation><designation><language value="es"/><value value="Solución cutánea en envase unidosis"/></designation><designation><language value="fr"/><value value="Solution cutanée en récipient unidose"/></designation><designation><language value="it"/><value value="Soluzione cutanea in contenitore monodose"/></designation><designation><language value="pt"/><value value="Solução cutânea em recipiente unidose"/></designation></concept><concept><code value="13104000"/><display value="Eye drops, emulsion in single-dose container"/><designation><language value="de"/><value value="Augentropfen, Emulsion im Einzeldosisbehältnis"/></designation><designation><language value="el"/><value value="Οφθαλμικές σταγόνες, γαλάκτωμα σε περιέκτη μίας δόσης"/></designation><designation><language value="es"/><value value="Gotas óticas en emulsión en envase unidosis"/></designation><designation><language value="fr"/><value value="Emulsion ophtalmique en gouttes en récipient unidose"/></designation><designation><language value="it"/><value value="Collirio, emulsione in contenitore monodose"/></designation><designation><language value="pt"/><value value="Colírio, emulsão em recipiente unidose"/></designation></concept><concept><code value="13108000"/><display value="Powder and solvent for suspension for injection in multidose container"/><designation><language value="de"/><value value="Pulver und Lösungsmittel zur Herstellung einer Injektionssuspension in einem Mehrdosenbehältnis"/></designation><designation><language value="es"/><value value="Polvo y disolvente para suspensión inyectable en envase multidosis"/></designation><designation><language value="fr"/><value value="Poudre et solvant pour suspension injectable en récipient multidose"/></designation><designation><language value="it"/><value value="Polvere e solvente per sospensione iniettabile in contenitore multidose"/></designation><designation><language value="pt"/><value value="Pó e veículo para suspensão injetável em recipiente multidose"/></designation></concept><concept><code value="13109000"/><display value="Solution for injection in multidose container"/><designation><language value="de"/><value value="Injektionslösung in einem Mehrdosenbehältnis"/></designation><designation><language value="es"/><value value="Solución inyectable en envase multidosis"/></designation><designation><language value="fr"/><value value="Solution injectable en récipient multidose"/></designation><designation><language value="it"/><value value="Soluzione iniettabile in contenitore multidose"/></designation><designation><language value="pt"/><value value="Solução injetável em recipiente multidose"/></designation></concept><concept><code value="13110000"/><display value="Suspension for injection in multidose container"/><designation><language value="de"/><value value="Injektionssuspension in einem Mehrdosenbehältnis"/></designation><designation><language value="es"/><value value="Suspensión inyectable en envase multidosis"/></designation><designation><language value="fr"/><value value="Suspension injectable en récipient multidose"/></designation><designation><language value="it"/><value value="Sospensione iniettabile in contenitore multidose"/></designation><designation><language value="pt"/><value value="Suspensão injetável em recipiente multidose"/></designation></concept><concept><code value="13112000"/><display value="Prolonged-release suspension for injection in pre-filled pen"/><designation><language value="de"/><value value="Depot-Injektionssuspension im Fertigpen"/></designation><designation><language value="es"/><value value="Suspensión inyectable de liberación prolongada en pluma precargada"/></designation><designation><language value="fr"/><value value="Suspension injectable à libération prolongée en stylo prérempli"/></designation><designation><language value="it"/><value value="Sospensione iniettabile a rilascio prolungato in penna preriempita"/></designation><designation><language value="pt"/><value value="Suspensão injetável de libertação prolongada em caneta pré-cheia"/></designation></concept><concept><code value="13120000"/><display value="Nasal powder in single-dose container"/><designation><language value="de"/><value value="Nasenpulver im Einzeldosisbehältnis"/></designation><designation><language value="el"/><value value="Ρινική κόνις σε περιέκτη μίας δόσης"/></designation><designation><language value="es"/><value value="Polvo nasal en envase unidosis"/></designation><designation><language value="fr"/><value value="Poudre nasale en récipient unidose"/></designation><designation><language value="it"/><value value="Polvere nasale in contenitore monodose"/></designation><designation><language value="pt"/><value value="Pó nasal em recipiente unidose"/></designation></concept><concept><code value="13122000"/><display value="Solution for infusion in cartridge"/><designation><language value="de"/><value value="Infusionslösung in einer Patrone"/></designation><designation><language value="es"/><value value="Solución para perfusión en cartucho"/></designation><designation><language value="fr"/><value value="Solution pour perfusion en cartouche"/></designation><designation><language value="it"/><value value="Soluzione per infusione in cartuccia"/></designation><designation><language value="pt"/><value value="Solução para perfusão em cartucho"/></designation></concept><concept><code value="13130000"/><display value="Oral powder in single-dose container"/><designation><language value="de"/><value value="Pulver zum Einnehmen im Einzeldosisbehältnis"/></designation><designation><language value="es"/><value value="Polvo oral en envase unidosis"/></designation><designation><language value="it"/><value value="Polvere orale in contenitore monodose"/></designation><designation><language value="pt"/><value value="Pó oral em recipiente unidose"/></designation></concept><concept><code value="13137000"/><display value="Transdermal gel in sachet"/><designation><language value="de"/><value value="Transdermales Gel im Beutel"/></designation><designation><language value="es"/><value value="Gel transdérmico en sobre"/></designation><designation><language value="it"/><value value="Gel transdermico in bustina"/></designation><designation><language value="pt"/><value value="Gel transdérmico em saquetas"/></designation></concept><concept><code value="13146000"/><display value="Oral solution in multidose container with metering pump"/><designation><language value="de"/><value value="Lösung zum Einnehmen im Mehrdosenbehältnis mit Dosierpumpe"/></designation><designation><language value="es"/><value value="Solución oral en envase multidosis con bomba dosificadora"/></designation><designation><language value="fr"/><value value="Solution buvable en récipient multidose avec pompe doseuse"/></designation><designation><language value="it"/><value value="Soluzione orale in contenitore multidose con pompa dosatrice"/></designation><designation><language value="pt"/><value value="Solução oral em recipiente multidose com bomba doseadora"/></designation></concept><concept><code value="13147000"/><display value="Powder for oral suspension in sachet"/><designation><language value="es"/><value value="Polvo para suspensión oral en sobre"/></designation><designation><language value="fr"/><value value="Poudre pour suspension buvable en sachet"/></designation><designation><language value="it"/><value value="Polvere per sospensione orale in bustina"/></designation><designation><language value="pt"/><value value="Pó para suspensão oral em saqueta"/></designation></concept><concept><code value="13155000"/><display value="Film-coated granules in single-dose container"/><designation><language value="pt"/><value value="Granulado revestido por película em recipiente unidose"/></designation></concept><concept><code value="13161000"/><display value="Dispersion for injection in pre-filled syringe"/><designation><language value="de"/><value value="Injektionsdispersion in einer Fertigspritze"/></designation><designation><language value="fr"/><value value="Dispersion injectable en seringue préremplie"/></designation><designation><language value="pt"/><value value="Dispersão injetável em seringa pré-cheia"/></designation></concept><concept><code value="50001250"/><display value="Coated granules in sachet"/><designation><language value="de"/><value value="Überzogenes Granulat im Beutel"/></designation><designation><language value="el"/><value value="Επικαλυμμένα κοκκία σε φακελίσκο"/></designation><designation><language value="es"/><value value="Granulado recubierto en sobre"/></designation><designation><language value="fr"/><value value="Granulés enrobés en sachet"/></designation><designation><language value="it"/><value value="Granulato rivestito in bustina"/></designation><designation><language value="pt"/><value value="Granulado revestido em saqueta"/></designation></concept><concept><code value="50017200"/><display value="Ear drops, solution in single-dose container"/><designation><language value="de"/><value value="Ohrentropfen, Lösung im Einzeldosisbehältnis"/></designation><designation><language value="el"/><value value="Ωτικές σταγόνες, διάλυμα  σε περιέκτη μίας δόσης"/></designation><designation><language value="es"/><value value="Gotas óticas en solución en envase unidosis"/></designation><designation><language value="fr"/><value value="Solution auriculaire en gouttes en récipient unidose"/></designation><designation><language value="it"/><value value="Gocce auricolari, soluzione in contenitore monodose"/></designation><designation><language value="pt"/><value value="Gotas auriculares, solução em recipiente unidose"/></designation></concept><concept><code value="50017550"/><display value="Ear drops, suspension in single-dose container"/><designation><language value="de"/><value value="Ohrentropfensuspension im Einzeldosisbehältnis"/></designation><designation><language value="el"/><value value="Ωτικές σταγόνες, εναιώρημα, σε περιέκτη μίας δόσης"/></designation><designation><language value="es"/><value value="Gotas óticas en suspensión en envase unidosis"/></designation><designation><language value="fr"/><value value="Suspension auriculaire en gouttes en récipient unidose"/></designation><designation><language value="it"/><value value="Gocce auricolari, sospensione in contenitore monodose"/></designation><designation><language value="pt"/><value value="Gotas auriculares, suspensão em recipiente unidose"/></designation></concept><concept><code value="50021250"/><display value="Emulsion for injection/infusion in pre-filled syringe"/><designation><language value="de"/><value value="Emulsion zur Injektion/Infusion in einer Fertigspritze"/></designation><designation><language value="el"/><value value="Ενέσιμο γαλάκτωμα/γαλάκτωμα για έγχυση σε προγεμισμένη σύριγγα"/></designation><designation><language value="es"/><value value="Emulsión inyectable y para perfusión en jeringa precargada"/></designation><designation><language value="fr"/><value value="Emulsion injectable/pour perfusion en seringue préremplie"/></designation><designation><language value="it"/><value value="Emulsione iniettabile/per infusione in siringa preriempita"/></designation><designation><language value="pt"/><value value="Emulsão injetável ou para perfusão em seringa pré-cheia"/></designation></concept><concept><code value="50022500"/><display value="Eye drops, prolonged-release solution in single-dose container"/><designation><language value="de"/><value value="Augentropfen mit verlängerter Wirkungsdauer im Einzeldosisbehältnis"/></designation><designation><language value="el"/><value value="Οφθαλμικές σταγόνες, διάλυμα παρατεταμένης αποδέσμευσης σε περιέκτη μίας δόσης"/></designation><designation><language value="es"/><value value="Colirio en solución de liberación prolongada en envase unidosis"/></designation><designation><language value="fr"/><value value="Collyre en solution à libération prolongée en récipient unidose"/></designation><designation><language value="it"/><value value="Collirio, soluzione a rilascio prolungato in contenitore monodose"/></designation><designation><language value="pt"/><value value="Colírio, solução de libertação prolongada em recipiente unidose"/></designation></concept><concept><code value="50023000"/><display value="Eye drops, solution in single-dose container"/><designation><language value="de"/><value value="Augentropfen, Lösung im Einzeldosisbehältnis"/></designation><designation><language value="el"/><value value="Οφθαλμικές σταγόνες, διάλυμα σε περιέκτη μίας δόσης"/></designation><designation><language value="es"/><value value="Colirio en solución en envase unidosis"/></designation><designation><language value="fr"/><value value="Collyre en solution en récipient unidose"/></designation><designation><language value="it"/><value value="Collirio, soluzione in contenitore monodose"/></designation><designation><language value="pt"/><value value="Colírio, solução em recipiente unidose"/></designation></concept><concept><code value="50023100"/><display value="Eye drops, suspension in single-dose container"/><designation><language value="de"/><value value="Augentropfen, Suspension im Einzeldosisbehältnis"/></designation><designation><language value="el"/><value value="Οφθαλμικές σταγόνες, εναιώρημα σε περιέκτη μίας δόσης"/></designation><designation><language value="es"/><value value="Colirio en suspensión en envase unidosis"/></designation><designation><language value="fr"/><value value="Collyre en suspension en récipient unidose"/></designation><designation><language value="it"/><value value="Collirio, sospensione in contenitore monodose"/></designation><designation><language value="pt"/><value value="Colírio, suspensão em recipiente unidose"/></designation></concept><concept><code value="50023300"/><display value="Eye gel in single-dose container"/><designation><language value="de"/><value value="Augengel im Einzeldosisbehältnis"/></designation><designation><language value="el"/><value value="Οφθαλμική γέλη σε περιέκτη μίας χρήσης"/></designation><designation><language value="es"/><value value="Gel oftálmico en envase unidosis"/></designation><designation><language value="fr"/><value value="Gel ophtalmique en récipient unidose"/></designation><designation><language value="it"/><value value="Gel oftalmico in contenitore monodose"/></designation><designation><language value="pt"/><value value="Gel oftálmico em recipiente unidose"/></designation></concept><concept><code value="50023400"/><display value="Eye ointment in single-dose container"/><designation><language value="de"/><value value="Augensalbe im Einzeldosisbehältnis"/></designation><designation><language value="el"/><value value="Οφθαλμική αλοιφή σε περιέκτη μίας δόσης"/></designation><designation><language value="es"/><value value="Pomada oftálmica en envase unidosis"/></designation><designation><language value="fr"/><value value="Pommade ophtalmique en récipient unidose"/></designation><designation><language value="it"/><value value="Unguento oftalmico in contenitore monodose"/></designation><designation><language value="pt"/><value value="Pomada oftálmica em recipiente unidose"/></designation></concept><concept><code value="50023700"/><display value="Film-coated tablet and gastro-resistant granules in sachet"/><designation><language value="de"/><value value="Filmtablette und magensaftresistentes Granulat im Beutel"/></designation><designation><language value="el"/><value value="Επικαλυμμένο με λεπτό υμένιο δισκίο και γαστροανθεκτικά κοκκία σε φακελίσκο"/></designation><designation><language value="es"/><value value="Comprimido recubierto con película y granulado gastrorresistente en sobre"/></designation><designation><language value="fr"/><value value="Comprimé pelliculé et granulés gastrorésistant en sachet"/></designation><designation><language value="it"/><value value="Compressa rivestita con film e granulato gastroresistente in bustina"/></designation><designation><language value="pt"/><value value="Comprimido revestido por película e granulado gastrorresistente em saqueta"/></designation></concept><concept><code value="50026150"/><display value="Gastro-resistant granules for oral suspension in sachet"/><designation><language value="de"/><value value="magensaftresistentes Granulat zur Herstellung einer Suspension zum Einnehmen im Beutel"/></designation><designation><language value="el"/><value value="Γαστροανθεκτικά κοκκία σε φακελίσκο για πόσιμο εναιώρημα"/></designation><designation><language value="es"/><value value="Granulado gastrorresistente para suspensión oral en sobre"/></designation><designation><language value="fr"/><value value="Granulés gastrorésistants pour suspension buvable en sachet"/></designation><designation><language value="it"/><value value="Granulato gastroresistente per sospensione orale in bustina"/></designation><designation><language value="pt"/><value value="Granulado gastrorresistente para suspensão oral em saqueta"/></designation></concept><concept><code value="50026400"/><display value="Gel in pressurised container"/><designation><language value="de"/><value value="Gel im Druckbehältnis"/></designation><designation><language value="el"/><value value="Γέλη σε περιέκτη υπό πίεση"/></designation><designation><language value="es"/><value value="Gel en envase a presión"/></designation><designation><language value="fr"/><value value="Gel en récipient pressurisé"/></designation><designation><language value="it"/><value value="Gel in contenitore pressurizzato"/></designation><designation><language value="pt"/><value value="Gel em recipiente pressurizado"/></designation></concept><concept><code value="50029170"/><display value="Granules for oral solution in sachet"/><designation><language value="de"/><value value="Granulat zur Herstellung einer Lösung zum Einnehmen im Beutel"/></designation><designation><language value="el"/><value value="Κοκκία σε φακελίσκο για παρασκευή πόσιμου διαλύματος"/></designation><designation><language value="es"/><value value="Granulado para solución oral en sobre"/></designation><designation><language value="fr"/><value value="Granulés pour solution buvable en sachet"/></designation><designation><language value="it"/><value value="Granulato per soluzione orale in bustina"/></designation><designation><language value="pt"/><value value="Granulado para solução oral em saqueta"/></designation></concept><concept><code value="50029200"/><display value="Granules for oral suspension in sachet"/><designation><language value="de"/><value value="Granulat zur Herstellung einer Suspension zum Einnehmen im Beutel"/></designation><designation><language value="el"/><value value="Κοκκία για πόσιμο εναιώρημα σε φακελίσκο"/></designation><designation><language value="es"/><value value="Granulado para suspensión oral en sobre"/></designation><designation><language value="fr"/><value value="Granulés pour suspension buvable en sachet"/></designation><designation><language value="it"/><value value="Granulato per sospensione orale in bustina"/></designation><designation><language value="pt"/><value value="Granulado para suspensão oral em saqueta"/></designation></concept><concept><code value="50029550"/><display value="Granules in sachet"/><designation><language value="de"/><value value="Granulat im Beutel"/></designation><designation><language value="el"/><value value="Κοκκία σε φακελίσκο"/></designation><designation><language value="es"/><value value="Granulado en sobre"/></designation><designation><language value="fr"/><value value="Granulés en sachet"/></designation><designation><language value="it"/><value value="Granulato in bustina"/></designation><designation><language value="pt"/><value value="Granulado em saqueta"/></designation></concept><concept><code value="50029700"/><display value="Herbal tea in bag"/><designation><language value="de"/><value value="Arzneitee im Beutel"/></designation><designation><language value="el"/><value value="Φυτικό τέιον σε φακελίσκους"/></designation><designation><language value="es"/><value value="Plantas en bolsita para infusión"/></designation><designation><language value="fr"/><value value="Plante pour tisane en sachet"/></designation><designation><language value="it"/><value value="Tisana in bustina"/></designation><designation><language value="pt"/><value value="Chá medicinal em saqueta"/></designation></concept><concept><code value="50029750"/><display value="Implant in pre-filled syringe"/><designation><language value="de"/><value value="Fertigspritze mit Implantat"/></designation><designation><language value="el"/><value value="Εμφύτευμα σε προγεμισμένη σύριγγα"/></designation><designation><language value="es"/><value value="Implante en jeringa precargada"/></designation><designation><language value="fr"/><value value="Implant en seringue préremplie"/></designation><designation><language value="it"/><value value="Impianto in siringa preriempita"/></designation><designation><language value="pt"/><value value="Implante em seringa pré-cheia"/></designation></concept><concept><code value="50033500"/><display value="Intravitreal implant in applicator"/><designation><language value="de"/><value value="intravitreales Implantat im Applikator"/></designation><designation><language value="el"/><value value="Ενδοϋαλώδες  εμφύτευμα σε σύστημα εφαρμογής"/></designation><designation><language value="es"/><value value="Implante intravítreo en aplicador"/></designation><designation><language value="fr"/><value value="Implant vitréen en applicateur"/></designation><designation><language value="it"/><value value="Impianto intravitreale in applicatore"/></designation><designation><language value="pt"/><value value="Implante intravítreo em aplicador"/></designation></concept><concept><code value="50036200"/><display value="Nasal drops, solution in single-dose container"/><designation><language value="de"/><value value="Nasentropfen, Lösung im Einzeldosisbehältnis"/></designation><designation><language value="el"/><value value="Ρινικές σταγόνες, διάλυμα σε περιέκτη μίας δόσης"/></designation><designation><language value="es"/><value value="Gotas nasales en solución en envase unidosis"/></designation><designation><language value="fr"/><value value="Solution nasale en gouttes en récipient unidose"/></designation><designation><language value="it"/><value value="Gocce nasali, soluzione in contenitore monodose"/></designation><designation><language value="pt"/><value value="Gotas nasais, solução em recipiente unidose"/></designation></concept><concept><code value="50037250"/><display value="Nasal spray, solution in single-dose container"/><designation><language value="de"/><value value="Nasenspray, Lösung im Einzeldosisbehältnis"/></designation><designation><language value="el"/><value value="Ρινικό εκνέφωμα, διάλυμα σε περιέκτη μίας δόσης"/></designation><designation><language value="es"/><value value="Solución para pulverización nasal en envase unidosis"/></designation><designation><language value="fr"/><value value="Solution pour pulvérisation nasale en récipient unidose"/></designation><designation><language value="it"/><value value="Spray nasale, soluzione in contenitore monodose"/></designation><designation><language value="pt"/><value value="Solução para pulverização nasal em recipiente unidose"/></designation></concept><concept><code value="50037450"/><display value="Nebuliser solution in single-dose container"/></concept><concept><code value="50037600"/><display value="Oral emulsion in sachet"/><designation><language value="de"/><value value="Emulsion zum Einnehmen im Beutel"/></designation><designation><language value="el"/><value value="Πόσιμο γαλάκτωμα σε φακελίσκο"/></designation><designation><language value="es"/><value value="Emulsión oral en sobre"/></designation><designation><language value="fr"/><value value="Emulsion buvable en sachet"/></designation><designation><language value="it"/><value value="Emulsione orale in bustina"/></designation><designation><language value="pt"/><value value="Emulsão oral em saquetas"/></designation></concept><concept><code value="50037700"/><display value="Oral paste in sachet"/><designation><language value="de"/><value value="Paste zum Einnehmen im Beutel"/></designation><designation><language value="el"/><value value="Στοματική πάστα σε φακελίσκο"/></designation><designation><language value="es"/><value value="Pasta oral en sobre"/></designation><designation><language value="fr"/><value value="Pâte orale en sachet"/></designation><designation><language value="it"/><value value="Pasta orale in bustina"/></designation><designation><language value="pt"/><value value="Pasta oral em saquetas"/></designation></concept><concept><code value="50037800"/><display value="Oral powder in sachet"/><designation><language value="de"/><value value="Pulver zum Einnehmen im Beutel"/></designation><designation><language value="el"/><value value="Πόσιμη κόνις σε φακελίσκο"/></designation><designation><language value="es"/><value value="Polvo oral en sobre"/></designation><designation><language value="fr"/><value value="Poudre orale en sachet"/></designation><designation><language value="it"/><value value="Polvere orale in bustina"/></designation><designation><language value="pt"/><value value="Pó oral em saqueta"/></designation></concept><concept><code value="50038600"/><display value="Oral solution in sachet"/><designation><language value="de"/><value value="Lösung zum Einnehmen im Beutel"/></designation><designation><language value="el"/><value value="Πόσιμο διάλυμα σε φακελίσκο"/></designation><designation><language value="es"/><value value="Solucion oral en sobre"/></designation><designation><language value="fr"/><value value="Solution buvable en sachet"/></designation><designation><language value="it"/><value value="Soluzione orale in bustina"/></designation><designation><language value="pt"/><value value="Solução oral em saqueta"/></designation></concept><concept><code value="50038650"/><display value="Oral solution in single-dose container"/><designation><language value="de"/><value value="Lösung zum Einnehmen im Einzeldosisbehältnis"/></designation><designation><language value="el"/><value value="Πόσιμο διάλυμα σε περιέκτη μίας δόσης"/></designation><designation><language value="es"/><value value="Solución oral en envase unidosis"/></designation><designation><language value="fr"/><value value="Solution buvable en récipient unidose"/></designation><designation><language value="it"/><value value="Soluzione orale in contenitore monodose"/></designation><designation><language value="pt"/><value value="Solução oral em recipiente unidose"/></designation></concept><concept><code value="50038700"/><display value="Oral suspension in sachet"/><designation><language value="de"/><value value="Suspension zum Einnehmen im Beutel"/></designation><designation><language value="el"/><value value="Πόσιμο εναιώρημα σε φακελίσκο"/></designation><designation><language value="es"/><value value="Suspensión oral en sobre"/></designation><designation><language value="fr"/><value value="Suspension buvable en sachet"/></designation><designation><language value="it"/><value value="Sospensione orale in bustina"/></designation><designation><language value="pt"/><value value="Suspensão oral em saqueta"/></designation></concept><concept><code value="50039300"/><display value="Oromucosal powder in pouch"/><designation><language value="de"/><value value="Pulverbeutelchen zur Anwendung in Mundhöhle"/></designation><designation><language value="el"/><value value="Στοματική κόνις σε θύλακα"/></designation><designation><language value="es"/><value value="Polvo bucal en bolsita"/></designation><designation><language value="fr"/><value value="-"/></designation><designation><language value="it"/><value value="Polvere per mucosa orale in sacchetta"/></designation><designation><language value="pt"/><value value="Pó bucal em bolsa"/></designation></concept><concept><code value="50041000"/><display value="Pillules in single-dose container"/><designation><language value="de"/><value value="Streukügelchen im Einzeldosisbehältnis"/></designation><designation><language value="el"/><value value="Καταπότια, περιέκτης μίας δόσης"/></designation><designation><language value="es"/><value value="Envase unidosis para glóbulos"/></designation><designation><language value="fr"/><value value="Granules en récipient unidose"/></designation><designation><language value="it"/><value value="Granuli in contenitore monodose"/></designation><designation><language value="pt"/><value value="Grânulos em recipiente unidose"/></designation></concept><concept><code value="50048010"/><display value="Powder and solvent for prolonged-release suspension for injection in pre-filled pen"/><designation><language value="de"/><value value="Pulver und Lösungsmittel zur Herstellung einer Depot-Injektionssuspension im Fertigpen"/></designation><designation><language value="el"/><value value="Κόνις και διαλύτης για παρασκευή ενέσιμου εναιωρήματος παρατεταμένης αποδέσμευσης σε προγεμισμένη συσκευή τύπου πένας"/></designation><designation><language value="es"/><value value="Polvo y disolvente para suspensión inyectable de liberación prolongada en pluma precargada"/></designation><designation><language value="fr"/><value value="Poudre et solvant pour suspension injectable à libération prolongée en stylo prérempli"/></designation><designation><language value="it"/><value value="Polvere e solvente per sospensione iniettabile a rilascio prolungato in penna preriempita"/></designation><designation><language value="pt"/><value value="Pó e veículo para suspensão injetável de libertação prolongada em caneta pré-cheia"/></designation></concept><concept><code value="50048050"/><display value="Powder and solvent for solution for injection in cartridge"/><designation><language value="de"/><value value="Pulver und Lösungsmittel zur Herstellung einer Injektionslösung in einer Patrone"/></designation><designation><language value="el"/><value value="Κόνις και διαλύτης για ενέσιμο διάλυμα σε φυσίγγιο"/></designation><designation><language value="es"/><value value="Polvo y disolvente para solución inyectable en cartucho"/></designation><designation><language value="fr"/><value value="Poudre et solvant pour solution injectable en cartouche"/></designation><designation><language value="it"/><value value="Polvere e solvente per soluzione iniettabile in cartuccia"/></designation><designation><language value="pt"/><value value="Pó e solvente para solução injetável em cartucho"/></designation></concept><concept><code value="50048150"/><display value="Powder and solvent for solution for injection in pre-filled pen"/><designation><language value="de"/><value value="Pulver und Lösungsmittel zur Herstellung einer Injektionslösung im Fertigpen"/></designation><designation><language value="el"/><value value="Κόνις και διαλύτης για ενέσιμο διάλυμα σε προγεμισμένη συσκευή τύπου πένας"/></designation><designation><language value="es"/><value value="Polvo y disolvente para solución inyectable en pluma precargada"/></designation><designation><language value="fr"/><value value="Poudre et solvant pour solution injectable en stylo prérempli"/></designation><designation><language value="it"/><value value="Polvere e solvente per soluzione iniettabile in penna preriempita"/></designation><designation><language value="pt"/><value value="Pó e solvente para solução injetável em caneta pré-cheia"/></designation></concept><concept><code value="50048250"/><display value="Powder and solvent for solution for injection in pre-filled syringe"/><designation><language value="de"/><value value="Pulver und Lösungsmittel zur Herstellung einer Injektionslösung in einer Fertigspritze"/></designation><designation><language value="el"/><value value="Κόνις και διαλύτης για παρασκευή ενεσίμου διαλύματος σε προγεμισμένη σύριγγα"/></designation><designation><language value="es"/><value value="Polvo y disolvente para solución inyectable en jeringa precargada"/></designation><designation><language value="fr"/><value value="Poudre et solvant pour solution injectable en seringue pré-remplie"/></designation><designation><language value="it"/><value value="Polvere e solvente per soluzione iniettabile in siringa preriempita"/></designation><designation><language value="pt"/><value value="Pó e solvente para solução injetável em seringa pré-cheia"/></designation></concept><concept><code value="50048300"/><display value="Powder and solvent for suspension for injection in pre-filled syringe"/><designation><language value="de"/><value value="Pulver und Lösungsmittel zur Herstellung einer Injektionssuspension in einer Fertigspritze"/></designation><designation><language value="el"/><value value="Κόνις και διαλύτης για ενέσιμο εναιώρημα σε προγεμισμένη σύριγγα"/></designation><designation><language value="es"/><value value="Polvo y disolvente para suspensión inyectable en jeringa precargada"/></designation><designation><language value="fr"/><value value="Poudre et solvant pour suspension injectable en seringue préremplie"/></designation><designation><language value="it"/><value value="Polvere e solvente per sospensione iniettabile in siringa preriempita"/></designation><designation><language value="pt"/><value value="Pó e veículo para suspensão injetável em seringa pré-cheia"/></designation></concept><concept><code value="50048400"/><display value="Powder and solvent in pre-filled syringe for solution for injection"/></concept><concept><code value="50052500"/><display value="Powder for oral solution in sachet"/><designation><language value="de"/><value value="Pulver zur Herstellung einer Lösung zum Einnehmen im Beutel"/></designation><designation><language value="el"/><value value="Κόνις για πόσιμο διάλυμα σε φακελίσκο"/></designation><designation><language value="es"/><value value="Polvo para solución oral en sobre"/></designation><designation><language value="fr"/><value value="Poudre pour solution buvable en sachet"/></designation><designation><language value="it"/><value value="Polvere per soluzione orale in bustina"/></designation><designation><language value="pt"/><value value="Pó para solução oral em saqueta"/></designation></concept><concept><code value="50056150"/><display value="Prolonged-release granules for oral suspension in sachet"/><designation><language value="de"/><value value="Retardgranulat zur Herstellung einer Suspension zum Einnehmen im Beutel"/></designation><designation><language value="el"/><value value="Κοκκία παρατεταμένης αποδέσμευσης σε φακελίσκο για παρασκευή ποσίμου εναιωρήματος"/></designation><designation><language value="es"/><value value="Granulado de liberación prolongada para suspensión oral en sobre"/></designation><designation><language value="fr"/><value value="Granulés à libération prolongée pour suspension buvable en sachet"/></designation><designation><language value="it"/><value value="Granulato a rilascio prolungato per sospensione orale in bustina"/></designation><designation><language value="pt"/><value value="Granulado de libertação prolongada para suspensão oral em saqueta"/></designation></concept><concept><code value="50056200"/><display value="Prolonged-release granules in sachet"/><designation><language value="de"/><value value="Retardgranulat im Beutel"/></designation><designation><language value="el"/><value value="Κοκκία παρατεταμένης αποδέσμευσης σε φακελίσκο"/></designation><designation><language value="es"/><value value="Granulado de liberación prolongada en sobre"/></designation><designation><language value="fr"/><value value="Granulés à libération prolongée en sachet"/></designation><designation><language value="it"/><value value="Granulato a rilascio prolungato in bustina"/></designation><designation><language value="pt"/><value value="Granulado de libertação prolongada em saqueta"/></designation></concept><concept><code value="50056250"/><display value="Prolonged-release suspension for injection in pre-filled syringe"/><designation><language value="de"/><value value="Depot-Injektionssuspension in einer Fertigspritze"/></designation><designation><language value="el"/><value value="Ενέσιμο εναιώρημα παρατεταμένης αποδέσμευσης σε προγεμισμένη σύριγγα"/></designation><designation><language value="es"/><value value="Suspensión inyectable de liberación prolongada en jeringa precargada"/></designation><designation><language value="fr"/><value value="Suspension injectable à libération prolongée en seringue préremplie"/></designation><designation><language value="it"/><value value="Sospensione iniettabile a rilascio prolungato in siringa preriempita"/></designation><designation><language value="pt"/><value value="Suspensão de libertação prolongada em seringa pré-cheia"/></designation></concept><concept><code value="50056600"/><display value="Solution and suspension for suspension for injection in pre-filled syringe"/><designation><language value="de"/><value value="Lösung und Suspension zur Herstellung einer Injektionssuspension in einer Fertigspritze"/></designation><designation><language value="el"/><value value="Διάλυμα και εναιώρημα για παρασκευή ενεσίμου εναιωρήματος σε προγεμισμένη σύριγγα"/></designation><designation><language value="es"/><value value="Solución y suspensión para suspensión inyectable en jeringa precargada"/></designation><designation><language value="fr"/><value value="Solution et suspension pour suspension injectable en seringue préremplie"/></designation><designation><language value="it"/><value value="Soluzione e sospensione per sospensione iniettabile in siringa preriempita"/></designation><designation><language value="pt"/><value value="Solução e suspensão para suspensão injetável em seringa pré-cheia"/></designation></concept><concept><code value="50058500"/><display value="Solution for infusion in pre-filled syringe"/><designation><language value="de"/><value value="Infusionslösung in einer Fertigspritze"/></designation><designation><language value="el"/><value value="Διάλυμα προς έγχυση σε προγεμισμένη σύριγγα"/></designation><designation><language value="es"/><value value="Solución para perfusión en jeringa precargada"/></designation><designation><language value="fr"/><value value="Solution pour perfusion en seringue préremplie"/></designation><designation><language value="it"/><value value="Soluzione per infusione in siringa preriempita"/></designation><designation><language value="pt"/><value value="Solução para perfusão em seringa pré-cheia"/></designation></concept><concept><code value="50060100"/><display value="Solution for injection in cartridge"/><designation><language value="de"/><value value="Injektionslösung in einer Patrone"/></designation><designation><language value="el"/><value value="Ενέσιμο διάλυμα σε φυσίγγιο"/></designation><designation><language value="es"/><value value="Solución inyectable en cartucho"/></designation><designation><language value="fr"/><value value="Solution injectable en cartouche"/></designation><designation><language value="it"/><value value="Soluzione iniettabile in cartuccia"/></designation><designation><language value="pt"/><value value="Solução injetável em cartucho"/></designation></concept><concept><code value="50060150"/><display value="Solution for injection in needle-free injector"/><designation><language value="de"/><value value="Injektionslösung in einem nadelfreien Injektor"/></designation><designation><language value="el"/><value value="Ενέσιμο διάλυμα σε σύστημα διαδερμικής χορήγησης χωρίς βελόνα"/></designation><designation><language value="es"/><value value="Solución inyectable en inyector sin aguja"/></designation><designation><language value="fr"/><value value="Solution injectable en injecteur sans aiguille"/></designation><designation><language value="it"/><value value="Soluzione iniettabile in iniettore privo di ago"/></designation><designation><language value="pt"/><value value="Solução injetável em injetor sem seringa"/></designation></concept><concept><code value="50060200"/><display value="Solution for injection in pre-filled pen"/><designation><language value="de"/><value value="Injektionslösung im Fertigpen"/></designation><designation><language value="el"/><value value="Ενέσιμο διάλυμα σε προγεμισμένη συσκευή τύπου πένας"/></designation><designation><language value="es"/><value value="Solución inyectable en pluma precargada"/></designation><designation><language value="fr"/><value value="Solution injectable en stylo prérempli"/></designation><designation><language value="it"/><value value="Soluzione iniettabile in penna preriempita"/></designation><designation><language value="pt"/><value value="Solução injetável em caneta pré-cheia"/></designation></concept><concept><code value="50060300"/><display value="Solution for injection in pre-filled syringe"/><designation><language value="de"/><value value="Injektionslösung in einer Fertigspritze"/></designation><designation><language value="el"/><value value="Ενέσιμο διάλυμα σε προγεμισμένη σύριγγα"/></designation><designation><language value="es"/><value value="Solución inyectable en jeringa precargada"/></designation><designation><language value="fr"/><value value="Solution injectable en seringue préremplie"/></designation><designation><language value="it"/><value value="Soluzione iniettabile in siringa preriempita"/></designation><designation><language value="pt"/><value value="Solução injetável em seringa pré-cheia"/></designation></concept><concept><code value="50060400"/><display value="Solution for injection in pre-filled syringe with automatic needle guard"/></concept><concept><code value="50060500"/><display value="Solution for injection/infusion in pre-filled syringe"/><designation><language value="de"/><value value="Injektions-/Infusionslösung in einer Fertigspritze"/></designation><designation><language value="el"/><value value="Διάλυμα για ένεση/έγχυση σε προγεμισμένη σύριγγα"/></designation><designation><language value="es"/><value value="Solución inyectable y para perfusión en jeringa precargada"/></designation><designation><language value="fr"/><value value="Solution injectable/pour perfusion en seringue préremplie"/></designation><designation><language value="it"/><value value="Soluzione iniettabile/per infusione in siringa preriempita"/></designation><designation><language value="pt"/><value value="Solução injetável ou para perfusão em seringa pré-cheia"/></designation></concept><concept><code value="50063100"/><display value="Suspension for injection in cartridge"/><designation><language value="de"/><value value="Injektionssuspension in einer Patrone"/></designation><designation><language value="el"/><value value="Ενέσιμο εναιώρημα σε φυσίγγιο"/></designation><designation><language value="es"/><value value="Suspensión inyectable en cartucho"/></designation><designation><language value="fr"/><value value="Suspension injectable en cartouche"/></designation><designation><language value="it"/><value value="Sospensione iniettabile in cartuccia"/></designation><designation><language value="pt"/><value value="Suspensão injetável em cartucho"/></designation></concept><concept><code value="50063200"/><display value="Suspension for injection in pre-filled pen"/><designation><language value="de"/><value value="Injektionssuspension im Fertigpen"/></designation><designation><language value="el"/><value value="Ενέσιμο εναιώρημα σε προγεμισμένη συσκευή τύπου πένας"/></designation><designation><language value="es"/><value value="Suspensión inyectable en pluma precargada"/></designation><designation><language value="fr"/><value value="Suspension injectable en stylo prérempli"/></designation><designation><language value="it"/><value value="Sospensione iniettabile in penna preriempita"/></designation><designation><language value="pt"/><value value="Suspensão injetável em caneta pré-cheia"/></designation></concept><concept><code value="50063300"/><display value="Suspension for injection in pre-filled syringe"/><designation><language value="de"/><value value="Injektionssuspension in einer Fertigspritze"/></designation><designation><language value="el"/><value value="Ενέσιμο εναιώρημα σε προγεμισμένη σύριγγα"/></designation><designation><language value="es"/><value value="Suspensión inyectable en jeringa precargada"/></designation><designation><language value="fr"/><value value="Suspension injectable en seringue préremplie"/></designation><designation><language value="it"/><value value="Sospensione iniettabile in siringa preriempita"/></designation><designation><language value="pt"/><value value="Suspensão injetável em seringa pré-cheia"/></designation></concept></include></compose></ValueSet>