<?xml version="1.0" encoding="UTF-8"?><ValueSet xmlns="http://hl7.org/fhir"><id value="administration-device"/><text><status value="generated"/><div xmlns="http://www.w3.org/1999/xhtml"><ul><li>Include these codes as defined in <code>https://standardterms.edqm.eu</code><table class="none"><tr><td style="white-space:nowrap"><b>Code</b></td><td><b>Display</b></td></tr><tr><td>13072000</td><td>Oral applicator</td></tr><tr><td>13114000</td><td>Pen</td></tr><tr><td>30000500</td><td>Administration system</td></tr><tr><td>30002000</td><td>Applicator</td></tr><tr><td>30003000</td><td>Automatic injection device</td></tr><tr><td>30005000</td><td>Balling gun</td></tr><tr><td>30010000</td><td>Brush</td></tr><tr><td>30012000</td><td>Cannula</td></tr><tr><td>30016000</td><td>Cup</td></tr><tr><td>30017000</td><td>Dabbing applicator</td></tr><tr><td>30018200</td><td>Dose dispenser</td></tr><tr><td>30019000</td><td>Dredging applicator</td></tr><tr><td>30021000</td><td>Drench gun</td></tr><tr><td>30022000</td><td>Dropper applicator</td></tr><tr><td>30025000</td><td>High pressure transdermal delivery device</td></tr><tr><td>30026000</td><td>Implanter</td></tr><tr><td>30026500</td><td>Inhaler</td></tr><tr><td>30027000</td><td>In-ovo injection device</td></tr><tr><td>30028000</td><td>Injection needle</td></tr><tr><td>30029000</td><td>Injection syringe</td></tr><tr><td>30030000</td><td>Internal graduated calibration chamber</td></tr><tr><td>30031000</td><td>Intramammary syringe</td></tr><tr><td>30033000</td><td>Measuring device</td></tr><tr><td>30034000</td><td>Measuring spoon</td></tr><tr><td>30037000</td><td>Mouthpiece</td></tr><tr><td>30040000</td><td>Multipuncturer</td></tr><tr><td>30041000</td><td>Nasal applicator</td></tr><tr><td>30042000</td><td>Nebuliser</td></tr><tr><td>30043500</td><td>Needle-free injector</td></tr><tr><td>30044000</td><td>Nozzle</td></tr><tr><td>30045000</td><td>Oral syringe</td></tr><tr><td>30046000</td><td>Pipette</td></tr><tr><td>30053000</td><td>Prick test applicator</td></tr><tr><td>30055000</td><td>Scarifier</td></tr><tr><td>30058000</td><td>Spatula</td></tr><tr><td>30059000</td><td>Spot-on applicator</td></tr><tr><td>30063000</td><td>Stab vaccinator</td></tr><tr><td>30068000</td><td>Vaginal sponge applicator</td></tr></table></li></ul><p><b>Additional Language Displays</b></p><table class="codes"><tr><td><b>Code</b></td><td><b>Deutsch (German, de)</b></td><td><b>Greek (el)</b></td><td><b>Spanish (es)</b></td><td><b>French (fr)</b></td><td><b>Italian (it)</b></td><td><b>Portuguese (pt)</b></td></tr><tr><td>13072000</td><td>Applikator für die orale Verabreichung</td><td>Εξάρτημα χορήγησης  από του στόματος</td><td>Aplicador para uso oral</td><td>Applicateur pour administration orale</td><td>Applicatore per somministrazione orale</td><td>Aplicador oral</td></tr><tr><td>13114000</td><td>Pen</td><td></td><td>Pluma</td><td>Stylo</td><td>Penna</td><td>Caneta</td></tr><tr><td>30000500</td><td>Applikationssystem</td><td>Σύστημα χορήγησης</td><td>Sistema de administración</td><td>Système d'administration</td><td>Sistema di somministrazione</td><td>Sistema de administração</td></tr><tr><td>30002000</td><td>Applikator</td><td>Εξάρτημα χορήγησης</td><td>Aplicador</td><td>Applicateur</td><td>Applicatore</td><td>Aplicador</td></tr><tr><td>30003000</td><td>automatischer Injektor</td><td>Συσκευή αυτόματης ένεσης</td><td>Inyector automático</td><td>Injecteur automatique</td><td>Dispositivo automatico per iniezone</td><td>Seringa automática</td></tr><tr><td>30005000</td><td>Bolusgeber</td><td>Συσκευή χορήγησης βώλων</td><td>Aplicador para administración intrarruminal</td><td>Applicateur pour dispositif intraruminal</td><td>Applicatore per dispositivo intraruminale</td><td>Aplicador para bólus</td></tr><tr><td>30010000</td><td>Pinsel</td><td>Ψύκτρα</td><td>Pincel</td><td>Pinceau applicateur</td><td>Pennello</td><td>Pincel</td></tr><tr><td>30012000</td><td>Kanüle</td><td>Σωληνίσκος</td><td>Cánula</td><td>Canule</td><td>Cannula</td><td>Cânula</td></tr><tr><td>30016000</td><td>Messbecher</td><td>Κύπελλο</td><td>Vaso dosificador</td><td>Godet</td><td>Bicchiere dosatore</td><td>Copo-medida</td></tr><tr><td>30017000</td><td>Verschluss mit Tupfer</td><td>Πώμα με εξάρτημα επάλειψης</td><td>Cierre con aplicador para toques</td><td>Embout applicateur</td><td>Tappo con applicatore</td><td>Fecho com aplicador de contacto</td></tr><tr><td>30018200</td><td>Dosiergerät</td><td>Δοσομετρητής</td><td>Dispensador de dosis</td><td>Dispensateur de dose</td><td>Dispensatore di dose</td><td>Dispensador de dose</td></tr><tr><td>30019000</td><td>Verschluss mit Streuvorrichtung</td><td>Πώμα με εξάρτημα επίπασης</td><td>Cierre espolvoreador</td><td>Embout poudreur</td><td>Aspersore</td><td>Fecho polvilhador</td></tr><tr><td>30021000</td><td>Applikator für eine Flüssigkeit zum Einnehmen</td><td>Συσκευή χορήγησης στοματικών διαλυμάτων</td><td>Pistola dosificadora</td><td>Embout buccal</td><td>Pistola dosatrice per somministrazioni orali</td><td>Pistola doseadora</td></tr><tr><td>30022000</td><td>Verschluss mit Tropfer</td><td>Σταγονομετρικό βιδωτό πώμα</td><td>Tapón cuentagotas</td><td>Embout compte-gouttes</td><td>Contagocce</td><td>Fecho conta-gotas</td></tr><tr><td>30025000</td><td>Intradermaldruckinjektor</td><td>Σύστημα διαδερμικής χορήγησης υπό πίεση</td><td>Dispositivo a presión para liberación transdermica</td><td>Injecteur intradermique sous pression</td><td>Dispositivo sotto pressione a rilascio transdermico</td><td>Injector transdérmico sob pressão</td></tr><tr><td>30026000</td><td>Implantatinjektor</td><td>Συσκευή εμφύτευσης</td><td>Inyector de implantes</td><td>Pistolet pour implant</td><td>Iniettore per impianto</td><td>Seringa para implantes</td></tr><tr><td>30026500</td><td>Inhalator</td><td>Συσκευή εισπνοής</td><td>Inhalador</td><td>Inhalateur</td><td>Inalatore</td><td>Inalador</td></tr><tr><td>30027000</td><td>Eiinjektor</td><td>Συσκευή χορήγησης in ovo</td><td>Inyector automático in ovo</td><td>Dispositif pour injection in ovo</td><td>Dispositivo per iniezione in ovo</td><td>Seringa para via transcoriónica</td></tr><tr><td>30028000</td><td>Injektionsnadel</td><td>Βελόνη σύριγγας</td><td>Aguja para inyección</td><td>Aiguille</td><td>Ago per iniezione</td><td>Agulha para injecção</td></tr><tr><td>30029000</td><td>Injektionsspritze</td><td>Σύριγγα ένεσης</td><td>Jeringa para inyección</td><td>Seringue</td><td>Siringa per iniezione</td><td>Seringa para injectáveis</td></tr><tr><td>30030000</td><td>Intern graduierte Dosierkammer</td><td>Δοσιμετρικό εξάρτημα</td><td>Dispensador de dosis múltiples</td><td>Dispositif à cran d'arrêt</td><td>Bolo ruminale</td><td>Câmara de calibração graduada</td></tr><tr><td>30031000</td><td>Euterinjektor</td><td>Ενδομαστική σύριγγα</td><td>Jeringa intramamaria</td><td>Seringue pour administration intramammaire</td><td>Siringa intramammaria</td><td>Injetor intramamário</td></tr><tr><td>30033000</td><td>Dosierhilfe</td><td>Δοσιμετρικό εξάρτημα</td><td>Dosificador</td><td>Dispositif de mesure</td><td>Dosatore</td><td>Dispositivo doseador</td></tr><tr><td>30034000</td><td>Messlöffel</td><td>Δοσιμετρικό κοχλιάριο</td><td>Cucharilla de medida</td><td>Cuillère-mesure</td><td>Cucchiaio dosatore</td><td>Colher-medida</td></tr><tr><td>30037000</td><td>Mundstück</td><td>Εξάρτημα στοματικής προσαρμογής</td><td>Aplicador bucal</td><td>Embout buccal</td><td>Boccaglio</td><td>Aplicador bucal</td></tr><tr><td>30040000</td><td>Multipunkturstempel</td><td>Εξάρτημα πολλαπλής νύξεως</td><td>Aplicador para punción múltiple</td><td>Applicateur pour multipuncture</td><td>Dispositivo per intradermoreazione per puntura multipla</td><td>Aplicador para punção múltipla</td></tr><tr><td>30041000</td><td>Nasenapplikator</td><td>Εξάρτημα ρινικής προσαρμογής</td><td>Aplicador nasal</td><td>Embout nasal</td><td>Applicatore nasale</td><td>Aplicador nasal</td></tr><tr><td>30042000</td><td>Vernebler</td><td>Εκνεφωτής</td><td>Nebulizador</td><td>Nébuliseur</td><td>Nebulizzatore</td><td>Nebulizador</td></tr><tr><td>30043500</td><td>nadelfreier Injektor</td><td>Σύστημα διαδερμικής χορήγησης χωρίς βελόνα</td><td>Inyector sin aguja</td><td>Injecteur sans aiguille</td><td>Iniettore privo di ago</td><td>Injetor sem seringa</td></tr><tr><td>30044000</td><td>Sprühkopf</td><td>Ρύγχος</td><td>Boquilla</td><td>Embout</td><td>Erogatore</td><td>Adaptador</td></tr><tr><td>30045000</td><td>Applikationsspritze für Zubereitungen zum Einnehmen</td><td>Σύριγγα για χορήγηση από του στόματος</td><td>Jeringa para uso oral</td><td>Seringue pour administration orale</td><td>Siringa per somministrazione orale</td><td>Seringa para uso oral</td></tr><tr><td>30046000</td><td>Pipette</td><td>Πιπέτα</td><td>Pipeta</td><td>Pipette</td><td>Pipetta</td><td>Pipeta</td></tr><tr><td>30053000</td><td>Teststempel</td><td>Εξάρτημα εφαρμογής αλλεργιογόνων δτα νύξεως</td><td>Aplicador para pruebas de alergenos</td><td>Applicateur pour prick test</td><td>Dispositivo per prick test</td><td>Estilete aplicador</td></tr><tr><td>30055000</td><td>Einritzer</td><td>Ακίδα σκαριφισμού</td><td>Escarificador</td><td>Vaccinostyle</td><td>Scarificatore</td><td>Escarificador</td></tr><tr><td>30058000</td><td>Spatel</td><td>Σπαθίδα</td><td>Espátula</td><td>Spatule</td><td>Spatola</td><td>Espátula</td></tr><tr><td>30059000</td><td>Tropfapplikator</td><td>Συσκευή επίχυσης σε σημείο</td><td>Aplicador para unción puntual</td><td>Applicateur pour spot-on</td><td>Applicatore per spot-on</td><td>Aplicador para unção punctiforme</td></tr><tr><td>30063000</td><td>Impfautomat</td><td>Ακίδα εμβολιασμού</td><td>Punzón</td><td>Stylet</td><td>Dispositivo a punta per vaccinazione</td><td>estilete de inoculação</td></tr><tr><td>30068000</td><td>Applikator für ein Schwämmchen zur vaginalen Anwendung</td><td>Συσκευή για ενδοκολπική τοποθέτηση σπόγγων</td><td>Aplicador de esponjas vaginales</td><td>Applicateur pour éponge vaginale</td><td>Applicatore per spugnetta intravaginale</td><td>Aplicador para esponja vaginal</td></tr></table></div></text><url value="http://unicom-project.eu/fhir/ValueSet/administration-device"/><version value="0.1.0"/><name value="AdministrationDevice"/><title value="Administration device"/><status value="active"/><experimental value="false"/><date value="2023-02-24T10:33:27+00:00"/><publisher value="UNICOM"/><contact><name value="UNICOM"/><telecom><system value="url"/><value value="http://unicom-project.eu"/></telecom></contact><description value="ValueSet Administration device from EDQM, DEV, see https://standardterms.edqm.eu/#"/><immutable value="false"/><compose><include><system value="https://standardterms.edqm.eu"/><concept><code value="13072000"/><display value="Oral applicator"/><designation><language value="de"/><value value="Applikator für die orale Verabreichung"/></designation><designation><language value="el"/><value value="Εξάρτημα χορήγησης  από του στόματος"/></designation><designation><language value="es"/><value value="Aplicador para uso oral"/></designation><designation><language value="fr"/><value value="Applicateur pour administration orale"/></designation><designation><language value="it"/><value value="Applicatore per somministrazione orale"/></designation><designation><language value="pt"/><value value="Aplicador oral"/></designation></concept><concept><code value="13114000"/><display value="Pen"/><designation><language value="de"/><value value="Pen"/></designation><designation><language value="es"/><value value="Pluma"/></designation><designation><language value="fr"/><value value="Stylo"/></designation><designation><language value="it"/><value value="Penna"/></designation><designation><language value="pt"/><value value="Caneta"/></designation></concept><concept><code value="30000500"/><display value="Administration system"/><designation><language value="de"/><value value="Applikationssystem"/></designation><designation><language value="el"/><value value="Σύστημα χορήγησης"/></designation><designation><language value="es"/><value value="Sistema de administración"/></designation><designation><language value="fr"/><value value="Système d'administration"/></designation><designation><language value="it"/><value value="Sistema di somministrazione"/></designation><designation><language value="pt"/><value value="Sistema de administração"/></designation></concept><concept><code value="30002000"/><display value="Applicator"/><designation><language value="de"/><value value="Applikator"/></designation><designation><language value="el"/><value value="Εξάρτημα χορήγησης"/></designation><designation><language value="es"/><value value="Aplicador"/></designation><designation><language value="fr"/><value value="Applicateur"/></designation><designation><language value="it"/><value value="Applicatore"/></designation><designation><language value="pt"/><value value="Aplicador"/></designation></concept><concept><code value="30003000"/><display value="Automatic injection device"/><designation><language value="de"/><value value="automatischer Injektor"/></designation><designation><language value="el"/><value value="Συσκευή αυτόματης ένεσης"/></designation><designation><language value="es"/><value value="Inyector automático"/></designation><designation><language value="fr"/><value value="Injecteur automatique"/></designation><designation><language value="it"/><value value="Dispositivo automatico per iniezone"/></designation><designation><language value="pt"/><value value="Seringa automática"/></designation></concept><concept><code value="30005000"/><display value="Balling gun"/><designation><language value="de"/><value value="Bolusgeber"/></designation><designation><language value="el"/><value value="Συσκευή χορήγησης βώλων"/></designation><designation><language value="es"/><value value="Aplicador para administración intrarruminal"/></designation><designation><language value="fr"/><value value="Applicateur pour dispositif intraruminal"/></designation><designation><language value="it"/><value value="Applicatore per dispositivo intraruminale"/></designation><designation><language value="pt"/><value value="Aplicador para bólus"/></designation></concept><concept><code value="30010000"/><display value="Brush"/><designation><language value="de"/><value value="Pinsel"/></designation><designation><language value="el"/><value value="Ψύκτρα"/></designation><designation><language value="es"/><value value="Pincel"/></designation><designation><language value="fr"/><value value="Pinceau applicateur"/></designation><designation><language value="it"/><value value="Pennello"/></designation><designation><language value="pt"/><value value="Pincel"/></designation></concept><concept><code value="30012000"/><display value="Cannula"/><designation><language value="de"/><value value="Kanüle"/></designation><designation><language value="el"/><value value="Σωληνίσκος"/></designation><designation><language value="es"/><value value="Cánula"/></designation><designation><language value="fr"/><value value="Canule"/></designation><designation><language value="it"/><value value="Cannula"/></designation><designation><language value="pt"/><value value="Cânula"/></designation></concept><concept><code value="30016000"/><display value="Cup"/><designation><language value="de"/><value value="Messbecher"/></designation><designation><language value="el"/><value value="Κύπελλο"/></designation><designation><language value="es"/><value value="Vaso dosificador"/></designation><designation><language value="fr"/><value value="Godet"/></designation><designation><language value="it"/><value value="Bicchiere dosatore"/></designation><designation><language value="pt"/><value value="Copo-medida"/></designation></concept><concept><code value="30017000"/><display value="Dabbing applicator"/><designation><language value="de"/><value value="Verschluss mit Tupfer"/></designation><designation><language value="el"/><value value="Πώμα με εξάρτημα επάλειψης"/></designation><designation><language value="es"/><value value="Cierre con aplicador para toques"/></designation><designation><language value="fr"/><value value="Embout applicateur"/></designation><designation><language value="it"/><value value="Tappo con applicatore"/></designation><designation><language value="pt"/><value value="Fecho com aplicador de contacto"/></designation></concept><concept><code value="30018200"/><display value="Dose dispenser"/><designation><language value="de"/><value value="Dosiergerät"/></designation><designation><language value="el"/><value value="Δοσομετρητής"/></designation><designation><language value="es"/><value value="Dispensador de dosis"/></designation><designation><language value="fr"/><value value="Dispensateur de dose"/></designation><designation><language value="it"/><value value="Dispensatore di dose"/></designation><designation><language value="pt"/><value value="Dispensador de dose"/></designation></concept><concept><code value="30019000"/><display value="Dredging applicator"/><designation><language value="de"/><value value="Verschluss mit Streuvorrichtung"/></designation><designation><language value="el"/><value value="Πώμα με εξάρτημα επίπασης"/></designation><designation><language value="es"/><value value="Cierre espolvoreador"/></designation><designation><language value="fr"/><value value="Embout poudreur"/></designation><designation><language value="it"/><value value="Aspersore"/></designation><designation><language value="pt"/><value value="Fecho polvilhador"/></designation></concept><concept><code value="30021000"/><display value="Drench gun"/><designation><language value="de"/><value value="Applikator für eine Flüssigkeit zum Einnehmen"/></designation><designation><language value="el"/><value value="Συσκευή χορήγησης στοματικών διαλυμάτων"/></designation><designation><language value="es"/><value value="Pistola dosificadora"/></designation><designation><language value="fr"/><value value="Embout buccal"/></designation><designation><language value="it"/><value value="Pistola dosatrice per somministrazioni orali"/></designation><designation><language value="pt"/><value value="Pistola doseadora"/></designation></concept><concept><code value="30022000"/><display value="Dropper applicator"/><designation><language value="de"/><value value="Verschluss mit Tropfer"/></designation><designation><language value="el"/><value value="Σταγονομετρικό βιδωτό πώμα"/></designation><designation><language value="es"/><value value="Tapón cuentagotas"/></designation><designation><language value="fr"/><value value="Embout compte-gouttes"/></designation><designation><language value="it"/><value value="Contagocce"/></designation><designation><language value="pt"/><value value="Fecho conta-gotas"/></designation></concept><concept><code value="30025000"/><display value="High pressure transdermal delivery device"/><designation><language value="de"/><value value="Intradermaldruckinjektor"/></designation><designation><language value="el"/><value value="Σύστημα διαδερμικής χορήγησης υπό πίεση"/></designation><designation><language value="es"/><value value="Dispositivo a presión para liberación transdermica"/></designation><designation><language value="fr"/><value value="Injecteur intradermique sous pression"/></designation><designation><language value="it"/><value value="Dispositivo sotto pressione a rilascio transdermico"/></designation><designation><language value="pt"/><value value="Injector transdérmico sob pressão"/></designation></concept><concept><code value="30026000"/><display value="Implanter"/><designation><language value="de"/><value value="Implantatinjektor"/></designation><designation><language value="el"/><value value="Συσκευή εμφύτευσης"/></designation><designation><language value="es"/><value value="Inyector de implantes"/></designation><designation><language value="fr"/><value value="Pistolet pour implant"/></designation><designation><language value="it"/><value value="Iniettore per impianto"/></designation><designation><language value="pt"/><value value="Seringa para implantes"/></designation></concept><concept><code value="30026500"/><display value="Inhaler"/><designation><language value="de"/><value value="Inhalator"/></designation><designation><language value="el"/><value value="Συσκευή εισπνοής"/></designation><designation><language value="es"/><value value="Inhalador"/></designation><designation><language value="fr"/><value value="Inhalateur"/></designation><designation><language value="it"/><value value="Inalatore"/></designation><designation><language value="pt"/><value value="Inalador"/></designation></concept><concept><code value="30027000"/><display value="In-ovo injection device"/><designation><language value="de"/><value value="Eiinjektor"/></designation><designation><language value="el"/><value value="Συσκευή χορήγησης in ovo"/></designation><designation><language value="es"/><value value="Inyector automático in ovo"/></designation><designation><language value="fr"/><value value="Dispositif pour injection in ovo"/></designation><designation><language value="it"/><value value="Dispositivo per iniezione in ovo"/></designation><designation><language value="pt"/><value value="Seringa para via transcoriónica"/></designation></concept><concept><code value="30028000"/><display value="Injection needle"/><designation><language value="de"/><value value="Injektionsnadel"/></designation><designation><language value="el"/><value value="Βελόνη σύριγγας"/></designation><designation><language value="es"/><value value="Aguja para inyección"/></designation><designation><language value="fr"/><value value="Aiguille"/></designation><designation><language value="it"/><value value="Ago per iniezione"/></designation><designation><language value="pt"/><value value="Agulha para injecção"/></designation></concept><concept><code value="30029000"/><display value="Injection syringe"/><designation><language value="de"/><value value="Injektionsspritze"/></designation><designation><language value="el"/><value value="Σύριγγα ένεσης"/></designation><designation><language value="es"/><value value="Jeringa para inyección"/></designation><designation><language value="fr"/><value value="Seringue"/></designation><designation><language value="it"/><value value="Siringa per iniezione"/></designation><designation><language value="pt"/><value value="Seringa para injectáveis"/></designation></concept><concept><code value="30030000"/><display value="Internal graduated calibration chamber"/><designation><language value="de"/><value value="Intern graduierte Dosierkammer"/></designation><designation><language value="el"/><value value="Δοσιμετρικό εξάρτημα"/></designation><designation><language value="es"/><value value="Dispensador de dosis múltiples"/></designation><designation><language value="fr"/><value value="Dispositif à cran d'arrêt"/></designation><designation><language value="it"/><value value="Bolo ruminale"/></designation><designation><language value="pt"/><value value="Câmara de calibração graduada"/></designation></concept><concept><code value="30031000"/><display value="Intramammary syringe"/><designation><language value="de"/><value value="Euterinjektor"/></designation><designation><language value="el"/><value value="Ενδομαστική σύριγγα"/></designation><designation><language value="es"/><value value="Jeringa intramamaria"/></designation><designation><language value="fr"/><value value="Seringue pour administration intramammaire"/></designation><designation><language value="it"/><value value="Siringa intramammaria"/></designation><designation><language value="pt"/><value value="Injetor intramamário"/></designation></concept><concept><code value="30033000"/><display value="Measuring device"/><designation><language value="de"/><value value="Dosierhilfe"/></designation><designation><language value="el"/><value value="Δοσιμετρικό εξάρτημα"/></designation><designation><language value="es"/><value value="Dosificador"/></designation><designation><language value="fr"/><value value="Dispositif de mesure"/></designation><designation><language value="it"/><value value="Dosatore"/></designation><designation><language value="pt"/><value value="Dispositivo doseador"/></designation></concept><concept><code value="30034000"/><display value="Measuring spoon"/><designation><language value="de"/><value value="Messlöffel"/></designation><designation><language value="el"/><value value="Δοσιμετρικό κοχλιάριο"/></designation><designation><language value="es"/><value value="Cucharilla de medida"/></designation><designation><language value="fr"/><value value="Cuillère-mesure"/></designation><designation><language value="it"/><value value="Cucchiaio dosatore"/></designation><designation><language value="pt"/><value value="Colher-medida"/></designation></concept><concept><code value="30037000"/><display value="Mouthpiece"/><designation><language value="de"/><value value="Mundstück"/></designation><designation><language value="el"/><value value="Εξάρτημα στοματικής προσαρμογής"/></designation><designation><language value="es"/><value value="Aplicador bucal"/></designation><designation><language value="fr"/><value value="Embout buccal"/></designation><designation><language value="it"/><value value="Boccaglio"/></designation><designation><language value="pt"/><value value="Aplicador bucal"/></designation></concept><concept><code value="30040000"/><display value="Multipuncturer"/><designation><language value="de"/><value value="Multipunkturstempel"/></designation><designation><language value="el"/><value value="Εξάρτημα πολλαπλής νύξεως"/></designation><designation><language value="es"/><value value="Aplicador para punción múltiple"/></designation><designation><language value="fr"/><value value="Applicateur pour multipuncture"/></designation><designation><language value="it"/><value value="Dispositivo per intradermoreazione per puntura multipla"/></designation><designation><language value="pt"/><value value="Aplicador para punção múltipla"/></designation></concept><concept><code value="30041000"/><display value="Nasal applicator"/><designation><language value="de"/><value value="Nasenapplikator"/></designation><designation><language value="el"/><value value="Εξάρτημα ρινικής προσαρμογής"/></designation><designation><language value="es"/><value value="Aplicador nasal"/></designation><designation><language value="fr"/><value value="Embout nasal"/></designation><designation><language value="it"/><value value="Applicatore nasale"/></designation><designation><language value="pt"/><value value="Aplicador nasal"/></designation></concept><concept><code value="30042000"/><display value="Nebuliser"/><designation><language value="de"/><value value="Vernebler"/></designation><designation><language value="el"/><value value="Εκνεφωτής"/></designation><designation><language value="es"/><value value="Nebulizador"/></designation><designation><language value="fr"/><value value="Nébuliseur"/></designation><designation><language value="it"/><value value="Nebulizzatore"/></designation><designation><language value="pt"/><value value="Nebulizador"/></designation></concept><concept><code value="30043500"/><display value="Needle-free injector"/><designation><language value="de"/><value value="nadelfreier Injektor"/></designation><designation><language value="el"/><value value="Σύστημα διαδερμικής χορήγησης χωρίς βελόνα"/></designation><designation><language value="es"/><value value="Inyector sin aguja"/></designation><designation><language value="fr"/><value value="Injecteur sans aiguille"/></designation><designation><language value="it"/><value value="Iniettore privo di ago"/></designation><designation><language value="pt"/><value value="Injetor sem seringa"/></designation></concept><concept><code value="30044000"/><display value="Nozzle"/><designation><language value="de"/><value value="Sprühkopf"/></designation><designation><language value="el"/><value value="Ρύγχος"/></designation><designation><language value="es"/><value value="Boquilla"/></designation><designation><language value="fr"/><value value="Embout"/></designation><designation><language value="it"/><value value="Erogatore"/></designation><designation><language value="pt"/><value value="Adaptador"/></designation></concept><concept><code value="30045000"/><display value="Oral syringe"/><designation><language value="de"/><value value="Applikationsspritze für Zubereitungen zum Einnehmen"/></designation><designation><language value="el"/><value value="Σύριγγα για χορήγηση από του στόματος"/></designation><designation><language value="es"/><value value="Jeringa para uso oral"/></designation><designation><language value="fr"/><value value="Seringue pour administration orale"/></designation><designation><language value="it"/><value value="Siringa per somministrazione orale"/></designation><designation><language value="pt"/><value value="Seringa para uso oral"/></designation></concept><concept><code value="30046000"/><display value="Pipette"/><designation><language value="de"/><value value="Pipette"/></designation><designation><language value="el"/><value value="Πιπέτα"/></designation><designation><language value="es"/><value value="Pipeta"/></designation><designation><language value="fr"/><value value="Pipette"/></designation><designation><language value="it"/><value value="Pipetta"/></designation><designation><language value="pt"/><value value="Pipeta"/></designation></concept><concept><code value="30053000"/><display value="Prick test applicator"/><designation><language value="de"/><value value="Teststempel"/></designation><designation><language value="el"/><value value="Εξάρτημα εφαρμογής αλλεργιογόνων δτα νύξεως"/></designation><designation><language value="es"/><value value="Aplicador para pruebas de alergenos"/></designation><designation><language value="fr"/><value value="Applicateur pour prick test"/></designation><designation><language value="it"/><value value="Dispositivo per prick test"/></designation><designation><language value="pt"/><value value="Estilete aplicador"/></designation></concept><concept><code value="30055000"/><display value="Scarifier"/><designation><language value="de"/><value value="Einritzer"/></designation><designation><language value="el"/><value value="Ακίδα σκαριφισμού"/></designation><designation><language value="es"/><value value="Escarificador"/></designation><designation><language value="fr"/><value value="Vaccinostyle"/></designation><designation><language value="it"/><value value="Scarificatore"/></designation><designation><language value="pt"/><value value="Escarificador"/></designation></concept><concept><code value="30058000"/><display value="Spatula"/><designation><language value="de"/><value value="Spatel"/></designation><designation><language value="el"/><value value="Σπαθίδα"/></designation><designation><language value="es"/><value value="Espátula"/></designation><designation><language value="fr"/><value value="Spatule"/></designation><designation><language value="it"/><value value="Spatola"/></designation><designation><language value="pt"/><value value="Espátula"/></designation></concept><concept><code value="30059000"/><display value="Spot-on applicator"/><designation><language value="de"/><value value="Tropfapplikator"/></designation><designation><language value="el"/><value value="Συσκευή επίχυσης σε σημείο"/></designation><designation><language value="es"/><value value="Aplicador para unción puntual"/></designation><designation><language value="fr"/><value value="Applicateur pour spot-on"/></designation><designation><language value="it"/><value value="Applicatore per spot-on"/></designation><designation><language value="pt"/><value value="Aplicador para unção punctiforme"/></designation></concept><concept><code value="30063000"/><display value="Stab vaccinator"/><designation><language value="de"/><value value="Impfautomat"/></designation><designation><language value="el"/><value value="Ακίδα εμβολιασμού"/></designation><designation><language value="es"/><value value="Punzón"/></designation><designation><language value="fr"/><value value="Stylet"/></designation><designation><language value="it"/><value value="Dispositivo a punta per vaccinazione"/></designation><designation><language value="pt"/><value value="estilete de inoculação"/></designation></concept><concept><code value="30068000"/><display value="Vaginal sponge applicator"/><designation><language value="de"/><value value="Applikator für ein Schwämmchen zur vaginalen Anwendung"/></designation><designation><language value="el"/><value value="Συσκευή για ενδοκολπική τοποθέτηση σπόγγων"/></designation><designation><language value="es"/><value value="Aplicador de esponjas vaginales"/></designation><designation><language value="fr"/><value value="Applicateur pour éponge vaginale"/></designation><designation><language value="it"/><value value="Applicatore per spugnetta intravaginale"/></designation><designation><language value="pt"/><value value="Aplicador para esponja vaginal"/></designation></concept></include></compose></ValueSet>