<?xml version="1.0" encoding="UTF-8"?><ValueSet xmlns="http://hl7.org/fhir"><id value="atc-spor-vs"/><text><status value="generated"/><div xmlns="http://www.w3.org/1999/xhtml"><ul><li>Include all codes defined in <a href="CodeSystem-ATC-Human-EMA.html"><code>https://spor.ema.europa.eu/v1/lists/100000093533</code></a></li></ul></div></text><url value="http://unicom-project.eu/fhir/ValueSet/atc-spor-vs"/><version value="0.1.0"/><name value="SporAtc"/><title value="Anatomical Therapeutic Chemical classification system"/><status value="active"/><experimental value="false"/><date value="2023-02-24T10:33:27+00:00"/><publisher value="UNICOM"/><contact><name value="UNICOM"/><telecom><system value="url"/><value value="http://unicom-project.eu"/></telecom></contact><description value="Value set for Anatomical Therapeutic Chemical classification system Human and Veterinary. It combines 2 SPOR/WHO lists"/><compose><include><system value="https://spor.ema.europa.eu/v1/lists/100000093533"/></include></compose></ValueSet>