{
  "resourceType" : "Medication",
  "id" : "Cefuroxime1500-Medication-Clinical",
  "meta" : {
    "profile" : ["http://unicom-project.eu/fhir/StructureDefinition/MedicationAsMedicinalProduct"]
  },
  "text" : {
    "status" : "extensions",
    "div" : "<div xmlns=\"http://www.w3.org/1999/xhtml\"><p><b>Generated Narrative: Medication</b><a name=\"Cefuroxime1500-Medication-Clinical\"> </a></p><div style=\"display: inline-block; background-color: #d9e0e7; padding: 6px; margin: 4px; border: 1px solid #8da1b4; border-radius: 5px; line-height: 60%\"><p style=\"margin-bottom: 0px\">Resource Medication &quot;Cefuroxime1500-Medication-Clinical&quot; </p><p style=\"margin-bottom: 0px\">Profile: <a href=\"StructureDefinition-MedicationAsMedicinalProduct.html\">Medication</a></p></div><p><b>MedicinalProductClassification</b>: cefuroxime <span style=\"background: LightGoldenRodYellow; margin: 4px; border: 1px solid khaki\"> (<a href=\"http://terminology.hl7.org/5.3.0/CodeSystem-v3-WC.html\">WHO ATC</a>#J01DC02)</span></p><p><b>AdministrableDoseForm</b>: Solution for injection/infusion <span style=\"background: LightGoldenRodYellow; margin: 4px; border: 1px solid khaki\"> (standardterms.edqm.eu#50060000)</span></p><p><b>doseForm</b>: Powder for solution for injection or infusion <span style=\"background: LightGoldenRodYellow; margin: 4px; border: 1px solid khaki\"> (standardterms.edqm.eu#50053000)</span></p><blockquote><p><b>ingredient</b></p><h3>Items</h3><table class=\"grid\"><tr><td style=\"display: none\">-</td><td><b>Reference</b></td></tr><tr><td style=\"display: none\">*</td><td><a href=\"Medication-Cefuroxime1500-Powder-Medication-Item.html\">Medication/Cefuroxime1500-Powder-Medication-Item</a></td></tr></table></blockquote></div>"
  },
  "extension" : [{
    "url" : "http://unicom-project.eu/fhir/StructureDefinition/medicinal-product-classification",
    "valueCodeableConcept" : {
      "coding" : [{
        "system" : "http://www.whocc.no/atc",
        "code" : "J01DC02",
        "display" : "cefuroxime"
      }]
    }
  },
  {
    "url" : "http://unicom-project.eu/fhir/StructureDefinition/administrable-doseform",
    "valueCodeableConcept" : {
      "coding" : [{
        "system" : "https://standardterms.edqm.eu",
        "code" : "50060000",
        "display" : "Solution for injection/infusion"
      }]
    }
  }],
  "doseForm" : {
    "coding" : [{
      "system" : "https://standardterms.edqm.eu",
      "code" : "50053000",
      "display" : "Powder for solution for injection or infusion"
    }]
  },
  "ingredient" : [{
    "item" : {
      "reference" : {
        "reference" : "Medication/Cefuroxime1500-Powder-Medication-Item"
      }
    }
  }]
}