<?xml version="1.0" encoding="UTF-8"?>

<ValueSet xmlns="http://hl7.org/fhir">
  <id value="state-of-matter"/>
  <text>
    <status value="generated"/><div xmlns="http://www.w3.org/1999/xhtml"><ul><li>Include these codes as defined in <code>https://standardterms.edqm.eu</code><table class="none"><tr><td style="white-space:nowrap"><b>Code</b></td><td><b>Display</b></td></tr><tr><td>0097</td><td>Solid</td></tr><tr><td>0098</td><td>Semi-solid</td></tr><tr><td>0099</td><td>Liquid</td></tr><tr><td>0100</td><td>Gas</td></tr><tr><td>0101</td><td>Unclear</td></tr></table></li></ul></div>
  </text>
  <url value="http://unicom-project.eu/fhir/ValueSet/state-of-matter"/>
  <version value="0.1.0"/>
  <name value="StateOfMatter"/>
  <title value="State of matter"/>
  <status value="active"/>
  <experimental value="false"/>
  <date value="2023-02-03T15:06:18+00:00"/>
  <publisher value="UNICOM"/>
  <contact>
    <name value="UNICOM"/>
    <telecom>
      <system value="url"/>
      <value value="http://unicom-project.eu"/>
    </telecom>
  </contact>
  <description value="ValueSet State of matter from EDQM, SOM, see https://standardterms.edqm.eu/#"/>
  <immutable value="false"/>
  <compose>
    <include>
      <system value="https://standardterms.edqm.eu"/>
      <concept>
        <code value="0097"/>
        <display value="Solid"/>
      </concept>
      <concept>
        <code value="0098"/>
        <display value="Semi-solid"/>
      </concept>
      <concept>
        <code value="0099"/>
        <display value="Liquid"/>
      </concept>
      <concept>
        <code value="0100"/>
        <display value="Gas"/>
      </concept>
      <concept>
        <code value="0101"/>
        <display value="Unclear"/>
      </concept>
    </include>
  </compose>
</ValueSet>