"Id","Path","Slice Name","Alias(s)","Label","Min","Max","Must Support?","Is Modifier?","Is Summary?","Type(s)","Short","Definition","Comments","Requirements","Default Value","Meaning When Missing","Fixed Value","Pattern","Example","Minimum Value","Maximum Value","Maximum Length","Binding Strength","Binding Description","Binding Value Set","Code","Slicing Discriminator","Slicing Description","Slicing Ordered","Slicing Rules","Base Path","Base Min","Base Max","Condition(s)","Constraint(s)","Mapping: IDMP Mapping","Mapping: FiveWs Pattern Mapping","Mapping: RIM Mapping"
"PackagedProductDefinition","PackagedProductDefinition","","","",0,*,"","","","null {[]} {[]}
","A medically related item or items, in a container or package","A medically related item or items, in a container or package.","","","","","","","","","",,,,,"",,,,"PackagedProductDefinition",0,*,"","","Packaged Medicinal Product","administrative.medication","Entity. Role, or Act"
"PackagedProductDefinition.id","PackagedProductDefinition.id","","","",0,1,"","","Y","id {[]} {[]}
","Logical id of this artifact","The logical id of the resource, as used in the URL for the resource. Once assigned, this value never changes.","The only time that a resource does not have an id is when it is being submitted to the server using a create operation.","","","","","","","","",,,,,"",,,,"Resource.id",0,1,"",""
"PackagedProductDefinition.meta","PackagedProductDefinition.meta","","","",0,1,"","","Y","Meta {[]} {[]}
","Metadata about the resource","The metadata about the resource. This is content that is maintained by the infrastructure. Changes to the content might not always be associated with version changes to the resource.","","","","","","","","","",,,,,"",,,,"Resource.meta",0,1,"","ele-1:All FHIR elements must have a @value or children {hasValue() or (children().count() > id.count())}
"
"PackagedProductDefinition.implicitRules","PackagedProductDefinition.implicitRules","","","",0,1,"","Y","Y","uri {[]} {[]}
","A set of rules under which this content was created","A reference to a set of rules that were followed when the resource was constructed, and which must be understood when processing the content. Often, this is a reference to an implementation guide that defines the special rules along with other profiles etc.","Asserting this rule set restricts the content to be only understood by a limited set of trading partners. This inherently limits the usefulness of the data in the long term. However, the existing health eco-system is highly fractured, and not yet ready to define, collect, and exchange data in a generally computable sense. Wherever possible, implementers and/or specification writers should avoid using this element. Often, when used, the URL is a reference to an implementation guide that defines these special rules as part of it's narrative along with other profiles, value sets, etc.","","","","","","","","",,,,,"",,,,"Resource.implicitRules",0,1,"","ele-1:All FHIR elements must have a @value or children {hasValue() or (children().count() > id.count())}
"
"PackagedProductDefinition.language","PackagedProductDefinition.language","","","",0,1,"","","","code {[]} {[]}
","Language of the resource content","The base language in which the resource is written.","Language is provided to support indexing and accessibility (typically, services such as text to speech use the language tag). The html language tag in the narrative applies  to the narrative. The language tag on the resource may be used to specify the language of other presentations generated from the data in the resource. Not all the content has to be in the base language. The Resource.language should not be assumed to apply to the narrative automatically. If a language is specified, it should it also be specified on the div element in the html (see rules in HTML5 for information about the relationship between xml:lang and the html lang attribute).","","","","","","","","",,"preferred","IETF language tag","http://hl7.org/fhir/ValueSet/languages","",,,,"Resource.language",0,1,"","ele-1:All FHIR elements must have a @value or children {hasValue() or (children().count() > id.count())}
"
"PackagedProductDefinition.text","PackagedProductDefinition.text","","narrative
htmlxhtmldisplay","",0,1,"","","","Narrative {[]} {[]}
","Text summary of the resource, for human interpretation","A human-readable narrative that contains a summary of the resource and can be used to represent the content of the resource to a human. The narrative need not encode all the structured data, but is required to contain sufficient detail to make it ""clinically safe"" for a human to just read the narrative. Resource definitions may define what content should be represented in the narrative to ensure clinical safety.","Contained resources do not have narrative. Resources that are not contained SHOULD have a narrative. In some cases, a resource may only have text with little or no additional discrete data (as long as all minOccurs=1 elements are satisfied).  This may be necessary for data from legacy systems where information is captured as a ""text blob"" or where text is additionally entered raw or narrated and encoded information is added later.","","","","","","","","",,,,,"",,,,"DomainResource.text",0,1,"","ele-1:All FHIR elements must have a @value or children {hasValue() or (children().count() > id.count())}
","Act.text?"
"PackagedProductDefinition.contained","PackagedProductDefinition.contained","","inline resources
anonymous resourcescontained resources","",0,*,"","","","Resource {[]} {[]}
","Contained, inline Resources","These resources do not have an independent existence apart from the resource that contains them - they cannot be identified independently, and nor can they have their own independent transaction scope.","This should never be done when the content can be identified properly, as once identification is lost, it is extremely difficult (and context dependent) to restore it again. Contained resources may have profiles and tags In their meta elements, but SHALL NOT have security labels.","","","","","","","","",,,,,"",,,,"DomainResource.contained",0,*,"","dom-r4b:Containing new R4B resources within R4 resources may cause interoperability issues if instances are shared with R4 systems {($this is Citation or $this is Evidence or $this is EvidenceReport or $this is EvidenceVariable or $this is MedicinalProductDefinition or $this is PackagedProductDefinition or $this is AdministrableProductDefinition or $this is Ingredient or $this is ClinicalUseDefinition or $this is RegulatedAuthorization or $this is SubstanceDefinition or $this is SubscriptionStatus or $this is SubscriptionTopic) implies (%resource is Citation or %resource is Evidence or %resource is EvidenceReport or %resource is EvidenceVariable or %resource is MedicinalProductDefinition or %resource is PackagedProductDefinition or %resource is AdministrableProductDefinition or %resource is Ingredient or %resource is ClinicalUseDefinition or %resource is RegulatedAuthorization or %resource is SubstanceDefinition or %resource is SubscriptionStatus or %resource is SubscriptionTopic)}
","N/A"
"PackagedProductDefinition.extension","PackagedProductDefinition.extension","","extensions
user content","",0,*,"","","","Extension {[]} {[]}
","Additional content defined by implementations","May be used to represent additional information that is not part of the basic definition of the resource. To make the use of extensions safe and manageable, there is a strict set of governance  applied to the definition and use of extensions. Though any implementer can define an extension, there is a set of requirements that SHALL be met as part of the definition of the extension.","There can be no stigma associated with the use of extensions by any application, project, or standard - regardless of the institution or jurisdiction that uses or defines the extensions.  The use of extensions is what allows the FHIR specification to retain a core level of simplicity for everyone.","","","","","","","","",,,,,"",,,,"DomainResource.extension",0,*,"","ele-1:All FHIR elements must have a @value or children {hasValue() or (children().count() > id.count())}
ext-1:Must have either extensions or value[x], not both {extension.exists() != value.exists()}","N/A"
"PackagedProductDefinition.modifierExtension","PackagedProductDefinition.modifierExtension","","extensions
user content","",0,*,"","Y","","Extension {[]} {[]}
","Extensions that cannot be ignored","May be used to represent additional information that is not part of the basic definition of the resource and that modifies the understanding of the element that contains it and/or the understanding of the containing element's descendants. Usually modifier elements provide negation or qualification. To make the use of extensions safe and manageable, there is a strict set of governance applied to the definition and use of extensions. Though any implementer is allowed to define an extension, there is a set of requirements that SHALL be met as part of the definition of the extension. Applications processing a resource are required to check for modifier extensions.

Modifier extensions SHALL NOT change the meaning of any elements on Resource or DomainResource (including cannot change the meaning of modifierExtension itself).","There can be no stigma associated with the use of extensions by any application, project, or standard - regardless of the institution or jurisdiction that uses or defines the extensions.  The use of extensions is what allows the FHIR specification to retain a core level of simplicity for everyone.","Modifier extensions allow for extensions that *cannot* be safely ignored to be clearly distinguished from the vast majority of extensions which can be safely ignored.  This promotes interoperability by eliminating the need for implementers to prohibit the presence of extensions. For further information, see the [definition of modifier extensions](http://hl7.org/fhir/R4B/extensibility.html#modifierExtension).","","","","","","","",,,,,"",,,,"DomainResource.modifierExtension",0,*,"","ele-1:All FHIR elements must have a @value or children {hasValue() or (children().count() > id.count())}
ext-1:Must have either extensions or value[x], not both {extension.exists() != value.exists()}","N/A"
"PackagedProductDefinition.identifier","PackagedProductDefinition.identifier","","","",0,*,"","","Y","Identifier {[]} {[]}
","Identifier for the packaged product: PCID, national ID, or other","Identifier for the packaged product: PCID, national code or other.","","","","","","","","","",,,,,"","pattern:system}
","",,"open","PackagedProductDefinition.identifier",0,*,"","ele-1:All FHIR elements must have a @value or children {hasValue() or (children().count() > id.count())}
","Packaged Medicinal Product.PCID"
"PackagedProductDefinition.identifier:pcid","PackagedProductDefinition.identifier","pcid","","",0,1,"","","Y","Identifier {[]} {[]}
","PCID for the product. Consists of MPID + unique package code. For the same product PCID is different if the package material is different.","EMA IG 4.1","","","","","","","","","",,,,,"",,,,"PackagedProductDefinition.identifier",0,*,"","ele-1:All FHIR elements must have a @value or children {hasValue() or (children().count() > id.count())}
","Packaged Medicinal Product.PCID"
"PackagedProductDefinition.identifier:pcid.id","PackagedProductDefinition.identifier.id","","","",0,1,"","","","id {[]} {[]}
","Unique id for inter-element referencing","Unique id for the element within a resource (for internal references). This may be any string value that does not contain spaces.","","","","","","","","","",,,,,"",,,,"Element.id",0,1,"","","n/a"
"PackagedProductDefinition.identifier:pcid.extension","PackagedProductDefinition.identifier.extension","","extensions
user content","",0,*,"","","","Extension {[]} {[]}
","Additional content defined by implementations","May be used to represent additional information that is not part of the basic definition of the element. To make the use of extensions safe and manageable, there is a strict set of governance  applied to the definition and use of extensions. Though any implementer can define an extension, there is a set of requirements that SHALL be met as part of the definition of the extension.","There can be no stigma associated with the use of extensions by any application, project, or standard - regardless of the institution or jurisdiction that uses or defines the extensions.  The use of extensions is what allows the FHIR specification to retain a core level of simplicity for everyone.","","","","","","","","",,,,,"","value:url}
","Extensions are always sliced by (at least) url",,"open","Element.extension",0,*,"","ele-1:All FHIR elements must have a @value or children {hasValue() or (children().count() > id.count())}
ext-1:Must have either extensions or value[x], not both {extension.exists() != value.exists()}","n/a"
"PackagedProductDefinition.identifier:pcid.use","PackagedProductDefinition.identifier.use","","","",0,1,"","Y","Y","code {[]} {[]}
","usual | official | temp | secondary | old (If known)","The purpose of this identifier.","Applications can assume that an identifier is permanent unless it explicitly says that it is temporary.","Allows the appropriate identifier for a particular context of use to be selected from among a set of identifiers.","","","","","","","",,"required","","http://hl7.org/fhir/ValueSet/identifier-use|4.3.0","",,,,"Identifier.use",0,1,"","ele-1:All FHIR elements must have a @value or children {hasValue() or (children().count() > id.count())}
","Role.code or implied by context"
"PackagedProductDefinition.identifier:pcid.type","PackagedProductDefinition.identifier.type","","","",0,1,"","","Y","CodeableConcept {[]} {[]}
","Description of identifier","A coded type for the identifier that can be used to determine which identifier to use for a specific purpose.","This element deals only with general categories of identifiers.  It SHOULD not be used for codes that correspond 1..1 with the Identifier.system. Some identifiers may fall into multiple categories due to common usage.   Where the system is known, a type is unnecessary because the type is always part of the system definition. However systems often need to handle identifiers where the system is not known. There is not a 1:1 relationship between type and system, since many different systems have the same type.","Allows users to make use of identifiers when the identifier system is not known.","","","","","","","",,"extensible","","http://hl7.org/fhir/ValueSet/identifier-type","",,,,"Identifier.type",0,1,"","ele-1:All FHIR elements must have a @value or children {hasValue() or (children().count() > id.count())}
","Role.code or implied by context"
"PackagedProductDefinition.identifier:pcid.system","PackagedProductDefinition.identifier.system","","","",1,1,"","","Y","uri {[]} {[]}
","The namespace for the identifier value","Establishes the namespace for the value - that is, a URL that describes a set values that are unique.","Identifier.system is always case sensitive.","There are many sets  of identifiers.  To perform matching of two identifiers, we need to know what set we're dealing with. The system identifies a particular set of unique identifiers.","","","","<valueUri xmlns=""http://hl7.org/fhir"" value=""http://ema.europa.eu/example/pcid""/>","<valueUri xmlns=""http://hl7.org/fhir"" value=""http://www.acme.com/identifiers/patient""/>","","",,,,,"",,,,"Identifier.system",0,1,"","ele-1:All FHIR elements must have a @value or children {hasValue() or (children().count() > id.count())}
","II.root or Role.id.root"
"PackagedProductDefinition.identifier:pcid.value","PackagedProductDefinition.identifier.value","","","",0,1,"","","Y","string {[]} {[]}
","The value that is unique","The portion of the identifier typically relevant to the user and which is unique within the context of the system.","If the value is a full URI, then the system SHALL be urn:ietf:rfc:3986.  The value's primary purpose is computational mapping.  As a result, it may be normalized for comparison purposes (e.g. removing non-significant whitespace, dashes, etc.)  A value formatted for human display can be conveyed using the [Rendered Value extension](http://hl7.org/fhir/R4B/extension-rendered-value.html). Identifier.value is to be treated as case sensitive unless knowledge of the Identifier.system allows the processer to be confident that non-case-sensitive processing is safe.","","","","","","<valueString xmlns=""http://hl7.org/fhir"" value=""123456""/>","","",,,,,"",,,,"Identifier.value",0,1,"","ele-1:All FHIR elements must have a @value or children {hasValue() or (children().count() > id.count())}
","II.extension or II.root if system indicates OID or GUID (Or Role.id.extension or root)"
"PackagedProductDefinition.identifier:pcid.period","PackagedProductDefinition.identifier.period","","","",0,1,"","","Y","Period {[]} {[]}
","Time period when id is/was valid for use","Time period during which identifier is/was valid for use.","","","","","","","","","",,,,,"",,,,"Identifier.period",0,1,"","ele-1:All FHIR elements must have a @value or children {hasValue() or (children().count() > id.count())}
","Role.effectiveTime or implied by context"
"PackagedProductDefinition.identifier:pcid.assigner","PackagedProductDefinition.identifier.assigner","","","",0,1,"","","Y","Reference {[]} {[CanonicalType[http://hl7.org/fhir/StructureDefinition/Organization]]}
","Organization that issued id (may be just text)","Organization that issued/manages the identifier.","The Identifier.assigner may omit the .reference element and only contain a .display element reflecting the name or other textual information about the assigning organization.","","","","","","","","",,,,,"",,,,"Identifier.assigner",0,1,"","ele-1:All FHIR elements must have a @value or children {hasValue() or (children().count() > id.count())}
","II.assigningAuthorityName but note that this is an improper use by the definition of the field.  Also Role.scoper"
"PackagedProductDefinition.name","PackagedProductDefinition.name","","","",0,1,"","","Y","string {[]} {[]}
","A name for this package. Typically as listed in a drug formulary, catalogue, inventory etc","A name for this package. Typically what it would be listed as in a drug formulary or catalogue, inventory etc.","","","","","","","","","",,,,,"",,,,"PackagedProductDefinition.name",0,1,"","ele-1:All FHIR elements must have a @value or children {hasValue() or (children().count() > id.count())}
","n/a"
"PackagedProductDefinition.type","PackagedProductDefinition.type","","","",0,1,"","","Y","CodeableConcept {[]} {[]}
","A high level category e.g. medicinal product, raw material, shipping container etc","A high level category e.g. medicinal product, raw material, shipping/transport container, etc.","","","","","","","","","",,"example","A high level categorisation of a package.","http://hl7.org/fhir/ValueSet/package-type","",,,,"PackagedProductDefinition.type",0,1,"","ele-1:All FHIR elements must have a @value or children {hasValue() or (children().count() > id.count())}
","n/a"
"PackagedProductDefinition.packageFor","PackagedProductDefinition.packageFor","","","",0,*,"","","Y","Reference {[]} {[CanonicalType[http://unicom-project.eu/fhir/StructureDefinition/TransitionMedicinalProductDefinition]]}
","The product that this is a pack for","The product that this is a pack for.","","","","","","","","","",,,,,"",,,,"PackagedProductDefinition.packageFor",0,*,"","ele-1:All FHIR elements must have a @value or children {hasValue() or (children().count() > id.count())}
","(the link from Packaged Medicinal Product to Medicinal Product)"
"PackagedProductDefinition.status","PackagedProductDefinition.status","","","",0,1,"","Y","Y","CodeableConcept {[]} {[]}
","The status within the lifecycle of this item. High level - not intended to duplicate details elsewhere e.g. legal status, or authorization/marketing status","The status within the lifecycle of this item. A high level status, this is not intended to duplicate details carried elsewhere such as legal status, or authorization or marketing status.","","","","","","","","","",,"preferred","The lifecycle status of an artifact.","http://hl7.org/fhir/ValueSet/publication-status","",,,,"PackagedProductDefinition.status",0,1,"","ele-1:All FHIR elements must have a @value or children {hasValue() or (children().count() > id.count())}
","n/a"
"PackagedProductDefinition.statusDate","PackagedProductDefinition.statusDate","","","",0,1,"","","Y","dateTime {[]} {[]}
","The date at which the given status became applicable","The date at which the given status became applicable.","","","","","","","","","",,,,,"",,,,"PackagedProductDefinition.statusDate",0,1,"","ele-1:All FHIR elements must have a @value or children {hasValue() or (children().count() > id.count())}
","n/a"
"PackagedProductDefinition.containedItemQuantity","PackagedProductDefinition.containedItemQuantity","","","",0,*,"","","Y","Quantity {[]} {[]}
","Pack size. Repeated for combination packages.","EMA IG 4.4","","","","","","","","","",,,,,"",,,,"PackagedProductDefinition.containedItemQuantity",0,*,"","ele-1:All FHIR elements must have a @value or children {hasValue() or (children().count() > id.count())}
","n/a"
"PackagedProductDefinition.description","PackagedProductDefinition.description","","","",0,1,"","","Y","markdown {[]} {[]}
","Textual description. Note that this is not the name of the package or product","EMA IG 4.2","","","","","","","","","",,,,,"",,,,"PackagedProductDefinition.description",0,1,"","ele-1:All FHIR elements must have a @value or children {hasValue() or (children().count() > id.count())}
","Packaged Medicinal Product.description"
"PackagedProductDefinition.legalStatusOfSupply","PackagedProductDefinition.legalStatusOfSupply","","","",0,1,"","","Y","BackboneElement {[]} {[]}
","Legal status of supply on the packaged product level.","EMA IG 4.5. Legal status of supply on the packaged product level. The same information can be repeated/differentiated on the medicinal product level","","","","","","","","","",,,,,"",,,,"PackagedProductDefinition.legalStatusOfSupply",0,*,"","ele-1:All FHIR elements must have a @value or children unless an empty Parameters resource {hasValue() or (children().count() > id.count()) or $this is Parameters}
","Marketing Authorisation.Legal Status of Supply (for a package)"
"PackagedProductDefinition.legalStatusOfSupply.id","PackagedProductDefinition.legalStatusOfSupply.id","","","",0,1,"","","","string {[]} {[]}
","Unique id for inter-element referencing","Unique id for the element within a resource (for internal references). This may be any string value that does not contain spaces.","","","","","","","","","",,,,,"",,,,"Element.id",0,1,"","","n/a"
"PackagedProductDefinition.legalStatusOfSupply.extension","PackagedProductDefinition.legalStatusOfSupply.extension","","extensions
user content","",0,*,"","","","Extension {[]} {[]}
","Additional content defined by implementations","May be used to represent additional information that is not part of the basic definition of the element. To make the use of extensions safe and manageable, there is a strict set of governance  applied to the definition and use of extensions. Though any implementer can define an extension, there is a set of requirements that SHALL be met as part of the definition of the extension.","There can be no stigma associated with the use of extensions by any application, project, or standard - regardless of the institution or jurisdiction that uses or defines the extensions.  The use of extensions is what allows the FHIR specification to retain a core level of simplicity for everyone.","","","","","","","","",,,,,"",,,,"Element.extension",0,*,"","ele-1:All FHIR elements must have a @value or children {hasValue() or (children().count() > id.count())}
ext-1:Must have either extensions or value[x], not both {extension.exists() != value.exists()}","n/a"
"PackagedProductDefinition.legalStatusOfSupply.modifierExtension","PackagedProductDefinition.legalStatusOfSupply.modifierExtension","","extensions
user contentmodifiers","",0,*,"","Y","Y","Extension {[]} {[]}
","Extensions that cannot be ignored even if unrecognized","May be used to represent additional information that is not part of the basic definition of the element and that modifies the understanding of the element in which it is contained and/or the understanding of the containing element's descendants. Usually modifier elements provide negation or qualification. To make the use of extensions safe and manageable, there is a strict set of governance applied to the definition and use of extensions. Though any implementer can define an extension, there is a set of requirements that SHALL be met as part of the definition of the extension. Applications processing a resource are required to check for modifier extensions.

Modifier extensions SHALL NOT change the meaning of any elements on Resource or DomainResource (including cannot change the meaning of modifierExtension itself).","There can be no stigma associated with the use of extensions by any application, project, or standard - regardless of the institution or jurisdiction that uses or defines the extensions.  The use of extensions is what allows the FHIR specification to retain a core level of simplicity for everyone.","Modifier extensions allow for extensions that *cannot* be safely ignored to be clearly distinguished from the vast majority of extensions which can be safely ignored.  This promotes interoperability by eliminating the need for implementers to prohibit the presence of extensions. For further information, see the [definition of modifier extensions](http://hl7.org/fhir/R4B/extensibility.html#modifierExtension).","","","","","","","",,,,,"",,,,"BackboneElement.modifierExtension",0,*,"","ele-1:All FHIR elements must have a @value or children {hasValue() or (children().count() > id.count())}
ext-1:Must have either extensions or value[x], not both {extension.exists() != value.exists()}","N/A"
"PackagedProductDefinition.legalStatusOfSupply.code","PackagedProductDefinition.legalStatusOfSupply.code","","","",0,1,"","","Y","CodeableConcept {[]} {[]}
","The actual status of supply. In what situation this package type may be supplied for use","The actual status of supply. Conveys in what situation this package type may be supplied for use.","","","","","","","","","",,"example","The prescription supply types appropriate to a medicinal product","http://hl7.org/fhir/ValueSet/legal-status-of-supply","",,,,"PackagedProductDefinition.legalStatusOfSupply.code",0,1,"","ele-1:All FHIR elements must have a @value or children {hasValue() or (children().count() > id.count())}
","Marketing Authorisation.Legal Status of Supply (for a package)"
"PackagedProductDefinition.legalStatusOfSupply.jurisdiction","PackagedProductDefinition.legalStatusOfSupply.jurisdiction","","","",0,1,"","","Y","CodeableConcept {[]} {[]}
","The place where the legal status of supply applies","The place where the legal status of supply applies. When not specified, this indicates it is unknown in this context.","","","","","","","","","",,"example","Jurisdiction codes","http://hl7.org/fhir/ValueSet/jurisdiction","",,,,"PackagedProductDefinition.legalStatusOfSupply.jurisdiction",0,1,"","ele-1:All FHIR elements must have a @value or children {hasValue() or (children().count() > id.count())}
","n/a"
"PackagedProductDefinition.marketingStatus","PackagedProductDefinition.marketingStatus","","","",0,*,"","","Y","MarketingStatus {[]} {[]}
","Allows specifying that an item is on the market for sale, or that it is not available, and the dates and locations associated","EMA IG 4.6","","","","","","","","","",,,,,"",,,,"PackagedProductDefinition.marketingStatus",0,*,"","ele-1:All FHIR elements must have a @value or children {hasValue() or (children().count() > id.count())}
","Packaged Medicinal Product.Marketing Status"
"PackagedProductDefinition.characteristic","PackagedProductDefinition.characteristic","","","",0,*,"","","Y","CodeableConcept {[]} {[]}
","Allows the key features to be recorded, such as ""hospital pack"", ""nurse prescribable""","Allows the key features to be recorded, such as ""hospital pack"", ""nurse prescribable"", ""calendar pack"".","","","","","","","","","",,"example","A characteristic of a package.","http://hl7.org/fhir/ValueSet/package-characteristic","",,,,"PackagedProductDefinition.characteristic",0,*,"","ele-1:All FHIR elements must have a @value or children {hasValue() or (children().count() > id.count())}
","n/a"
"PackagedProductDefinition.copackagedIndicator","PackagedProductDefinition.copackagedIndicator","","","",0,1,"","","Y","boolean {[]} {[]}
","If the drug product is supplied with another item such as a diluent or adjuvant","States whether a drug product is supplied with another item such as a diluent or adjuvant.","","","","If this value is not present, there is no statement being made about whether this is co-packaged or not. No inference can be made","","","","","",,,,,"",,,,"PackagedProductDefinition.copackagedIndicator",0,1,"","ele-1:All FHIR elements must have a @value or children {hasValue() or (children().count() > id.count())}
","n/a"
"PackagedProductDefinition.manufacturer","PackagedProductDefinition.manufacturer","","","",0,*,"","","Y","Reference {[]} {[CanonicalType[http://hl7.org/fhir/StructureDefinition/Organization]]}
","Manufacturer of this package type (multiple means these are all possible manufacturers)","Manufacturer of this package type. When there are multiple it means these are all possible manufacturers.","","","","","","","","","",,,,,"",,,,"PackagedProductDefinition.manufacturer",0,*,"","ele-1:All FHIR elements must have a @value or children {hasValue() or (children().count() > id.count())}
","Packaged Medicinal Product.Manufacturer / Establishment (Organisation)"
"PackagedProductDefinition.package","PackagedProductDefinition.package","","","",0,1,"","","Y","BackboneElement {[]} {[]}
","A packaging item, as a container for medically related items, possibly with other packaging items within, or a packaging component, such as bottle cap","A packaging item, as a container for medically related items, possibly with other packaging items within, or a packaging component, such as bottle cap (which is not a device or a medication manufactured item).","","","","","","","","","",,,,,"",,,,"PackagedProductDefinition.package",0,1,"","ele-1:All FHIR elements must have a @value or children unless an empty Parameters resource {hasValue() or (children().count() > id.count()) or $this is Parameters}
","Packaged Medicinal Product.Package Item (Container), Package Item (Container).Package (Component)"
"PackagedProductDefinition.package.id","PackagedProductDefinition.package.id","","","",0,1,"","","","string {[]} {[]}
","Unique id for inter-element referencing","Unique id for the element within a resource (for internal references). This may be any string value that does not contain spaces.","","","","","","","","","",,,,,"",,,,"Element.id",0,1,"","","n/a"
"PackagedProductDefinition.package.extension","PackagedProductDefinition.package.extension","","extensions
user content","",0,*,"","","","Extension {[]} {[]}
","Additional content defined by implementations","May be used to represent additional information that is not part of the basic definition of the element. To make the use of extensions safe and manageable, there is a strict set of governance  applied to the definition and use of extensions. Though any implementer can define an extension, there is a set of requirements that SHALL be met as part of the definition of the extension.","There can be no stigma associated with the use of extensions by any application, project, or standard - regardless of the institution or jurisdiction that uses or defines the extensions.  The use of extensions is what allows the FHIR specification to retain a core level of simplicity for everyone.","","","","","","","","",,,,,"",,,,"Element.extension",0,*,"","ele-1:All FHIR elements must have a @value or children {hasValue() or (children().count() > id.count())}
ext-1:Must have either extensions or value[x], not both {extension.exists() != value.exists()}","n/a"
"PackagedProductDefinition.package.modifierExtension","PackagedProductDefinition.package.modifierExtension","","extensions
user contentmodifiers","",0,*,"","Y","Y","Extension {[]} {[]}
","Extensions that cannot be ignored even if unrecognized","May be used to represent additional information that is not part of the basic definition of the element and that modifies the understanding of the element in which it is contained and/or the understanding of the containing element's descendants. Usually modifier elements provide negation or qualification. To make the use of extensions safe and manageable, there is a strict set of governance applied to the definition and use of extensions. Though any implementer can define an extension, there is a set of requirements that SHALL be met as part of the definition of the extension. Applications processing a resource are required to check for modifier extensions.

Modifier extensions SHALL NOT change the meaning of any elements on Resource or DomainResource (including cannot change the meaning of modifierExtension itself).","There can be no stigma associated with the use of extensions by any application, project, or standard - regardless of the institution or jurisdiction that uses or defines the extensions.  The use of extensions is what allows the FHIR specification to retain a core level of simplicity for everyone.","Modifier extensions allow for extensions that *cannot* be safely ignored to be clearly distinguished from the vast majority of extensions which can be safely ignored.  This promotes interoperability by eliminating the need for implementers to prohibit the presence of extensions. For further information, see the [definition of modifier extensions](http://hl7.org/fhir/R4B/extensibility.html#modifierExtension).","","","","","","","",,,,,"",,,,"BackboneElement.modifierExtension",0,*,"","ele-1:All FHIR elements must have a @value or children {hasValue() or (children().count() > id.count())}
ext-1:Must have either extensions or value[x], not both {extension.exists() != value.exists()}","N/A"
"PackagedProductDefinition.package.identifier","PackagedProductDefinition.package.identifier","","","",0,*,"","","Y","Identifier {[]} {[]}
","An identifier that is specific to this particular part of the packaging. Including possibly a Data Carrier Identifier","An identifier that is specific to this particular part of the packaging. Including possibly Data Carrier Identifier (a GS1 barcode).","","","","","","","","","",,,,,"",,,,"PackagedProductDefinition.package.identifier",0,*,"","ele-1:All FHIR elements must have a @value or children {hasValue() or (children().count() > id.count())}
","Package Item (Container).Data Carrier Identifier"
"PackagedProductDefinition.package.type","PackagedProductDefinition.package.type","","","",0,1,"","","Y","CodeableConcept {[]} {[]}
","Container type","EMA IG 4.8.1","","","","","","","","","",,"example","A high level categorisation of a package.","http://hl7.org/fhir/ValueSet/packaging-type","",,,,"PackagedProductDefinition.package.type",0,1,"","ele-1:All FHIR elements must have a @value or children {hasValue() or (children().count() > id.count())}
","Package Item (Container).Package Item (Container) Type"
"PackagedProductDefinition.package.quantity","PackagedProductDefinition.package.quantity","","","",0,1,"","","Y","integer {[]} {[]}
","The quantity of this level of packaging in the package that contains it (with the outermost level being 1)","EMA IG 4.8.5","","","","","","","","","",,,,,"",,,,"PackagedProductDefinition.package.quantity",0,1,"","ele-1:All FHIR elements must have a @value or children {hasValue() or (children().count() > id.count())}
","Package Item (Container).Package Item (Container) Quantity"
"PackagedProductDefinition.package.material","PackagedProductDefinition.package.material","","","",0,*,"","","Y","CodeableConcept {[]} {[]}
","Material type of the package item","EMA IG 4.8.7","","","","","","","","","",,"example","A material used in the construction of packages and their components.","http://hl7.org/fhir/ValueSet/package-material","",,,,"PackagedProductDefinition.package.material",0,*,"","ele-1:All FHIR elements must have a @value or children {hasValue() or (children().count() > id.count())}
","Package Item (Container).Material"
"PackagedProductDefinition.package.alternateMaterial","PackagedProductDefinition.package.alternateMaterial","","","",0,*,"","","Y","CodeableConcept {[]} {[]}
","A possible alternate material for this part of the packaging, that is allowed to be used instead of the usual material","A possible alternate material for this part of the packaging, that is allowed to be used instead of the usual material (e.g. different types of plastic for a blister sleeve).","","","","","","","","","",,"example","A material used in the construction of packages and their components.","http://hl7.org/fhir/ValueSet/package-material","",,,,"PackagedProductDefinition.package.alternateMaterial",0,*,"","ele-1:All FHIR elements must have a @value or children {hasValue() or (children().count() > id.count())}
","Package Item (Container).Alternate Material"
"PackagedProductDefinition.package.shelfLifeStorage","PackagedProductDefinition.package.shelfLifeStorage","","","",0,*,"","","Y","BackboneElement {[]} {[]}
","Shelf Life and storage information","Shelf Life and storage information.","","","","","","","","","",,,,,"",,,,"PackagedProductDefinition.package.shelfLifeStorage",0,*,"","ele-1:All FHIR elements must have a @value or children unless an empty Parameters resource {hasValue() or (children().count() > id.count()) or $this is Parameters}
","Package Item (Container).Shelf Life / Storage"
"PackagedProductDefinition.package.shelfLifeStorage.id","PackagedProductDefinition.package.shelfLifeStorage.id","","","",0,1,"","","","string {[]} {[]}
","Unique id for inter-element referencing","Unique id for the element within a resource (for internal references). This may be any string value that does not contain spaces.","","","","","","","","","",,,,,"",,,,"Element.id",0,1,"","","n/a"
"PackagedProductDefinition.package.shelfLifeStorage.extension","PackagedProductDefinition.package.shelfLifeStorage.extension","","extensions
user content","",0,*,"","","","Extension {[]} {[]}
","Additional content defined by implementations","May be used to represent additional information that is not part of the basic definition of the element. To make the use of extensions safe and manageable, there is a strict set of governance  applied to the definition and use of extensions. Though any implementer can define an extension, there is a set of requirements that SHALL be met as part of the definition of the extension.","There can be no stigma associated with the use of extensions by any application, project, or standard - regardless of the institution or jurisdiction that uses or defines the extensions.  The use of extensions is what allows the FHIR specification to retain a core level of simplicity for everyone.","","","","","","","","",,,,,"",,,,"Element.extension",0,*,"","ele-1:All FHIR elements must have a @value or children {hasValue() or (children().count() > id.count())}
ext-1:Must have either extensions or value[x], not both {extension.exists() != value.exists()}","n/a"
"PackagedProductDefinition.package.shelfLifeStorage.modifierExtension","PackagedProductDefinition.package.shelfLifeStorage.modifierExtension","","extensions
user contentmodifiers","",0,*,"","Y","Y","Extension {[]} {[]}
","Extensions that cannot be ignored even if unrecognized","May be used to represent additional information that is not part of the basic definition of the element and that modifies the understanding of the element in which it is contained and/or the understanding of the containing element's descendants. Usually modifier elements provide negation or qualification. To make the use of extensions safe and manageable, there is a strict set of governance applied to the definition and use of extensions. Though any implementer can define an extension, there is a set of requirements that SHALL be met as part of the definition of the extension. Applications processing a resource are required to check for modifier extensions.

Modifier extensions SHALL NOT change the meaning of any elements on Resource or DomainResource (including cannot change the meaning of modifierExtension itself).","There can be no stigma associated with the use of extensions by any application, project, or standard - regardless of the institution or jurisdiction that uses or defines the extensions.  The use of extensions is what allows the FHIR specification to retain a core level of simplicity for everyone.","Modifier extensions allow for extensions that *cannot* be safely ignored to be clearly distinguished from the vast majority of extensions which can be safely ignored.  This promotes interoperability by eliminating the need for implementers to prohibit the presence of extensions. For further information, see the [definition of modifier extensions](http://hl7.org/fhir/R4B/extensibility.html#modifierExtension).","","","","","","","",,,,,"",,,,"BackboneElement.modifierExtension",0,*,"","ele-1:All FHIR elements must have a @value or children {hasValue() or (children().count() > id.count())}
ext-1:Must have either extensions or value[x], not both {extension.exists() != value.exists()}","N/A"
"PackagedProductDefinition.package.shelfLifeStorage.type","PackagedProductDefinition.package.shelfLifeStorage.type","","","",0,1,"","","Y","CodeableConcept {[]} {[]}
","This describes the shelf life, taking into account various scenarios such as shelf life of the packaged Medicinal Product itself, shelf life after transformation where necessary and shelf life after the first opening of a bottle, etc. The shelf life type shall be specified using an appropriate controlled vocabulary The controlled term and the controlled term identifier shall be specified","This describes the shelf life, taking into account various scenarios such as shelf life of the packaged Medicinal Product itself, shelf life after transformation where necessary and shelf life after the first opening of a bottle, etc. The shelf life type shall be specified using an appropriate controlled vocabulary The controlled term and the controlled term identifier shall be specified.","","","","","","","","","",,,,,"",,,,"PackagedProductDefinition.package.shelfLifeStorage.type",0,1,"","ele-1:All FHIR elements must have a @value or children {hasValue() or (children().count() > id.count())}
"
"PackagedProductDefinition.package.shelfLifeStorage.period[x]","PackagedProductDefinition.package.shelfLifeStorage.period[x]","","","",0,1,"","","Y","Duration {[]} {[]}
string {[]} {[]}","The shelf life time period can be specified using a numerical value for the period of time and its unit of time measurement The unit of measurement shall be specified in accordance with ISO 11240 and the resulting terminology The symbol and the symbol identifier shall be used","The shelf life time period can be specified using a numerical value for the period of time and its unit of time measurement The unit of measurement shall be specified in accordance with ISO 11240 and the resulting terminology The symbol and the symbol identifier shall be used.","","","","","","","","","",,,,,"",,,,"PackagedProductDefinition.package.shelfLifeStorage.period[x]",0,1,"","ele-1:All FHIR elements must have a @value or children {hasValue() or (children().count() > id.count())}
"
"PackagedProductDefinition.package.shelfLifeStorage.specialPrecautionsForStorage","PackagedProductDefinition.package.shelfLifeStorage.specialPrecautionsForStorage","","","",0,*,"","","Y","CodeableConcept {[]} {[]}
","Special precautions for storage, if any, can be specified using an appropriate controlled vocabulary. The controlled term and the controlled term identifier shall be specified","Special precautions for storage, if any, can be specified using an appropriate controlled vocabulary. The controlled term and the controlled term identifier shall be specified.","","","","","","","","","",,,,,"",,,,"PackagedProductDefinition.package.shelfLifeStorage.specialPrecautionsForStorage",0,*,"","ele-1:All FHIR elements must have a @value or children {hasValue() or (children().count() > id.count())}
"
"PackagedProductDefinition.package.manufacturer","PackagedProductDefinition.package.manufacturer","","","",0,*,"","","Y","Reference {[]} {[CanonicalType[http://hl7.org/fhir/StructureDefinition/Organization]]}
","Manufacturer of this package Item (multiple means these are all possible manufacturers)","Manufacturer of this package Item. When there are multiple it means these are all possible manufacturers.","","","","","","","","","",,,,,"",,,,"PackagedProductDefinition.package.manufacturer",0,*,"","ele-1:All FHIR elements must have a @value or children {hasValue() or (children().count() > id.count())}
","Package Item (Container).Manufacturer / Establishment (Organisation)"
"PackagedProductDefinition.package.property","PackagedProductDefinition.package.property","","","",0,0,"","","Y","BackboneElement {[]} {[]}
","General characteristics of this item","General characteristics of this item.","","","","","","","","","",,,,,"",,,,"PackagedProductDefinition.package.property",0,*,"","ele-1:All FHIR elements must have a @value or children unless an empty Parameters resource {hasValue() or (children().count() > id.count()) or $this is Parameters}
","Package Item (Container).Physical Characteristics"
"PackagedProductDefinition.package.property.id","PackagedProductDefinition.package.property.id","","","",0,1,"","","","string {[]} {[]}
","Unique id for inter-element referencing","Unique id for the element within a resource (for internal references). This may be any string value that does not contain spaces.","","","","","","","","","",,,,,"",,,,"Element.id",0,1,"","","n/a"
"PackagedProductDefinition.package.property.extension","PackagedProductDefinition.package.property.extension","","extensions
user content","",0,*,"","","","Extension {[]} {[]}
","Additional content defined by implementations","May be used to represent additional information that is not part of the basic definition of the element. To make the use of extensions safe and manageable, there is a strict set of governance  applied to the definition and use of extensions. Though any implementer can define an extension, there is a set of requirements that SHALL be met as part of the definition of the extension.","There can be no stigma associated with the use of extensions by any application, project, or standard - regardless of the institution or jurisdiction that uses or defines the extensions.  The use of extensions is what allows the FHIR specification to retain a core level of simplicity for everyone.","","","","","","","","",,,,,"",,,,"Element.extension",0,*,"","ele-1:All FHIR elements must have a @value or children {hasValue() or (children().count() > id.count())}
ext-1:Must have either extensions or value[x], not both {extension.exists() != value.exists()}","n/a"
"PackagedProductDefinition.package.property.modifierExtension","PackagedProductDefinition.package.property.modifierExtension","","extensions
user contentmodifiers","",0,*,"","Y","Y","Extension {[]} {[]}
","Extensions that cannot be ignored even if unrecognized","May be used to represent additional information that is not part of the basic definition of the element and that modifies the understanding of the element in which it is contained and/or the understanding of the containing element's descendants. Usually modifier elements provide negation or qualification. To make the use of extensions safe and manageable, there is a strict set of governance applied to the definition and use of extensions. Though any implementer can define an extension, there is a set of requirements that SHALL be met as part of the definition of the extension. Applications processing a resource are required to check for modifier extensions.

Modifier extensions SHALL NOT change the meaning of any elements on Resource or DomainResource (including cannot change the meaning of modifierExtension itself).","There can be no stigma associated with the use of extensions by any application, project, or standard - regardless of the institution or jurisdiction that uses or defines the extensions.  The use of extensions is what allows the FHIR specification to retain a core level of simplicity for everyone.","Modifier extensions allow for extensions that *cannot* be safely ignored to be clearly distinguished from the vast majority of extensions which can be safely ignored.  This promotes interoperability by eliminating the need for implementers to prohibit the presence of extensions. For further information, see the [definition of modifier extensions](http://hl7.org/fhir/R4B/extensibility.html#modifierExtension).","","","","","","","",,,,,"",,,,"BackboneElement.modifierExtension",0,*,"","ele-1:All FHIR elements must have a @value or children {hasValue() or (children().count() > id.count())}
ext-1:Must have either extensions or value[x], not both {extension.exists() != value.exists()}","N/A"
"PackagedProductDefinition.package.property.type","PackagedProductDefinition.package.property.type","","","",1,1,"","","Y","CodeableConcept {[]} {[]}
","A code expressing the type of characteristic","A code expressing the type of characteristic.","","","","","","","","","",,"example","","http://unicom-project.eu/fhir/ValueSet/no-vs","",,,,"PackagedProductDefinition.package.property.type",1,1,"","ele-1:All FHIR elements must have a @value or children {hasValue() or (children().count() > id.count())}
","Physical Characteristics, all attributes"
"PackagedProductDefinition.package.property.value[x]","PackagedProductDefinition.package.property.value[x]","","","",0,1,"","","Y","CodeableConcept {[]} {[]}
Quantity {[]} {[]}date {[]} {[]}boolean {[]} {[]}Attachment {[]} {[]}","A value for the characteristic","A value for the characteristic.","","","","","","","","","",,,,,"",,,,"PackagedProductDefinition.package.property.value[x]",0,1,"","ele-1:All FHIR elements must have a @value or children {hasValue() or (children().count() > id.count())}
","Physical Characteristics, attribute's value"
"PackagedProductDefinition.package.containedItem","PackagedProductDefinition.package.containedItem","","","",0,*,"","","Y","BackboneElement {[]} {[]}
","An item (inner package or manufactured item) within the packaging","EMA IG 4.9 or 4.8.3","","","","","","","","","",,,,,"",,,,"PackagedProductDefinition.package.containedItem",0,*,"","ele-1:All FHIR elements must have a @value or children unless an empty Parameters resource {hasValue() or (children().count() > id.count()) or $this is Parameters}
","Package Item (Container).Manufactured Item, Package Item (Container).Device"
"PackagedProductDefinition.package.containedItem.id","PackagedProductDefinition.package.containedItem.id","","","",0,1,"","","","string {[]} {[]}
","Unique id for inter-element referencing","Unique id for the element within a resource (for internal references). This may be any string value that does not contain spaces.","","","","","","","","","",,,,,"",,,,"Element.id",0,1,"","","n/a"
"PackagedProductDefinition.package.containedItem.extension","PackagedProductDefinition.package.containedItem.extension","","extensions
user content","",0,*,"","","","Extension {[]} {[]}
","Additional content defined by implementations","May be used to represent additional information that is not part of the basic definition of the element. To make the use of extensions safe and manageable, there is a strict set of governance  applied to the definition and use of extensions. Though any implementer can define an extension, there is a set of requirements that SHALL be met as part of the definition of the extension.","There can be no stigma associated with the use of extensions by any application, project, or standard - regardless of the institution or jurisdiction that uses or defines the extensions.  The use of extensions is what allows the FHIR specification to retain a core level of simplicity for everyone.","","","","","","","","",,,,,"",,,,"Element.extension",0,*,"","ele-1:All FHIR elements must have a @value or children {hasValue() or (children().count() > id.count())}
ext-1:Must have either extensions or value[x], not both {extension.exists() != value.exists()}","n/a"
"PackagedProductDefinition.package.containedItem.modifierExtension","PackagedProductDefinition.package.containedItem.modifierExtension","","extensions
user contentmodifiers","",0,*,"","Y","Y","Extension {[]} {[]}
","Extensions that cannot be ignored even if unrecognized","May be used to represent additional information that is not part of the basic definition of the element and that modifies the understanding of the element in which it is contained and/or the understanding of the containing element's descendants. Usually modifier elements provide negation or qualification. To make the use of extensions safe and manageable, there is a strict set of governance applied to the definition and use of extensions. Though any implementer can define an extension, there is a set of requirements that SHALL be met as part of the definition of the extension. Applications processing a resource are required to check for modifier extensions.

Modifier extensions SHALL NOT change the meaning of any elements on Resource or DomainResource (including cannot change the meaning of modifierExtension itself).","There can be no stigma associated with the use of extensions by any application, project, or standard - regardless of the institution or jurisdiction that uses or defines the extensions.  The use of extensions is what allows the FHIR specification to retain a core level of simplicity for everyone.","Modifier extensions allow for extensions that *cannot* be safely ignored to be clearly distinguished from the vast majority of extensions which can be safely ignored.  This promotes interoperability by eliminating the need for implementers to prohibit the presence of extensions. For further information, see the [definition of modifier extensions](http://hl7.org/fhir/R4B/extensibility.html#modifierExtension).","","","","","","","",,,,,"",,,,"BackboneElement.modifierExtension",0,*,"","ele-1:All FHIR elements must have a @value or children {hasValue() or (children().count() > id.count())}
ext-1:Must have either extensions or value[x], not both {extension.exists() != value.exists()}","N/A"
"PackagedProductDefinition.package.containedItem.item","PackagedProductDefinition.package.containedItem.item","","","",1,1,"","","Y","CodeableReference {[]} {[CanonicalType[http://unicom-project.eu/fhir/StructureDefinition/TransitionPackagedProductDefinition], CanonicalType[http://unicom-project.eu/fhir/StructureDefinition/TransitionManufacturedItemDefinition]]}
","The actual item(s) of medication, as manufactured, or a device, or other medically related item (food, biologicals, raw materials, medical fluids, gases etc.), as contained in the package","The actual item(s) of medication, as manufactured, or a device (typically, but not necessarily, a co-packaged one), or other medically related item (such as food, biologicals, raw materials, medical fluids, gases etc.), as contained in the package. This also allows another whole packaged product to be included, which is solely for the case where a package of other entire packages is wanted - such as a wholesale or distribution pack (for layers within one package, use PackagedProductDefinition.package.package).","","","","","","","","","",,,,,"",,,,"PackagedProductDefinition.package.containedItem.item",1,1,"","ele-1:All FHIR elements must have a @value or children {hasValue() or (children().count() > id.count())}
","(the link to) Package Item (Container).Manufactured Item, Package Item (Container).Device"
"PackagedProductDefinition.package.containedItem.amount","PackagedProductDefinition.package.containedItem.amount","","","",0,1,"","","Y","Quantity {[]} {[]}
","Number of the manufactured items (e.g. tablets) in this package layer or the amount of manufactured item (e.g. 20 g) in the unit of presentation defined in manufactured item definition","EMA IG 4.11.2","","","","","","","","","",,,,,"",,,,"PackagedProductDefinition.package.containedItem.amount",0,1,"","ele-1:All FHIR elements must have a @value or children {hasValue() or (children().count() > id.count())}
","Manufactured Item.Manufactured Item Quantity"
"PackagedProductDefinition.package.package","PackagedProductDefinition.package.package","","","",0,*,"","","Y","null {[]} {[]}
","Allows containers (and parts of containers) within containers, still a single packaged product","Allows containers (and parts of containers) parwithin containers, still a single packaged product.  See also PackagedProductDefinition.package.containedItem.item(PackagedProductDefinition).","","","","","","","","","",,,,,"",,,,"PackagedProductDefinition.package.package",0,*,"","ele-1:All FHIR elements must have a @value or children {hasValue() or (children().count() > id.count())}
","(link from Package Item (Container) to itself)"
