<?xml version="1.0" encoding="UTF-8"?>

<ValueSet xmlns="http://hl7.org/fhir">
  <id value="packaging-category"/>
  <text>
    <status value="generated"/><div xmlns="http://www.w3.org/1999/xhtml"><ul><li>Include these codes as defined in <code>https://standardterms.edqm.eu</code><table class="none"><tr><td style="white-space:nowrap"><b>Code</b></td><td><b>Display</b></td></tr><tr><td>0001</td><td>Container</td></tr><tr><td>0002</td><td>Closure</td></tr><tr><td>0003</td><td>Administration device</td></tr></table></li></ul></div>
  </text>
  <url value="http://unicom-project.eu/fhir/ValueSet/packaging-category"/>
  <version value="0.1.0"/>
  <name value="PackagingCategory"/>
  <title value="Packaging category"/>
  <status value="active"/>
  <experimental value="false"/>
  <date value="2023-02-03T15:45:39+00:00"/>
  <publisher value="UNICOM"/>
  <contact>
    <name value="UNICOM"/>
    <telecom>
      <system value="url"/>
      <value value="http://unicom-project.eu"/>
    </telecom>
  </contact>
  <description value="ValueSet Packaging category from EDQM, PAC, see https://standardterms.edqm.eu/#"/>
  <immutable value="false"/>
  <compose>
    <include>
      <system value="https://standardterms.edqm.eu"/>
      <concept>
        <code value="0001"/>
        <display value="Container"/>
      </concept>
      <concept>
        <code value="0002"/>
        <display value="Closure"/>
      </concept>
      <concept>
        <code value="0003"/>
        <display value="Administration device"/>
      </concept>
    </include>
  </compose>
</ValueSet>