{"resourceType":"ValueSet","id":"legal-status-for-the-supply-vs","text":{"status":"generated","div":"<div xmlns=\"http://www.w3.org/1999/xhtml\"><p class=\"res-header-id\"><b>Generated Narrative: ValueSet legal-status-for-the-supply-vs</b></p><a name=\"legal-status-for-the-supply-vs\"> </a><a name=\"hclegal-status-for-the-supply-vs\"> </a><a name=\"hclegal-status-for-the-supply-vs-en-US\"> </a><ul><li>Include all codes defined in <a href=\"CodeSystem-legal-status-for-the-supply-ema-cs.html\"><code>https://spor.ema.europa.eu/v1/lists/100000072051</code></a></li></ul></div>"},"url":"http://unicom-project.eu/fhir/ValueSet/legal-status-for-the-supply-vs","version":"0.1.0","name":"LegalStatusForTheSupply","title":"EMA SPOR Legal Status for the Supply","status":"draft","experimental":false,"date":"2024-07-10T21:48:54+00:00","publisher":"UNICOM","contact":[{"name":"UNICOM","telecom":[{"system":"url","value":"http://unicom-project.eu"}]}],"description":"EMA SPOR RMS list","compose":{"include":[{"system":"https://spor.ema.europa.eu/v1/lists/100000072051"}]}}