{"resourceType":"ValueSet","id":"unit-of-measurement-vs","text":{"status":"generated","div":"<div xmlns=\"http://www.w3.org/1999/xhtml\"><p class=\"res-header-id\"><b>Generated Narrative: ValueSet unit-of-measurement-vs</b></p><a name=\"unit-of-measurement-vs\"> </a><a name=\"hcunit-of-measurement-vs\"> </a><a name=\"hcunit-of-measurement-vs-en-US\"> </a><ul><li>Include all codes defined in <a href=\"CodeSystem-unit-of-measurement-ema-cs.html\"><code>https://spor.ema.europa.eu/v1/lists/100000110633</code></a></li></ul></div>"},"url":"http://unicom-project.eu/fhir/ValueSet/unit-of-measurement-vs","version":"0.1.0","name":"UnitOfMeasurement","title":"EMA SPOR Unit of Measurement","status":"draft","experimental":false,"date":"2024-07-10T21:48:54+00:00","publisher":"UNICOM","contact":[{"name":"UNICOM","telecom":[{"system":"url","value":"http://unicom-project.eu"}]}],"description":"Units of measurement. EMA SPOR RMS list based on UCUM.","compose":{"include":[{"system":"https://spor.ema.europa.eu/v1/lists/100000110633"}]}}