{"resourceType":"ValueSet","id":"packaging-spor-vs","text":{"status":"generated","div":"<div xmlns=\"http://www.w3.org/1999/xhtml\"><p class=\"res-header-id\"><b>Generated Narrative: ValueSet packaging-spor-vs</b></p><a name=\"packaging-spor-vs\"> </a><a name=\"hcpackaging-spor-vs\"> </a><a name=\"hcpackaging-spor-vs-en-US\"> </a><ul><li>Include all codes defined in <a href=\"CodeSystem-packaging-ema-cs.html\"><code>https://spor.ema.europa.eu/v1/lists/100000073346</code></a></li></ul></div>"},"url":"http://unicom-project.eu/fhir/ValueSet/packaging-spor-vs","version":"0.1.0","name":"SporPackaging","title":"EMA SPOR Packaging","status":"draft","experimental":false,"date":"2024-07-10T21:48:54+00:00","publisher":"UNICOM","contact":[{"name":"UNICOM","telecom":[{"system":"url","value":"http://unicom-project.eu"}]}],"description":"Packaging","compose":{"include":[{"system":"https://spor.ema.europa.eu/v1/lists/100000073346"}]}}