<?xml version="1.0" encoding="UTF-8"?>

<CodeSystem xmlns="http://hl7.org/fhir">
  <id value="combined-pharmaceutical-dose-form-ema-cs"/>
  <text>
    <status value="generated"/><div xmlns="http://www.w3.org/1999/xhtml"><p>This case-insensitive code system <code>https://spor.ema.europa.eu/v1/lists/200000000006</code> defines the following codes:</p><table class="codes"><tr><td style="white-space:nowrap"><b>Code</b></td><td><b>Display</b></td></tr><tr><td style="white-space:nowrap">100000073366<a name="combined-pharmaceutical-dose-form-ema-cs-100000073366"> </a></td><td>Powder and solvent for oral solution</td></tr><tr><td style="white-space:nowrap">100000073651<a name="combined-pharmaceutical-dose-form-ema-cs-100000073651"> </a></td><td>Powder and solvent for oral suspension</td></tr><tr><td style="white-space:nowrap">100000073774<a name="combined-pharmaceutical-dose-form-ema-cs-100000073774"> </a></td><td>Eye drops, powder and solvent for solution</td></tr><tr><td style="white-space:nowrap">100000073781<a name="combined-pharmaceutical-dose-form-ema-cs-100000073781"> </a></td><td>Eye drops, powder and solvent for suspension</td></tr><tr><td style="white-space:nowrap">100000073801<a name="combined-pharmaceutical-dose-form-ema-cs-100000073801"> </a></td><td>Ear drops, powder and solvent for suspension</td></tr><tr><td style="white-space:nowrap">100000073860<a name="combined-pharmaceutical-dose-form-ema-cs-100000073860"> </a></td><td>Powder and solvent for solution for infusion</td></tr><tr><td style="white-space:nowrap">100000073868<a name="combined-pharmaceutical-dose-form-ema-cs-100000073868"> </a></td><td>Powder and solvent for solution for injection</td></tr><tr><td style="white-space:nowrap">100000073869<a name="combined-pharmaceutical-dose-form-ema-cs-100000073869"> </a></td><td>Powder and solvent for suspension for injection</td></tr><tr><td style="white-space:nowrap">100000073884<a name="combined-pharmaceutical-dose-form-ema-cs-100000073884"> </a></td><td>Powder and solvent for implantation paste</td></tr><tr><td style="white-space:nowrap">100000073891<a name="combined-pharmaceutical-dose-form-ema-cs-100000073891"> </a></td><td>Endotracheopulmonary instillation, powder and solvent for solution</td></tr><tr><td style="white-space:nowrap">100000073892<a name="combined-pharmaceutical-dose-form-ema-cs-100000073892"> </a></td><td>Powder and solvent for endocervical gel</td></tr><tr><td style="white-space:nowrap">100000073941<a name="combined-pharmaceutical-dose-form-ema-cs-100000073941"> </a></td><td>Powder and solvent for sealant</td></tr><tr><td style="white-space:nowrap">100000073972<a name="combined-pharmaceutical-dose-form-ema-cs-100000073972"> </a></td><td>Concentrate and solvent for concentrate for solution for infusion</td></tr><tr><td style="white-space:nowrap">100000073973<a name="combined-pharmaceutical-dose-form-ema-cs-100000073973"> </a></td><td>Concentrate and solvent for cutaneous use</td></tr><tr><td style="white-space:nowrap">100000073974<a name="combined-pharmaceutical-dose-form-ema-cs-100000073974"> </a></td><td>Concentrate and solvent for injection</td></tr><tr><td style="white-space:nowrap">100000073975<a name="combined-pharmaceutical-dose-form-ema-cs-100000073975"> </a></td><td>Concentrate and solvent for solution for infusion</td></tr><tr><td style="white-space:nowrap">100000073987<a name="combined-pharmaceutical-dose-form-ema-cs-100000073987"> </a></td><td>Concentrate and diluent for solution for infusion</td></tr><tr><td style="white-space:nowrap">100000073988<a name="combined-pharmaceutical-dose-form-ema-cs-100000073988"> </a></td><td>Concentrate and solvent for cutaneous solution</td></tr><tr><td style="white-space:nowrap">100000073989<a name="combined-pharmaceutical-dose-form-ema-cs-100000073989"> </a></td><td>Concentrate and solvent for solution for injection</td></tr><tr><td style="white-space:nowrap">100000073990<a name="combined-pharmaceutical-dose-form-ema-cs-100000073990"> </a></td><td>Concentrate and solvent for suspension for injection</td></tr><tr><td style="white-space:nowrap">100000073999<a name="combined-pharmaceutical-dose-form-ema-cs-100000073999"> </a></td><td>Granules and solvent for suspension for injection</td></tr><tr><td style="white-space:nowrap">100000074015<a name="combined-pharmaceutical-dose-form-ema-cs-100000074015"> </a></td><td>Powder and solvent for concentrate for solution for infusion</td></tr><tr><td style="white-space:nowrap">100000074016<a name="combined-pharmaceutical-dose-form-ema-cs-100000074016"> </a></td><td>Powder and solvent for cutaneous solution</td></tr><tr><td style="white-space:nowrap">100000074017<a name="combined-pharmaceutical-dose-form-ema-cs-100000074017"> </a></td><td>Powder and solvent for gingival gel</td></tr><tr><td style="white-space:nowrap">100000074018<a name="combined-pharmaceutical-dose-form-ema-cs-100000074018"> </a></td><td>Powder and solvent for prolonged-release suspension for injection</td></tr><tr><td style="white-space:nowrap">100000074030<a name="combined-pharmaceutical-dose-form-ema-cs-100000074030"> </a></td><td>Powder and solvent for endosinusial solution</td></tr><tr><td style="white-space:nowrap">100000074031<a name="combined-pharmaceutical-dose-form-ema-cs-100000074031"> </a></td><td>Powder and solvent for intraocular instillation solution</td></tr><tr><td style="white-space:nowrap">100000074032<a name="combined-pharmaceutical-dose-form-ema-cs-100000074032"> </a></td><td>Powder and suspension for suspension for injection</td></tr><tr><td style="white-space:nowrap">100000074048<a name="combined-pharmaceutical-dose-form-ema-cs-100000074048"> </a></td><td>Suspension and effervescent granules for oral suspension</td></tr><tr><td style="white-space:nowrap">100000074051<a name="combined-pharmaceutical-dose-form-ema-cs-100000074051"> </a></td><td>Tablet and solvent for rectal suspension</td></tr><tr><td style="white-space:nowrap">100000074053<a name="combined-pharmaceutical-dose-form-ema-cs-100000074053"> </a></td><td>Powder and solvent for dental gel</td></tr><tr><td style="white-space:nowrap">100000074056<a name="combined-pharmaceutical-dose-form-ema-cs-100000074056"> </a></td><td>Gas and solvent for dispersion for injection/infusion</td></tr><tr><td style="white-space:nowrap">100000074057<a name="combined-pharmaceutical-dose-form-ema-cs-100000074057"> </a></td><td>Powder and solvent for solution for injection/infusion</td></tr><tr><td style="white-space:nowrap">100000074061<a name="combined-pharmaceutical-dose-form-ema-cs-100000074061"> </a></td><td>Suspension and solution for spray</td></tr><tr><td style="white-space:nowrap">100000074064<a name="combined-pharmaceutical-dose-form-ema-cs-100000074064"> </a></td><td>Tablet and powder for oral solution</td></tr><tr><td style="white-space:nowrap">100000075580<a name="combined-pharmaceutical-dose-form-ema-cs-100000075580"> </a></td><td>Emulsion and suspension for emulsion for injection</td></tr><tr><td style="white-space:nowrap">100000075584<a name="combined-pharmaceutical-dose-form-ema-cs-100000075584"> </a></td><td>Powder and solvent for dispersion for injection</td></tr><tr><td style="white-space:nowrap">100000075587<a name="combined-pharmaceutical-dose-form-ema-cs-100000075587"> </a></td><td>Powder for mouth wash</td></tr><tr><td style="white-space:nowrap">100000116137<a name="combined-pharmaceutical-dose-form-ema-cs-100000116137"> </a></td><td>Lyophilisate and solvent for solution for injection</td></tr><tr><td style="white-space:nowrap">100000116141<a name="combined-pharmaceutical-dose-form-ema-cs-100000116141"> </a></td><td>Fibrin sealant-powder and solvent for fibrin sealant</td></tr><tr><td style="white-space:nowrap">100000116155<a name="combined-pharmaceutical-dose-form-ema-cs-100000116155"> </a></td><td>Granules and solvent for oral suspension</td></tr><tr><td style="white-space:nowrap">100000116160<a name="combined-pharmaceutical-dose-form-ema-cs-100000116160"> </a></td><td>Lyophilisate and solvent for suspension for injection</td></tr><tr><td style="white-space:nowrap">100000116172<a name="combined-pharmaceutical-dose-form-ema-cs-100000116172"> </a></td><td>Powder and gel for gel</td></tr><tr><td style="white-space:nowrap">100000116173<a name="combined-pharmaceutical-dose-form-ema-cs-100000116173"> </a></td><td>Powder and solution for solution for injection</td></tr><tr><td style="white-space:nowrap">100000116174<a name="combined-pharmaceutical-dose-form-ema-cs-100000116174"> </a></td><td>Powder and solvent for epilesional solution</td></tr><tr><td style="white-space:nowrap">100000116175<a name="combined-pharmaceutical-dose-form-ema-cs-100000116175"> </a></td><td>Powder and solvent for intravesical solution</td></tr><tr><td style="white-space:nowrap">100000116176<a name="combined-pharmaceutical-dose-form-ema-cs-100000116176"> </a></td><td>Powder and solvent for intravesical suspension</td></tr><tr><td style="white-space:nowrap">100000116177<a name="combined-pharmaceutical-dose-form-ema-cs-100000116177"> </a></td><td>Powder and solvent for nebuliser solution</td></tr><tr><td style="white-space:nowrap">100000116179<a name="combined-pharmaceutical-dose-form-ema-cs-100000116179"> </a></td><td>Powder, dispersion and solvent for concentrate for dispersion for infusion</td></tr><tr><td style="white-space:nowrap">100000125746<a name="combined-pharmaceutical-dose-form-ema-cs-100000125746"> </a></td><td>Powder and solvent for emulsion for injection</td></tr><tr><td style="white-space:nowrap">100000125747<a name="combined-pharmaceutical-dose-form-ema-cs-100000125747"> </a></td><td>Nasal drops, powder and solvent for solution</td></tr><tr><td style="white-space:nowrap">100000125777<a name="combined-pharmaceutical-dose-form-ema-cs-100000125777"> </a></td><td>Suspension and solvent for suspension for injection</td></tr><tr><td style="white-space:nowrap">100000136318<a name="combined-pharmaceutical-dose-form-ema-cs-100000136318"> </a></td><td>Concentrate and solvent for solution for injection/infusion</td></tr><tr><td style="white-space:nowrap">100000136325<a name="combined-pharmaceutical-dose-form-ema-cs-100000136325"> </a></td><td>Powder and solvent for solution for injection/skin-prick test</td></tr><tr><td style="white-space:nowrap">100000136558<a name="combined-pharmaceutical-dose-form-ema-cs-100000136558"> </a></td><td>Lyophilisate and solvent for suspension for nasal administration</td></tr><tr><td style="white-space:nowrap">100000136560<a name="combined-pharmaceutical-dose-form-ema-cs-100000136560"> </a></td><td>Powder and solvent for solution for sealant</td></tr><tr><td style="white-space:nowrap">100000136907<a name="combined-pharmaceutical-dose-form-ema-cs-100000136907"> </a></td><td>Solution for dispersion for injection/infusion</td></tr><tr><td style="white-space:nowrap">100000143502<a name="combined-pharmaceutical-dose-form-ema-cs-100000143502"> </a></td><td>Powder and solution for dental cement</td></tr><tr><td style="white-space:nowrap">100000143546<a name="combined-pharmaceutical-dose-form-ema-cs-100000143546"> </a></td><td>Endotracheopulmonary instillation, powder and solvent for suspension</td></tr><tr><td style="white-space:nowrap">100000143552<a name="combined-pharmaceutical-dose-form-ema-cs-100000143552"> </a></td><td>Powder, solvent and matrix for implantation matrix</td></tr><tr><td style="white-space:nowrap">100000156068<a name="combined-pharmaceutical-dose-form-ema-cs-100000156068"> </a></td><td>Nasal drops, lyophilisate and solvent for suspension</td></tr><tr><td style="white-space:nowrap">100000157796<a name="combined-pharmaceutical-dose-form-ema-cs-100000157796"> </a></td><td>Lyophilisate and suspension for suspension for injection</td></tr><tr><td style="white-space:nowrap">100000164467<a name="combined-pharmaceutical-dose-form-ema-cs-100000164467"> </a></td><td>Powder for concentrate and solution for solution for infusion</td></tr><tr><td style="white-space:nowrap">100000169997<a name="combined-pharmaceutical-dose-form-ema-cs-100000169997"> </a></td><td>Powder and solution for bee-hive solution</td></tr><tr><td style="white-space:nowrap">100000170588<a name="combined-pharmaceutical-dose-form-ema-cs-100000170588"> </a></td><td>Suspension and solvent for oral spray</td></tr><tr><td style="white-space:nowrap">100000171127<a name="combined-pharmaceutical-dose-form-ema-cs-100000171127"> </a></td><td>Lyophilisate and solvent for oral suspension</td></tr><tr><td style="white-space:nowrap">100000171193<a name="combined-pharmaceutical-dose-form-ema-cs-100000171193"> </a></td><td>Concentrate and solvent for concentrate for oral spray, suspension</td></tr><tr><td style="white-space:nowrap">100000171238<a name="combined-pharmaceutical-dose-form-ema-cs-100000171238"> </a></td><td>Lyophilisate and solvent for oculonasal suspension</td></tr><tr><td style="white-space:nowrap">100000171935<a name="combined-pharmaceutical-dose-form-ema-cs-100000171935"> </a></td><td>Emulsion and lyophilisate for suspension for injection</td></tr><tr><td style="white-space:nowrap">100000174065<a name="combined-pharmaceutical-dose-form-ema-cs-100000174065"> </a></td><td>Powder and solvent for syrup</td></tr><tr><td style="white-space:nowrap">200000002161<a name="combined-pharmaceutical-dose-form-ema-cs-200000002161"> </a></td><td>Nasal spray, lyophilisate and solvent for suspension</td></tr><tr><td style="white-space:nowrap">200000002287<a name="combined-pharmaceutical-dose-form-ema-cs-200000002287"> </a></td><td>Powder and solution for bee-hive dispersion</td></tr><tr><td style="white-space:nowrap">200000004201<a name="combined-pharmaceutical-dose-form-ema-cs-200000004201"> </a></td><td>Solution and dispersion for nebuliser dispersion</td></tr><tr><td style="white-space:nowrap">200000004819<a name="combined-pharmaceutical-dose-form-ema-cs-200000004819"> </a></td><td>Effervescent powder and powder for oral suspension</td></tr><tr><td style="white-space:nowrap">200000004820<a name="combined-pharmaceutical-dose-form-ema-cs-200000004820"> </a></td><td>Lyophilisate and solvent for emulsion for injection</td></tr><tr><td style="white-space:nowrap">200000005547<a name="combined-pharmaceutical-dose-form-ema-cs-200000005547"> </a></td><td>Powder and solution for suspension for injection</td></tr><tr><td style="white-space:nowrap">200000010382<a name="combined-pharmaceutical-dose-form-ema-cs-200000010382"> </a></td><td>Lyophilisate and solvent for suspension for nasal spray or injection</td></tr></table></div>
  </text>
  <url value="https://spor.ema.europa.eu/v1/lists/200000000006"/>
  <version value="0.1.0"/>
  <name value="CombinedPharmaceuticalDoseForm_EMA_CS"/>
  <title value="Combined Pharmaceutical Dose Form EMA"/>
  <status value="draft"/>
  <experimental value="false"/>
  <date value="2024-05-03T19:27:00+00:00"/>
  <publisher value="UNICOM"/>
  <contact>
    <name value="UNICOM"/>
    <telecom>
      <system value="url"/>
      <value value="http://unicom-project.eu"/>
    </telecom>
  </contact>
  <description value="Combined Pharmaceutical Dose Form. Based on EDQM. Re-coded with RMS codes. Used only for authorised dose form."/>
  <caseSensitive value="false"/>
  <compositional value="false"/>
  <content value="complete"/>
  <count value="77"/>
  <concept>
    <code value="100000073366"/>
    <display value="Powder and solvent for oral solution"/>
  </concept>
  <concept>
    <code value="100000073651"/>
    <display value="Powder and solvent for oral suspension"/>
  </concept>
  <concept>
    <code value="100000073774"/>
    <display value="Eye drops, powder and solvent for solution"/>
  </concept>
  <concept>
    <code value="100000073781"/>
    <display value="Eye drops, powder and solvent for suspension"/>
  </concept>
  <concept>
    <code value="100000073801"/>
    <display value="Ear drops, powder and solvent for suspension"/>
  </concept>
  <concept>
    <code value="100000073860"/>
    <display value="Powder and solvent for solution for infusion"/>
  </concept>
  <concept>
    <code value="100000073868"/>
    <display value="Powder and solvent for solution for injection"/>
  </concept>
  <concept>
    <code value="100000073869"/>
    <display value="Powder and solvent for suspension for injection"/>
  </concept>
  <concept>
    <code value="100000073884"/>
    <display value="Powder and solvent for implantation paste"/>
  </concept>
  <concept>
    <code value="100000073891"/>
    <display value="Endotracheopulmonary instillation, powder and solvent for solution"/>
  </concept>
  <concept>
    <code value="100000073892"/>
    <display value="Powder and solvent for endocervical gel"/>
  </concept>
  <concept>
    <code value="100000073941"/>
    <display value="Powder and solvent for sealant"/>
  </concept>
  <concept>
    <code value="100000073972"/>
    <display value="Concentrate and solvent for concentrate for solution for infusion"/>
  </concept>
  <concept>
    <code value="100000073973"/>
    <display value="Concentrate and solvent for cutaneous use"/>
  </concept>
  <concept>
    <code value="100000073974"/>
    <display value="Concentrate and solvent for injection"/>
  </concept>
  <concept>
    <code value="100000073975"/>
    <display value="Concentrate and solvent for solution for infusion"/>
  </concept>
  <concept>
    <code value="100000073987"/>
    <display value="Concentrate and diluent for solution for infusion"/>
  </concept>
  <concept>
    <code value="100000073988"/>
    <display value="Concentrate and solvent for cutaneous solution"/>
  </concept>
  <concept>
    <code value="100000073989"/>
    <display value="Concentrate and solvent for solution for injection"/>
  </concept>
  <concept>
    <code value="100000073990"/>
    <display value="Concentrate and solvent for suspension for injection"/>
  </concept>
  <concept>
    <code value="100000073999"/>
    <display value="Granules and solvent for suspension for injection"/>
  </concept>
  <concept>
    <code value="100000074015"/>
    <display value="Powder and solvent for concentrate for solution for infusion"/>
  </concept>
  <concept>
    <code value="100000074016"/>
    <display value="Powder and solvent for cutaneous solution"/>
  </concept>
  <concept>
    <code value="100000074017"/>
    <display value="Powder and solvent for gingival gel"/>
  </concept>
  <concept>
    <code value="100000074018"/>
    <display value="Powder and solvent for prolonged-release suspension for injection"/>
  </concept>
  <concept>
    <code value="100000074030"/>
    <display value="Powder and solvent for endosinusial solution"/>
  </concept>
  <concept>
    <code value="100000074031"/>
    <display value="Powder and solvent for intraocular instillation solution"/>
  </concept>
  <concept>
    <code value="100000074032"/>
    <display value="Powder and suspension for suspension for injection"/>
  </concept>
  <concept>
    <code value="100000074048"/>
    <display value="Suspension and effervescent granules for oral suspension"/>
  </concept>
  <concept>
    <code value="100000074051"/>
    <display value="Tablet and solvent for rectal suspension"/>
  </concept>
  <concept>
    <code value="100000074053"/>
    <display value="Powder and solvent for dental gel"/>
  </concept>
  <concept>
    <code value="100000074056"/>
    <display value="Gas and solvent for dispersion for injection/infusion"/>
  </concept>
  <concept>
    <code value="100000074057"/>
    <display value="Powder and solvent for solution for injection/infusion"/>
  </concept>
  <concept>
    <code value="100000074061"/>
    <display value="Suspension and solution for spray"/>
  </concept>
  <concept>
    <code value="100000074064"/>
    <display value="Tablet and powder for oral solution"/>
  </concept>
  <concept>
    <code value="100000075580"/>
    <display value="Emulsion and suspension for emulsion for injection"/>
  </concept>
  <concept>
    <code value="100000075584"/>
    <display value="Powder and solvent for dispersion for injection"/>
  </concept>
  <concept>
    <code value="100000075587"/>
    <display value="Powder for mouth wash"/>
  </concept>
  <concept>
    <code value="100000116137"/>
    <display value="Lyophilisate and solvent for solution for injection"/>
  </concept>
  <concept>
    <code value="100000116141"/>
    <display value="Fibrin sealant-powder and solvent for fibrin sealant"/>
  </concept>
  <concept>
    <code value="100000116155"/>
    <display value="Granules and solvent for oral suspension"/>
  </concept>
  <concept>
    <code value="100000116160"/>
    <display value="Lyophilisate and solvent for suspension for injection"/>
  </concept>
  <concept>
    <code value="100000116172"/>
    <display value="Powder and gel for gel"/>
  </concept>
  <concept>
    <code value="100000116173"/>
    <display value="Powder and solution for solution for injection"/>
  </concept>
  <concept>
    <code value="100000116174"/>
    <display value="Powder and solvent for epilesional solution"/>
  </concept>
  <concept>
    <code value="100000116175"/>
    <display value="Powder and solvent for intravesical solution"/>
  </concept>
  <concept>
    <code value="100000116176"/>
    <display value="Powder and solvent for intravesical suspension"/>
  </concept>
  <concept>
    <code value="100000116177"/>
    <display value="Powder and solvent for nebuliser solution"/>
  </concept>
  <concept>
    <code value="100000116179"/>
    <display value="Powder, dispersion and solvent for concentrate for dispersion for infusion"/>
  </concept>
  <concept>
    <code value="100000125746"/>
    <display value="Powder and solvent for emulsion for injection"/>
  </concept>
  <concept>
    <code value="100000125747"/>
    <display value="Nasal drops, powder and solvent for solution"/>
  </concept>
  <concept>
    <code value="100000125777"/>
    <display value="Suspension and solvent for suspension for injection"/>
  </concept>
  <concept>
    <code value="100000136318"/>
    <display value="Concentrate and solvent for solution for injection/infusion"/>
  </concept>
  <concept>
    <code value="100000136325"/>
    <display value="Powder and solvent for solution for injection/skin-prick test"/>
  </concept>
  <concept>
    <code value="100000136558"/>
    <display value="Lyophilisate and solvent for suspension for nasal administration"/>
  </concept>
  <concept>
    <code value="100000136560"/>
    <display value="Powder and solvent for solution for sealant"/>
  </concept>
  <concept>
    <code value="100000136907"/>
    <display value="Solution for dispersion for injection/infusion"/>
  </concept>
  <concept>
    <code value="100000143502"/>
    <display value="Powder and solution for dental cement"/>
  </concept>
  <concept>
    <code value="100000143546"/>
    <display value="Endotracheopulmonary instillation, powder and solvent for suspension"/>
  </concept>
  <concept>
    <code value="100000143552"/>
    <display value="Powder, solvent and matrix for implantation matrix"/>
  </concept>
  <concept>
    <code value="100000156068"/>
    <display value="Nasal drops, lyophilisate and solvent for suspension"/>
  </concept>
  <concept>
    <code value="100000157796"/>
    <display value="Lyophilisate and suspension for suspension for injection"/>
  </concept>
  <concept>
    <code value="100000164467"/>
    <display value="Powder for concentrate and solution for solution for infusion"/>
  </concept>
  <concept>
    <code value="100000169997"/>
    <display value="Powder and solution for bee-hive solution"/>
  </concept>
  <concept>
    <code value="100000170588"/>
    <display value="Suspension and solvent for oral spray"/>
  </concept>
  <concept>
    <code value="100000171127"/>
    <display value="Lyophilisate and solvent for oral suspension"/>
  </concept>
  <concept>
    <code value="100000171193"/>
    <display value="Concentrate and solvent for concentrate for oral spray, suspension"/>
  </concept>
  <concept>
    <code value="100000171238"/>
    <display value="Lyophilisate and solvent for oculonasal suspension"/>
  </concept>
  <concept>
    <code value="100000171935"/>
    <display value="Emulsion and lyophilisate for suspension for injection"/>
  </concept>
  <concept>
    <code value="100000174065"/>
    <display value="Powder and solvent for syrup"/>
  </concept>
  <concept>
    <code value="200000002161"/>
    <display value="Nasal spray, lyophilisate and solvent for suspension"/>
  </concept>
  <concept>
    <code value="200000002287"/>
    <display value="Powder and solution for bee-hive dispersion"/>
  </concept>
  <concept>
    <code value="200000004201"/>
    <display value="Solution and dispersion for nebuliser dispersion"/>
  </concept>
  <concept>
    <code value="200000004819"/>
    <display value="Effervescent powder and powder for oral suspension"/>
  </concept>
  <concept>
    <code value="200000004820"/>
    <display value="Lyophilisate and solvent for emulsion for injection"/>
  </concept>
  <concept>
    <code value="200000005547"/>
    <display value="Powder and solution for suspension for injection"/>
  </concept>
  <concept>
    <code value="200000010382"/>
    <display value="Lyophilisate and solvent for suspension for nasal spray or injection"/>
  </concept>
</CodeSystem>