<?xml version="1.0" encoding="UTF-8"?><ValueSet xmlns="http://hl7.org/fhir"><id value="language-bcp-vs"/><text><status value="generated"/><div xmlns="http://www.w3.org/1999/xhtml"><p class="res-header-id"><b>Generated Narrative: ValueSet language-bcp-vs</b></p><a name="language-bcp-vs"> </a><a name="hclanguage-bcp-vs"> </a><a name="language-bcp-vs-en-US"> </a><ul><li>Include all codes defined in <code>http://hl7.org/fhir/ValueSet/all-languages</code></li></ul></div></text><url value="http://unicom-project.eu/fhir/ValueSet/language-bcp-vs"/><version value="0.1.0"/><name value="LanguageBCP"/><title value="Language (FHIR)"/><status value="draft"/><experimental value="false"/><date value="2024-10-11T11:06:08+00:00"/><publisher value="UNICOM"/><contact><name value="UNICOM"/><telecom><system value="url"/><value value="http://unicom-project.eu"/></telecom></contact><description value="All languages"/><compose><include><system value="http://hl7.org/fhir/ValueSet/all-languages"/></include></compose></ValueSet>