<?xml version="1.0" encoding="UTF-8"?>

<ManufacturedItemDefinition xmlns="http://hl7.org/fhir">
  <id value="CanifugCremolum-10mg1g-Cream-EE-MID"/>
  <meta>
    <profile value="http://unicom-project.eu/fhir/StructureDefinition/PPLManufacturedItemDefinition"/>
  </meta>
  <text>
    <status value="generated"/><div xmlns="http://www.w3.org/1999/xhtml"><p><b>Generated Narrative: ManufacturedItemDefinition</b><a name="CanifugCremolum-10mg1g-Cream-EE-MID"> </a></p><div style="display: inline-block; background-color: #d9e0e7; padding: 6px; margin: 4px; border: 1px solid #8da1b4; border-radius: 5px; line-height: 60%"><p style="margin-bottom: 0px">Resource ManufacturedItemDefinition &quot;CanifugCremolum-10mg1g-Cream-EE-MID&quot; </p><p style="margin-bottom: 0px">Profile: <a href="StructureDefinition-PPLManufacturedItemDefinition.html">PPL Manufactured Item profile</a></p></div><p><b>status</b>: active</p><p><b>manufacturedDoseForm</b>: Cream <span style="background: LightGoldenRodYellow; margin: 4px; border: 1px solid khaki"> (<a href="CodeSystem-pharmaceutical-dose-form-ema-cs.html">Pharmaceutical Dose Form EMA</a>#100000073712)</span></p><p><b>unitOfPresentation</b>: Tube <span style="background: LightGoldenRodYellow; margin: 4px; border: 1px solid khaki"> (<a href="CodeSystem-unit-of-presentation-ema-cs.html">Unit of Presentation EMA</a>#200000002156)</span></p></div>
  </text>
  <status value="active"/>
  <manufacturedDoseForm>
    <coding>
      <system value="http://spor.ema.europa.eu/v1/lists/200000000004"/>
      <code value="100000073712"/>
      <display value="Cream"/>
    </coding>
  </manufacturedDoseForm>
  <unitOfPresentation>
    <coding>
      <system value="http://spor.ema.europa.eu/v1/lists/200000000014"/>
      <code value="200000002156"/>
      <display value="Tube"/>
    </coding>
  </unitOfPresentation>
</ManufacturedItemDefinition>