{"resourceType":"SearchParameter","id":"strength-quantity-and-substance","text":{"status":"generated","div":"<div xmlns=\"http://www.w3.org/1999/xhtml\"><p class=\"res-header-id\"><b>Generated Narrative: SearchParameter strength-quantity-and-substance</b></p><a name=\"strength-quantity-and-substance\"> </a><a name=\"hcstrength-quantity-and-substance\"> </a><a name=\"strength-quantity-and-substance-en-US\"> </a><h2>strength-quantity-and-substance</h2><p>Parameter <code>strength-quantity-and-substance</code>:<code>composite</code></p><div><p>Possiblity to search for substance and strength at the same time</p>\n</div><table class=\"grid\"><tr><td>Resource</td><td><a href=\"http://hl7.org/fhir/R5/ingredient.html\">Ingredient</a></td></tr><tr><td>Expression</td><td><code>Ingredient.substance</code></td></tr><tr><td>Processing Mode</td><td>Normal</td></tr><tr><td>Multiples</td><td><ul><li>multipleAnd: It's up to the server whether the parameter may repeat in order to specify multiple values that must all be true</li><li>multipleOr: It's up to the server whether the parameter can have multiple values (separated by comma) where at least one must be true</li></ul></td></tr></table><p><b>Comparators</b></p><table class=\"grid\"><tr><td>http://hl7.org/fhir/SearchParameter/Ingredient-substance-code</td><td><code>code.concept</code></td></tr><tr><td><a href=\"SearchParameter-strength-presentation-quantity.html\">strength-presentation-quantity</a></td><td><code>strength.presentation.ofType(Quantity)</code></td></tr></table></div>"},"url":"http://unicom-project.eu/fhir/SearchParameter/strength-quantity-and-substance","version":"0.1.0","name":"strength-quantity-and-substance","status":"active","date":"2024-10-11T10:53:19+00:00","publisher":"UNICOM","contact":[{"name":"UNICOM","telecom":[{"system":"url","value":"http://unicom-project.eu"}]}],"description":"Possiblity to search for substance and strength at the same time","code":"strength-quantity-and-substance","base":["Ingredient"],"type":"composite","expression":"Ingredient.substance","processingMode":"normal","component":[{"definition":"http://hl7.org/fhir/SearchParameter/Ingredient-substance-code","expression":"code.concept"},{"definition":"http://unicom-project.eu/fhir/SearchParameter/strength-presentation-quantity","expression":"strength.presentation.ofType(Quantity)"}]}