{"resourceType":"ValueSet","id":"country-ema-vs","text":{"status":"generated","div":"<div xmlns=\"http://www.w3.org/1999/xhtml\"><p class=\"res-header-id\"><b>Generated Narrative: ValueSet country-ema-vs</b></p><a name=\"country-ema-vs\"> </a><a name=\"hccountry-ema-vs\"> </a><a name=\"country-ema-vs-en-US\"> </a><ul><li>Include all codes defined in <a href=\"CodeSystem-country-ema-cs.html\"><code>https://spor.ema.europa.eu/v1/lists/100000000002</code></a></li></ul></div>"},"url":"http://unicom-project.eu/fhir/ValueSet/country-ema-vs","version":"0.1.0","name":"CountryEMA","title":"EMA SPOR Country","status":"draft","experimental":false,"date":"2024-10-11T10:53:19+00:00","publisher":"UNICOM","contact":[{"name":"UNICOM","telecom":[{"system":"url","value":"http://unicom-project.eu"}]}],"description":"Countries. EMA SPOR RMS list.","compose":{"include":[{"system":"https://spor.ema.europa.eu/v1/lists/100000000002"}]}}