{"resourceType":"ValueSet","id":"regulatory-status-spor-vs","text":{"status":"generated","div":"<div xmlns=\"http://www.w3.org/1999/xhtml\"><p class=\"res-header-id\"><b>Generated Narrative: ValueSet regulatory-status-spor-vs</b></p><a name=\"regulatory-status-spor-vs\"> </a><a name=\"hcregulatory-status-spor-vs\"> </a><a name=\"regulatory-status-spor-vs-en-US\"> </a><ul><li>Include all codes defined in <a href=\"CodeSystem-regulatoryStatus-ema-cs.html\"><code>https://spor.ema.europa.eu/v1/lists/100000072049</code></a></li></ul></div>"},"url":"http://unicom-project.eu/fhir/ValueSet/regulatory-status-spor-vs","version":"0.1.0","name":"SporRegulatoryStatus","title":"EMA SPOR Regulatory Entitlement Status","status":"draft","experimental":false,"date":"2024-10-11T10:53:19+00:00","publisher":"UNICOM","contact":[{"name":"UNICOM","telecom":[{"system":"url","value":"http://unicom-project.eu"}]}],"description":"Regulatory Entitlement Status","compose":{"include":[{"system":"https://spor.ema.europa.eu/v1/lists/100000072049"}]}}