{"resourceType":"ValueSet","id":"atc-spor-vs","text":{"status":"generated","div":"<div xmlns=\"http://www.w3.org/1999/xhtml\"><p class=\"res-header-id\"><b>Generated Narrative: ValueSet atc-spor-vs</b></p><a name=\"atc-spor-vs\"> </a><a name=\"hcatc-spor-vs\"> </a><a name=\"atc-spor-vs-en-US\"> </a><ul><li>Include all codes defined in <a href=\"CodeSystem-ATC-Human-EMA.html\"><code>https://spor.ema.europa.eu/v1/lists/100000093533</code></a></li></ul></div>"},"url":"http://unicom-project.eu/fhir/ValueSet/atc-spor-vs","version":"0.1.0","name":"SporAtc","title":"EMA SPOR ATC","status":"draft","experimental":false,"date":"2024-10-11T10:53:19+00:00","publisher":"UNICOM","contact":[{"name":"UNICOM","telecom":[{"system":"url","value":"http://unicom-project.eu"}]}],"description":"Value set for Anatomical Therapeutic Chemical classification system Human and Veterinary. It combines 2 SPOR/WHO lists","compose":{"include":[{"system":"https://spor.ema.europa.eu/v1/lists/100000093533"}]}}