<?xml version="1.0" encoding="UTF-8"?>

<ValueSet xmlns="http://hl7.org/fhir">
  <id value="basic-dose-form"/>
  <text>
    <status value="generated"/><div xmlns="http://www.w3.org/1999/xhtml"><p class="res-header-id"><b>Generated Narrative: ValueSet basic-dose-form</b></p><a name="basic-dose-form"> </a><a name="hcbasic-dose-form"> </a><a name="basic-dose-form-en-US"> </a><ul><li>Include these codes as defined in <code>https://standardterms.edqm.eu</code><table class="none"><tr><td style="white-space:nowrap"><b>Code</b></td><td><b>Display</b></td></tr><tr><td>0049</td><td>Block</td></tr><tr><td>0050</td><td>Cachet</td></tr><tr><td>0051</td><td>Capsule</td></tr><tr><td>0052</td><td>Film</td></tr><tr><td>0053</td><td>Granules</td></tr><tr><td>0054</td><td>Gum</td></tr><tr><td>0055</td><td>Implant</td></tr><tr><td>0056</td><td>Impregnated material</td></tr><tr><td>0057</td><td>Intraruminal device</td></tr><tr><td>0058</td><td>Lozenge</td></tr><tr><td>0059</td><td>Lyophilisate</td></tr><tr><td>0060</td><td>Pastille</td></tr><tr><td>0061</td><td>Patch</td></tr><tr><td>0062</td><td>Pellets</td></tr><tr><td>0063</td><td>Pessary</td></tr><tr><td>0064</td><td>Pillules</td></tr><tr><td>0065</td><td>Plaster</td></tr><tr><td>0066</td><td>Powder</td></tr><tr><td>0067</td><td>Stick</td></tr><tr><td>0068</td><td>Suppository</td></tr><tr><td>0069</td><td>Tablet</td></tr><tr><td>0070</td><td>Tea</td></tr><tr><td>0071</td><td>Cream</td></tr><tr><td>0072</td><td>Foam</td></tr><tr><td>0073</td><td>Gel</td></tr><tr><td>0074</td><td>Ointment</td></tr><tr><td>0075</td><td>Paste</td></tr><tr><td>0076</td><td>Poultice</td></tr><tr><td>0077</td><td>Collodion</td></tr><tr><td>0078</td><td>Concentrate</td></tr><tr><td>0079</td><td>Dispersion</td></tr><tr><td>0080</td><td>Emulsion</td></tr><tr><td>0081</td><td>Lacquer</td></tr><tr><td>0082</td><td>Liquid</td></tr><tr><td>0083</td><td>Solution</td></tr><tr><td>0084</td><td>Solvent</td></tr><tr><td>0085</td><td>Suspension</td></tr><tr><td>0086</td><td>Syrup</td></tr><tr><td>0087</td><td>Medicinal gas</td></tr><tr><td>0088</td><td>Insert</td></tr><tr><td>0089</td><td>Additive (unspecified)</td></tr><tr><td>0090</td><td>Drops (unspecified)</td></tr><tr><td>0091</td><td>Premix (unspecified)</td></tr><tr><td>0092</td><td>Radiopharmaceutical</td></tr><tr><td>0093</td><td>Shampoo</td></tr><tr><td>0094</td><td>Spray (unspecified)</td></tr><tr><td>0095</td><td>System</td></tr><tr><td>0096</td><td>Unknown</td></tr><tr><td>0102</td><td>Pouch</td></tr><tr><td>0103</td><td>Cement</td></tr><tr><td>0114</td><td>Herbal material (unprocessed)</td></tr><tr><td>0115</td><td>Live animal</td></tr></table></li></ul></div>
  </text>
  <url value="http://unicom-project.eu/fhir/ValueSet/basic-dose-form"/>
  <version value="0.1.0"/>
  <name value="BasicDoseForm"/>
  <title value="EDQM Basic Dose Form"/>
  <status value="active"/>
  <experimental value="false"/>
  <date value="2024-10-11T11:06:08+00:00"/>
  <publisher value="UNICOM"/>
  <contact>
    <name value="UNICOM"/>
    <telecom>
      <system value="url"/>
      <value value="http://unicom-project.eu"/>
    </telecom>
  </contact>
  <description value="ValueSet Basic dose form from EDQM, BDF, see https://standardterms.edqm.eu/#"/>
  <immutable value="false"/>
  <compose>
    <include>
      <system value="https://standardterms.edqm.eu"/>
      <concept>
        <code value="0049"/>
        <display value="Block"/>
      </concept>
      <concept>
        <code value="0050"/>
        <display value="Cachet"/>
      </concept>
      <concept>
        <code value="0051"/>
        <display value="Capsule"/>
      </concept>
      <concept>
        <code value="0052"/>
        <display value="Film"/>
      </concept>
      <concept>
        <code value="0053"/>
        <display value="Granules"/>
      </concept>
      <concept>
        <code value="0054"/>
        <display value="Gum"/>
      </concept>
      <concept>
        <code value="0055"/>
        <display value="Implant"/>
      </concept>
      <concept>
        <code value="0056"/>
        <display value="Impregnated material"/>
      </concept>
      <concept>
        <code value="0057"/>
        <display value="Intraruminal device"/>
      </concept>
      <concept>
        <code value="0058"/>
        <display value="Lozenge"/>
      </concept>
      <concept>
        <code value="0059"/>
        <display value="Lyophilisate"/>
      </concept>
      <concept>
        <code value="0060"/>
        <display value="Pastille"/>
      </concept>
      <concept>
        <code value="0061"/>
        <display value="Patch"/>
      </concept>
      <concept>
        <code value="0062"/>
        <display value="Pellets"/>
      </concept>
      <concept>
        <code value="0063"/>
        <display value="Pessary"/>
      </concept>
      <concept>
        <code value="0064"/>
        <display value="Pillules"/>
      </concept>
      <concept>
        <code value="0065"/>
        <display value="Plaster"/>
      </concept>
      <concept>
        <code value="0066"/>
        <display value="Powder"/>
      </concept>
      <concept>
        <code value="0067"/>
        <display value="Stick"/>
      </concept>
      <concept>
        <code value="0068"/>
        <display value="Suppository"/>
      </concept>
      <concept>
        <code value="0069"/>
        <display value="Tablet"/>
      </concept>
      <concept>
        <code value="0070"/>
        <display value="Tea"/>
      </concept>
      <concept>
        <code value="0071"/>
        <display value="Cream"/>
      </concept>
      <concept>
        <code value="0072"/>
        <display value="Foam"/>
      </concept>
      <concept>
        <code value="0073"/>
        <display value="Gel"/>
      </concept>
      <concept>
        <code value="0074"/>
        <display value="Ointment"/>
      </concept>
      <concept>
        <code value="0075"/>
        <display value="Paste"/>
      </concept>
      <concept>
        <code value="0076"/>
        <display value="Poultice"/>
      </concept>
      <concept>
        <code value="0077"/>
        <display value="Collodion"/>
      </concept>
      <concept>
        <code value="0078"/>
        <display value="Concentrate"/>
      </concept>
      <concept>
        <code value="0079"/>
        <display value="Dispersion"/>
      </concept>
      <concept>
        <code value="0080"/>
        <display value="Emulsion"/>
      </concept>
      <concept>
        <code value="0081"/>
        <display value="Lacquer"/>
      </concept>
      <concept>
        <code value="0082"/>
        <display value="Liquid"/>
      </concept>
      <concept>
        <code value="0083"/>
        <display value="Solution"/>
      </concept>
      <concept>
        <code value="0084"/>
        <display value="Solvent"/>
      </concept>
      <concept>
        <code value="0085"/>
        <display value="Suspension"/>
      </concept>
      <concept>
        <code value="0086"/>
        <display value="Syrup"/>
      </concept>
      <concept>
        <code value="0087"/>
        <display value="Medicinal gas"/>
      </concept>
      <concept>
        <code value="0088"/>
        <display value="Insert"/>
      </concept>
      <concept>
        <code value="0089"/>
        <display value="Additive (unspecified)"/>
      </concept>
      <concept>
        <code value="0090"/>
        <display value="Drops (unspecified)"/>
      </concept>
      <concept>
        <code value="0091"/>
        <display value="Premix (unspecified)"/>
      </concept>
      <concept>
        <code value="0092"/>
        <display value="Radiopharmaceutical"/>
      </concept>
      <concept>
        <code value="0093"/>
        <display value="Shampoo"/>
      </concept>
      <concept>
        <code value="0094"/>
        <display value="Spray (unspecified)"/>
      </concept>
      <concept>
        <code value="0095"/>
        <display value="System"/>
      </concept>
      <concept>
        <code value="0096"/>
        <display value="Unknown"/>
      </concept>
      <concept>
        <code value="0102"/>
        <display value="Pouch"/>
      </concept>
      <concept>
        <code value="0103"/>
        <display value="Cement"/>
      </concept>
      <concept>
        <code value="0114"/>
        <display value="Herbal material (unprocessed)"/>
      </concept>
      <concept>
        <code value="0115"/>
        <display value="Live animal"/>
      </concept>
    </include>
  </compose>
</ValueSet>