<?xml version="1.0" encoding="UTF-8"?>

<ValueSet xmlns="http://hl7.org/fhir">
  <id value="substances-vs"/>
  <text>
    <status value="generated"/><div xmlns="http://www.w3.org/1999/xhtml"><p class="res-header-id"><b>Generated Narrative: ValueSet substances-vs</b></p><a name="substances-vs"> </a><a name="hcsubstances-vs"> </a><a name="substances-vs-en-US"> </a><ul><li>Include all codes defined in <a href="CodeSystem-substance-sms-cs.html"><code>https://spor.ema.europa.eu/v2/SubstanceDefinition</code></a></li></ul></div>
  </text>
  <url value="http://unicom-project.eu/fhir/ValueSet/substances-vs"/>
  <version value="0.1.0"/>
  <name value="SubstancesSMS"/>
  <title value="EMA SPOR SMS Substances"/>
  <status value="draft"/>
  <experimental value="false"/>
  <date value="2024-10-11T11:06:08+00:00"/>
  <publisher value="UNICOM"/>
  <contact>
    <name value="UNICOM"/>
    <telecom>
      <system value="url"/>
      <value value="http://unicom-project.eu"/>
    </telecom>
  </contact>
  <description value="Value set for substances, PPL subset from SMS."/>
  <compose>
    <include>
      <system value="https://spor.ema.europa.eu/v2/SubstanceDefinition"/>
    </include>
  </compose>
</ValueSet>