{"resourceType":"CodeSystem","id":"combined-pharmaceutical-dose-form-ema-cs","text":{"status":"generated","div":"<div xmlns=\"http://www.w3.org/1999/xhtml\"><p class=\"res-header-id\"><b>Generated Narrative: CodeSystem combined-pharmaceutical-dose-form-ema-cs</b></p><a name=\"combined-pharmaceutical-dose-form-ema-cs\"> </a><a name=\"hccombined-pharmaceutical-dose-form-ema-cs\"> </a><a name=\"combined-pharmaceutical-dose-form-ema-cs-en-US\"> </a><p>This case-insensitive code system <code>https://spor.ema.europa.eu/v1/lists/200000000006</code> defines the following codes:</p><table class=\"codes\"><tr><td style=\"white-space:nowrap\"><b>Code</b></td><td><b>Display</b></td></tr><tr><td style=\"white-space:nowrap\">100000073366<a name=\"combined-pharmaceutical-dose-form-ema-cs-100000073366\"> </a></td><td>Powder and solvent for oral solution</td></tr><tr><td style=\"white-space:nowrap\">100000073651<a name=\"combined-pharmaceutical-dose-form-ema-cs-100000073651\"> </a></td><td>Powder and solvent for oral suspension</td></tr><tr><td style=\"white-space:nowrap\">100000073774<a name=\"combined-pharmaceutical-dose-form-ema-cs-100000073774\"> </a></td><td>Eye drops, powder and solvent for solution</td></tr><tr><td style=\"white-space:nowrap\">100000073781<a name=\"combined-pharmaceutical-dose-form-ema-cs-100000073781\"> </a></td><td>Eye drops, powder and solvent for suspension</td></tr><tr><td style=\"white-space:nowrap\">100000073801<a name=\"combined-pharmaceutical-dose-form-ema-cs-100000073801\"> </a></td><td>Ear drops, powder and solvent for suspension</td></tr><tr><td style=\"white-space:nowrap\">100000073860<a name=\"combined-pharmaceutical-dose-form-ema-cs-100000073860\"> </a></td><td>Powder and solvent for solution for infusion</td></tr><tr><td style=\"white-space:nowrap\">100000073868<a name=\"combined-pharmaceutical-dose-form-ema-cs-100000073868\"> </a></td><td>Powder and solvent for solution for injection</td></tr><tr><td style=\"white-space:nowrap\">100000073869<a name=\"combined-pharmaceutical-dose-form-ema-cs-100000073869\"> </a></td><td>Powder and solvent for suspension for injection</td></tr><tr><td style=\"white-space:nowrap\">100000073884<a name=\"combined-pharmaceutical-dose-form-ema-cs-100000073884\"> </a></td><td>Powder and solvent for implantation paste</td></tr><tr><td style=\"white-space:nowrap\">100000073891<a name=\"combined-pharmaceutical-dose-form-ema-cs-100000073891\"> </a></td><td>Endotracheopulmonary instillation, powder and solvent for solution</td></tr><tr><td style=\"white-space:nowrap\">100000073892<a name=\"combined-pharmaceutical-dose-form-ema-cs-100000073892\"> </a></td><td>Powder and solvent for endocervical gel</td></tr><tr><td style=\"white-space:nowrap\">100000073941<a name=\"combined-pharmaceutical-dose-form-ema-cs-100000073941\"> </a></td><td>Powder and solvent for sealant</td></tr><tr><td style=\"white-space:nowrap\">100000073972<a name=\"combined-pharmaceutical-dose-form-ema-cs-100000073972\"> </a></td><td>Concentrate and solvent for concentrate for solution for infusion</td></tr><tr><td style=\"white-space:nowrap\">100000073973<a name=\"combined-pharmaceutical-dose-form-ema-cs-100000073973\"> </a></td><td>Concentrate and solvent for cutaneous use</td></tr><tr><td style=\"white-space:nowrap\">100000073974<a name=\"combined-pharmaceutical-dose-form-ema-cs-100000073974\"> </a></td><td>Concentrate and solvent for injection</td></tr><tr><td style=\"white-space:nowrap\">100000073975<a name=\"combined-pharmaceutical-dose-form-ema-cs-100000073975\"> </a></td><td>Concentrate and solvent for solution for infusion</td></tr><tr><td style=\"white-space:nowrap\">100000073987<a name=\"combined-pharmaceutical-dose-form-ema-cs-100000073987\"> </a></td><td>Concentrate and diluent for solution for infusion</td></tr><tr><td style=\"white-space:nowrap\">100000073988<a name=\"combined-pharmaceutical-dose-form-ema-cs-100000073988\"> </a></td><td>Concentrate and solvent for cutaneous solution</td></tr><tr><td style=\"white-space:nowrap\">100000073989<a name=\"combined-pharmaceutical-dose-form-ema-cs-100000073989\"> </a></td><td>Concentrate and solvent for solution for injection</td></tr><tr><td style=\"white-space:nowrap\">100000073990<a name=\"combined-pharmaceutical-dose-form-ema-cs-100000073990\"> </a></td><td>Concentrate and solvent for suspension for injection</td></tr><tr><td style=\"white-space:nowrap\">100000073999<a name=\"combined-pharmaceutical-dose-form-ema-cs-100000073999\"> </a></td><td>Granules and solvent for suspension for injection</td></tr><tr><td style=\"white-space:nowrap\">100000074015<a name=\"combined-pharmaceutical-dose-form-ema-cs-100000074015\"> </a></td><td>Powder and solvent for concentrate for solution for infusion</td></tr><tr><td style=\"white-space:nowrap\">100000074016<a name=\"combined-pharmaceutical-dose-form-ema-cs-100000074016\"> </a></td><td>Powder and solvent for cutaneous solution</td></tr><tr><td style=\"white-space:nowrap\">100000074017<a name=\"combined-pharmaceutical-dose-form-ema-cs-100000074017\"> </a></td><td>Powder and solvent for gingival gel</td></tr><tr><td style=\"white-space:nowrap\">100000074018<a name=\"combined-pharmaceutical-dose-form-ema-cs-100000074018\"> </a></td><td>Powder and solvent for prolonged-release suspension for injection</td></tr><tr><td style=\"white-space:nowrap\">100000074030<a name=\"combined-pharmaceutical-dose-form-ema-cs-100000074030\"> </a></td><td>Powder and solvent for endosinusial solution</td></tr><tr><td style=\"white-space:nowrap\">100000074031<a name=\"combined-pharmaceutical-dose-form-ema-cs-100000074031\"> </a></td><td>Powder and solvent for intraocular instillation solution</td></tr><tr><td style=\"white-space:nowrap\">100000074032<a name=\"combined-pharmaceutical-dose-form-ema-cs-100000074032\"> </a></td><td>Powder and suspension for suspension for injection</td></tr><tr><td style=\"white-space:nowrap\">100000074048<a name=\"combined-pharmaceutical-dose-form-ema-cs-100000074048\"> </a></td><td>Suspension and effervescent granules for oral suspension</td></tr><tr><td style=\"white-space:nowrap\">100000074051<a name=\"combined-pharmaceutical-dose-form-ema-cs-100000074051\"> </a></td><td>Tablet and solvent for rectal suspension</td></tr><tr><td style=\"white-space:nowrap\">100000074053<a name=\"combined-pharmaceutical-dose-form-ema-cs-100000074053\"> </a></td><td>Powder and solvent for dental gel</td></tr><tr><td style=\"white-space:nowrap\">100000074056<a name=\"combined-pharmaceutical-dose-form-ema-cs-100000074056\"> </a></td><td>Gas and solvent for dispersion for injection/infusion</td></tr><tr><td style=\"white-space:nowrap\">100000074057<a name=\"combined-pharmaceutical-dose-form-ema-cs-100000074057\"> </a></td><td>Powder and solvent for solution for injection/infusion</td></tr><tr><td style=\"white-space:nowrap\">100000074061<a name=\"combined-pharmaceutical-dose-form-ema-cs-100000074061\"> </a></td><td>Suspension and solution for spray</td></tr><tr><td style=\"white-space:nowrap\">100000074064<a name=\"combined-pharmaceutical-dose-form-ema-cs-100000074064\"> </a></td><td>Tablet and powder for oral solution</td></tr><tr><td style=\"white-space:nowrap\">100000075580<a name=\"combined-pharmaceutical-dose-form-ema-cs-100000075580\"> </a></td><td>Emulsion and suspension for emulsion for injection</td></tr><tr><td style=\"white-space:nowrap\">100000075584<a name=\"combined-pharmaceutical-dose-form-ema-cs-100000075584\"> </a></td><td>Powder and solvent for dispersion for injection</td></tr><tr><td style=\"white-space:nowrap\">100000075587<a name=\"combined-pharmaceutical-dose-form-ema-cs-100000075587\"> </a></td><td>Powder for mouth wash</td></tr><tr><td style=\"white-space:nowrap\">100000116137<a name=\"combined-pharmaceutical-dose-form-ema-cs-100000116137\"> </a></td><td>Lyophilisate and solvent for solution for injection</td></tr><tr><td style=\"white-space:nowrap\">100000116141<a name=\"combined-pharmaceutical-dose-form-ema-cs-100000116141\"> </a></td><td>Fibrin sealant-powder and solvent for fibrin sealant</td></tr><tr><td style=\"white-space:nowrap\">100000116155<a name=\"combined-pharmaceutical-dose-form-ema-cs-100000116155\"> </a></td><td>Granules and solvent for oral suspension</td></tr><tr><td style=\"white-space:nowrap\">100000116160<a name=\"combined-pharmaceutical-dose-form-ema-cs-100000116160\"> </a></td><td>Lyophilisate and solvent for suspension for injection</td></tr><tr><td style=\"white-space:nowrap\">100000116172<a name=\"combined-pharmaceutical-dose-form-ema-cs-100000116172\"> </a></td><td>Powder and gel for gel</td></tr><tr><td style=\"white-space:nowrap\">100000116173<a name=\"combined-pharmaceutical-dose-form-ema-cs-100000116173\"> </a></td><td>Powder and solution for solution for injection</td></tr><tr><td style=\"white-space:nowrap\">100000116174<a name=\"combined-pharmaceutical-dose-form-ema-cs-100000116174\"> </a></td><td>Powder and solvent for epilesional solution</td></tr><tr><td style=\"white-space:nowrap\">100000116175<a name=\"combined-pharmaceutical-dose-form-ema-cs-100000116175\"> </a></td><td>Powder and solvent for intravesical solution</td></tr><tr><td style=\"white-space:nowrap\">100000116176<a name=\"combined-pharmaceutical-dose-form-ema-cs-100000116176\"> </a></td><td>Powder and solvent for intravesical suspension</td></tr><tr><td style=\"white-space:nowrap\">100000116177<a name=\"combined-pharmaceutical-dose-form-ema-cs-100000116177\"> </a></td><td>Powder and solvent for nebuliser solution</td></tr><tr><td style=\"white-space:nowrap\">100000116179<a name=\"combined-pharmaceutical-dose-form-ema-cs-100000116179\"> </a></td><td>Powder, dispersion and solvent for concentrate for dispersion for infusion</td></tr><tr><td style=\"white-space:nowrap\">100000125746<a name=\"combined-pharmaceutical-dose-form-ema-cs-100000125746\"> </a></td><td>Powder and solvent for emulsion for injection</td></tr><tr><td style=\"white-space:nowrap\">100000125747<a name=\"combined-pharmaceutical-dose-form-ema-cs-100000125747\"> </a></td><td>Nasal drops, powder and solvent for solution</td></tr><tr><td style=\"white-space:nowrap\">100000125777<a name=\"combined-pharmaceutical-dose-form-ema-cs-100000125777\"> </a></td><td>Suspension and solvent for suspension for injection</td></tr><tr><td style=\"white-space:nowrap\">100000136318<a name=\"combined-pharmaceutical-dose-form-ema-cs-100000136318\"> </a></td><td>Concentrate and solvent for solution for injection/infusion</td></tr><tr><td style=\"white-space:nowrap\">100000136325<a name=\"combined-pharmaceutical-dose-form-ema-cs-100000136325\"> </a></td><td>Powder and solvent for solution for injection/skin-prick test</td></tr><tr><td style=\"white-space:nowrap\">100000136558<a name=\"combined-pharmaceutical-dose-form-ema-cs-100000136558\"> </a></td><td>Lyophilisate and solvent for suspension for nasal administration</td></tr><tr><td style=\"white-space:nowrap\">100000136560<a name=\"combined-pharmaceutical-dose-form-ema-cs-100000136560\"> </a></td><td>Powder and solvent for solution for sealant</td></tr><tr><td style=\"white-space:nowrap\">100000136907<a name=\"combined-pharmaceutical-dose-form-ema-cs-100000136907\"> </a></td><td>Solution for dispersion for injection/infusion</td></tr><tr><td style=\"white-space:nowrap\">100000143502<a name=\"combined-pharmaceutical-dose-form-ema-cs-100000143502\"> </a></td><td>Powder and solution for dental cement</td></tr><tr><td style=\"white-space:nowrap\">100000143546<a name=\"combined-pharmaceutical-dose-form-ema-cs-100000143546\"> </a></td><td>Endotracheopulmonary instillation, powder and solvent for suspension</td></tr><tr><td style=\"white-space:nowrap\">100000143552<a name=\"combined-pharmaceutical-dose-form-ema-cs-100000143552\"> </a></td><td>Powder, solvent and matrix for implantation matrix</td></tr><tr><td style=\"white-space:nowrap\">100000156068<a name=\"combined-pharmaceutical-dose-form-ema-cs-100000156068\"> </a></td><td>Nasal drops, lyophilisate and solvent for suspension</td></tr><tr><td style=\"white-space:nowrap\">100000157796<a name=\"combined-pharmaceutical-dose-form-ema-cs-100000157796\"> </a></td><td>Lyophilisate and suspension for suspension for injection</td></tr><tr><td style=\"white-space:nowrap\">100000164467<a name=\"combined-pharmaceutical-dose-form-ema-cs-100000164467\"> </a></td><td>Powder for concentrate and solution for solution for infusion</td></tr><tr><td style=\"white-space:nowrap\">100000169997<a name=\"combined-pharmaceutical-dose-form-ema-cs-100000169997\"> </a></td><td>Powder and solution for bee-hive solution</td></tr><tr><td style=\"white-space:nowrap\">100000170588<a name=\"combined-pharmaceutical-dose-form-ema-cs-100000170588\"> </a></td><td>Suspension and solvent for oral spray</td></tr><tr><td style=\"white-space:nowrap\">100000171127<a name=\"combined-pharmaceutical-dose-form-ema-cs-100000171127\"> </a></td><td>Lyophilisate and solvent for oral suspension</td></tr><tr><td style=\"white-space:nowrap\">100000171193<a name=\"combined-pharmaceutical-dose-form-ema-cs-100000171193\"> </a></td><td>Concentrate and solvent for concentrate for oral spray, suspension</td></tr><tr><td style=\"white-space:nowrap\">100000171238<a name=\"combined-pharmaceutical-dose-form-ema-cs-100000171238\"> </a></td><td>Lyophilisate and solvent for oculonasal suspension</td></tr><tr><td style=\"white-space:nowrap\">100000171935<a name=\"combined-pharmaceutical-dose-form-ema-cs-100000171935\"> </a></td><td>Emulsion and lyophilisate for suspension for injection</td></tr><tr><td style=\"white-space:nowrap\">100000174065<a name=\"combined-pharmaceutical-dose-form-ema-cs-100000174065\"> </a></td><td>Powder and solvent for syrup</td></tr><tr><td style=\"white-space:nowrap\">200000002161<a name=\"combined-pharmaceutical-dose-form-ema-cs-200000002161\"> </a></td><td>Nasal spray, lyophilisate and solvent for suspension</td></tr><tr><td style=\"white-space:nowrap\">200000002287<a name=\"combined-pharmaceutical-dose-form-ema-cs-200000002287\"> </a></td><td>Powder and solution for bee-hive dispersion</td></tr><tr><td style=\"white-space:nowrap\">200000004201<a name=\"combined-pharmaceutical-dose-form-ema-cs-200000004201\"> </a></td><td>Solution and dispersion for nebuliser dispersion</td></tr><tr><td style=\"white-space:nowrap\">200000004819<a name=\"combined-pharmaceutical-dose-form-ema-cs-200000004819\"> </a></td><td>Effervescent powder and powder for oral suspension</td></tr><tr><td style=\"white-space:nowrap\">200000004820<a name=\"combined-pharmaceutical-dose-form-ema-cs-200000004820\"> </a></td><td>Lyophilisate and solvent for emulsion for injection</td></tr><tr><td style=\"white-space:nowrap\">200000005547<a name=\"combined-pharmaceutical-dose-form-ema-cs-200000005547\"> </a></td><td>Powder and solution for suspension for injection</td></tr><tr><td style=\"white-space:nowrap\">200000010382<a name=\"combined-pharmaceutical-dose-form-ema-cs-200000010382\"> </a></td><td>Lyophilisate and solvent for suspension for nasal spray or injection</td></tr></table></div>"},"url":"https://spor.ema.europa.eu/v1/lists/200000000006","version":"0.1.0","name":"CombinedPharmaceuticalDoseForm_EMA_CS","title":"Combined Pharmaceutical Dose Form EMA","status":"draft","experimental":false,"date":"2024-10-11T11:06:08+00:00","publisher":"UNICOM","contact":[{"name":"UNICOM","telecom":[{"system":"url","value":"http://unicom-project.eu"}]}],"description":"Combined Pharmaceutical Dose Form. Based on EDQM. Re-coded with RMS codes. Used only for authorised dose form.","caseSensitive":false,"compositional":false,"content":"complete","count":77,"concept":[{"code":"100000073366","display":"Powder and solvent for oral solution"},{"code":"100000073651","display":"Powder and solvent for oral suspension"},{"code":"100000073774","display":"Eye drops, powder and solvent for solution"},{"code":"100000073781","display":"Eye drops, powder and solvent for suspension"},{"code":"100000073801","display":"Ear drops, powder and solvent for suspension"},{"code":"100000073860","display":"Powder and solvent for solution for infusion"},{"code":"100000073868","display":"Powder and solvent for solution for injection"},{"code":"100000073869","display":"Powder and solvent for suspension for injection"},{"code":"100000073884","display":"Powder and solvent for implantation paste"},{"code":"100000073891","display":"Endotracheopulmonary instillation, powder and solvent for solution"},{"code":"100000073892","display":"Powder and solvent for endocervical gel"},{"code":"100000073941","display":"Powder and solvent for sealant"},{"code":"100000073972","display":"Concentrate and solvent for concentrate for solution for infusion"},{"code":"100000073973","display":"Concentrate and solvent for cutaneous use"},{"code":"100000073974","display":"Concentrate and solvent for injection"},{"code":"100000073975","display":"Concentrate and solvent for solution for infusion"},{"code":"100000073987","display":"Concentrate and diluent for solution for infusion"},{"code":"100000073988","display":"Concentrate and solvent for cutaneous solution"},{"code":"100000073989","display":"Concentrate and solvent for solution for injection"},{"code":"100000073990","display":"Concentrate and solvent for suspension for injection"},{"code":"100000073999","display":"Granules and solvent for suspension for injection"},{"code":"100000074015","display":"Powder and solvent for concentrate for solution for infusion"},{"code":"100000074016","display":"Powder and solvent for cutaneous solution"},{"code":"100000074017","display":"Powder and solvent for gingival gel"},{"code":"100000074018","display":"Powder and solvent for prolonged-release suspension for injection"},{"code":"100000074030","display":"Powder and solvent for endosinusial solution"},{"code":"100000074031","display":"Powder and solvent for intraocular instillation solution"},{"code":"100000074032","display":"Powder and suspension for suspension for injection"},{"code":"100000074048","display":"Suspension and effervescent granules for oral suspension"},{"code":"100000074051","display":"Tablet and solvent for rectal suspension"},{"code":"100000074053","display":"Powder and solvent for dental gel"},{"code":"100000074056","display":"Gas and solvent for dispersion for injection/infusion"},{"code":"100000074057","display":"Powder and solvent for solution for injection/infusion"},{"code":"100000074061","display":"Suspension and solution for spray"},{"code":"100000074064","display":"Tablet and powder for oral solution"},{"code":"100000075580","display":"Emulsion and suspension for emulsion for injection"},{"code":"100000075584","display":"Powder and solvent for dispersion for injection"},{"code":"100000075587","display":"Powder for mouth wash"},{"code":"100000116137","display":"Lyophilisate and solvent for solution for injection"},{"code":"100000116141","display":"Fibrin sealant-powder and solvent for fibrin sealant"},{"code":"100000116155","display":"Granules and solvent for oral suspension"},{"code":"100000116160","display":"Lyophilisate and solvent for suspension for injection"},{"code":"100000116172","display":"Powder and gel for gel"},{"code":"100000116173","display":"Powder and solution for solution for injection"},{"code":"100000116174","display":"Powder and solvent for epilesional solution"},{"code":"100000116175","display":"Powder and solvent for intravesical solution"},{"code":"100000116176","display":"Powder and solvent for intravesical suspension"},{"code":"100000116177","display":"Powder and solvent for nebuliser solution"},{"code":"100000116179","display":"Powder, dispersion and solvent for concentrate for dispersion for infusion"},{"code":"100000125746","display":"Powder and solvent for emulsion for injection"},{"code":"100000125747","display":"Nasal drops, powder and solvent for solution"},{"code":"100000125777","display":"Suspension and solvent for suspension for injection"},{"code":"100000136318","display":"Concentrate and solvent for solution for injection/infusion"},{"code":"100000136325","display":"Powder and solvent for solution for injection/skin-prick test"},{"code":"100000136558","display":"Lyophilisate and solvent for suspension for nasal administration"},{"code":"100000136560","display":"Powder and solvent for solution for sealant"},{"code":"100000136907","display":"Solution for dispersion for injection/infusion"},{"code":"100000143502","display":"Powder and solution for dental cement"},{"code":"100000143546","display":"Endotracheopulmonary instillation, powder and solvent for suspension"},{"code":"100000143552","display":"Powder, solvent and matrix for implantation matrix"},{"code":"100000156068","display":"Nasal drops, lyophilisate and solvent for suspension"},{"code":"100000157796","display":"Lyophilisate and suspension for suspension for injection"},{"code":"100000164467","display":"Powder for concentrate and solution for solution for infusion"},{"code":"100000169997","display":"Powder and solution for bee-hive solution"},{"code":"100000170588","display":"Suspension and solvent for oral spray"},{"code":"100000171127","display":"Lyophilisate and solvent for oral suspension"},{"code":"100000171193","display":"Concentrate and solvent for concentrate for oral spray, suspension"},{"code":"100000171238","display":"Lyophilisate and solvent for oculonasal suspension"},{"code":"100000171935","display":"Emulsion and lyophilisate for suspension for injection"},{"code":"100000174065","display":"Powder and solvent for syrup"},{"code":"200000002161","display":"Nasal spray, lyophilisate and solvent for suspension"},{"code":"200000002287","display":"Powder and solution for bee-hive dispersion"},{"code":"200000004201","display":"Solution and dispersion for nebuliser dispersion"},{"code":"200000004819","display":"Effervescent powder and powder for oral suspension"},{"code":"200000004820","display":"Lyophilisate and solvent for emulsion for injection"},{"code":"200000005547","display":"Powder and solution for suspension for injection"},{"code":"200000010382","display":"Lyophilisate and solvent for suspension for nasal spray or injection"}]}