{"resourceType":"ValueSet","id":"administration-method","text":{"status":"generated","div":"<div xmlns=\"http://www.w3.org/1999/xhtml\"><p class=\"res-header-id\"><b>Generated Narrative: ValueSet administration-method</b></p><a name=\"administration-method\"> </a><a name=\"hcadministration-method\"> </a><a name=\"administration-method-en-US\"> </a><ul><li>Include these codes as defined in <code>https://standardterms.edqm.eu</code><table class=\"none\"><tr><td style=\"white-space:nowrap\"><b>Code</b></td><td><b>Display</b></td></tr><tr><td>0004</td><td>Administration</td></tr><tr><td>0005</td><td>Application</td></tr><tr><td>0006</td><td>Bathing</td></tr><tr><td>0007</td><td>Chewing</td></tr><tr><td>0008</td><td>Gargling</td></tr><tr><td>0009</td><td>Infusion</td></tr><tr><td>0010</td><td>Inhalation</td></tr><tr><td>0011</td><td>Injection</td></tr><tr><td>0012</td><td>Insertion</td></tr><tr><td>0013</td><td>Instillation</td></tr><tr><td>0014</td><td>Orodispersion</td></tr><tr><td>0015</td><td>Rinsing/washing</td></tr><tr><td>0017</td><td>Spraying</td></tr><tr><td>0018</td><td>Sucking</td></tr><tr><td>0019</td><td>Swallowing</td></tr><tr><td>0020</td><td>Not specified</td></tr><tr><td>0111</td><td>Burning</td></tr><tr><td>0112</td><td>Dialysis</td></tr><tr><td>0113</td><td>Implantation</td></tr></table></li></ul></div>"},"url":"http://unicom-project.eu/fhir/ValueSet/administration-method","version":"0.1.0","name":"AdministrationMethod","title":"EDQM Administration Method","status":"active","experimental":false,"date":"2024-10-11T11:06:08+00:00","publisher":"UNICOM","contact":[{"name":"UNICOM","telecom":[{"system":"url","value":"http://unicom-project.eu"}]}],"description":"ValueSet Administration method from EDQM, AME, see https://standardterms.edqm.eu/#","immutable":false,"compose":{"include":[{"system":"https://standardterms.edqm.eu","concept":[{"code":"0004","display":"Administration"},{"code":"0005","display":"Application"},{"code":"0006","display":"Bathing"},{"code":"0007","display":"Chewing"},{"code":"0008","display":"Gargling"},{"code":"0009","display":"Infusion"},{"code":"0010","display":"Inhalation"},{"code":"0011","display":"Injection"},{"code":"0012","display":"Insertion"},{"code":"0013","display":"Instillation"},{"code":"0014","display":"Orodispersion"},{"code":"0015","display":"Rinsing/washing"},{"code":"0017","display":"Spraying"},{"code":"0018","display":"Sucking"},{"code":"0019","display":"Swallowing"},{"code":"0020","display":"Not specified"},{"code":"0111","display":"Burning"},{"code":"0112","display":"Dialysis"},{"code":"0113","display":"Implantation"}]}]}}