{"resourceType":"ValueSet","id":"marketing-status-spor-vs","text":{"status":"generated","div":"<div xmlns=\"http://www.w3.org/1999/xhtml\"><p class=\"res-header-id\"><b>Generated Narrative: ValueSet marketing-status-spor-vs</b></p><a name=\"marketing-status-spor-vs\"> </a><a name=\"hcmarketing-status-spor-vs\"> </a><a name=\"marketing-status-spor-vs-en-US\"> </a><ul><li>Include all codes defined in <a href=\"CodeSystem-Marketing-Status-ema-cs.html\"><code>https://spor.ema.europa.eu/v1/lists/100000072052</code></a></li></ul></div>"},"url":"http://unicom-project.eu/fhir/ValueSet/marketing-status-spor-vs","version":"0.1.0","name":"SporMarketingStatus","title":"EMA SPOR Marketing Status","status":"draft","experimental":false,"date":"2024-10-11T11:06:08+00:00","publisher":"UNICOM","contact":[{"name":"UNICOM","telecom":[{"system":"url","value":"http://unicom-project.eu"}]}],"description":"Marketing Status","compose":{"include":[{"system":"https://spor.ema.europa.eu/v1/lists/100000072052"}]}}