{
  "resourceType" : "CodeSystem",
  "id" : "country-ema-cs",
  "text" : {
    "status" : "generated",
    "div" : "<div xmlns=\"http://www.w3.org/1999/xhtml\"><p class=\"res-header-id\"><b>Generated Narrative: CodeSystem country-ema-cs</b></p><a name=\"country-ema-cs\"> </a><a name=\"hccountry-ema-cs\"> </a><a name=\"country-ema-cs-en-US\"> </a><p>This case-sensitive code system <code>https://spor.ema.europa.eu/v1/lists/100000000002</code> defines the following codes:</p><table class=\"codes\"><tr><td style=\"white-space:nowrap\"><b>Code</b></td><td><b>Display</b></td></tr><tr><td style=\"white-space:nowrap\">100000000344<a name=\"country-ema-cs-100000000344\"> </a></td><td>Republic of Botswana</td></tr><tr><td style=\"white-space:nowrap\">100000000552<a name=\"country-ema-cs-100000000552\"> </a></td><td>Tuvalu</td></tr><tr><td style=\"white-space:nowrap\">100000000537<a name=\"country-ema-cs-100000000537\"> </a></td><td>Syrian Arab Republic</td></tr><tr><td style=\"white-space:nowrap\">100000000504<a name=\"country-ema-cs-100000000504\"> </a></td><td>Department of R'union</td></tr><tr><td style=\"white-space:nowrap\">100000000354<a name=\"country-ema-cs-100000000354\"> </a></td><td>Canada</td></tr><tr><td style=\"white-space:nowrap\">100000000446<a name=\"country-ema-cs-100000000446\"> </a></td><td>Republic of Liberia</td></tr><tr><td style=\"white-space:nowrap\">100000000431<a name=\"country-ema-cs-100000000431\"> </a></td><td>Jamaica</td></tr><tr><td style=\"white-space:nowrap\">100000000401<a name=\"country-ema-cs-100000000401\"> </a></td><td>Republic of the Gambia</td></tr><tr><td style=\"white-space:nowrap\">100000000393<a name=\"country-ema-cs-100000000393\"> </a></td><td>Republic of the Fiji Islands</td></tr><tr><td style=\"white-space:nowrap\">100000000342<a name=\"country-ema-cs-100000000342\"> </a></td><td>Plurinational State of Bolivia</td></tr><tr><td style=\"white-space:nowrap\">100000000442<a name=\"country-ema-cs-100000000442\"> </a></td><td>Lao People's Democratic Republic</td></tr><tr><td style=\"white-space:nowrap\">100000000542<a name=\"country-ema-cs-100000000542\"> </a></td><td>Timor-Leste</td></tr><tr><td style=\"white-space:nowrap\">100000000335<a name=\"country-ema-cs-100000000335\"> </a></td><td>Barbados</td></tr><tr><td style=\"white-space:nowrap\">100000000521<a name=\"country-ema-cs-100000000521\"> </a></td><td>Republic of Sierra Leone</td></tr><tr><td style=\"white-space:nowrap\">100000000548<a name=\"country-ema-cs-100000000548\"> </a></td><td>Republic of Tunisia</td></tr><tr><td style=\"white-space:nowrap\">100000000469<a name=\"country-ema-cs-100000000469\"> </a></td><td>Mongolia</td></tr><tr><td style=\"white-space:nowrap\">100000000386<a name=\"country-ema-cs-100000000386\"> </a></td><td>Republic of Equatorial Guinea</td></tr><tr><td style=\"white-space:nowrap\">100000000445<a name=\"country-ema-cs-100000000445\"> </a></td><td>Kingdom of Lesotho</td></tr><tr><td style=\"white-space:nowrap\">100000000496<a name=\"country-ema-cs-100000000496\"> </a></td><td>Republic of Paraguay</td></tr><tr><td style=\"white-space:nowrap\">100000000379<a name=\"country-ema-cs-100000000379\"> </a></td><td>Republic of Djibouti</td></tr><tr><td style=\"white-space:nowrap\">100000000558<a name=\"country-ema-cs-100000000558\"> </a></td><td>United States Minor Outlying Islands</td></tr><tr><td style=\"white-space:nowrap\">100000000384<a name=\"country-ema-cs-100000000384\"> </a></td><td>Arab Republic of Egypt</td></tr><tr><td style=\"white-space:nowrap\">100000000534<a name=\"country-ema-cs-100000000534\"> </a></td><td>Kingdom of Eswatini</td></tr><tr><td style=\"white-space:nowrap\">100000000450<a name=\"country-ema-cs-100000000450\"> </a></td><td>Republic of Lithuania</td></tr><tr><td style=\"white-space:nowrap\">100000000567<a name=\"country-ema-cs-100000000567\"> </a></td><td>Territory of the Wallis and Futuna Islands</td></tr><tr><td style=\"white-space:nowrap\">100000000488<a name=\"country-ema-cs-100000000488\"> </a></td><td>Commonwealth of the Northern Mariana Islands</td></tr><tr><td style=\"white-space:nowrap\">100000000553<a name=\"country-ema-cs-100000000553\"> </a></td><td>Republic of Uganda</td></tr><tr><td style=\"white-space:nowrap\">100000000398<a name=\"country-ema-cs-100000000398\"> </a></td><td>Territory of French Polynesia</td></tr><tr><td style=\"white-space:nowrap\">100000000320<a name=\"country-ema-cs-100000000320\"> </a></td><td>Principality of Andorra</td></tr><tr><td style=\"white-space:nowrap\">100000000362<a name=\"country-ema-cs-100000000362\"> </a></td><td>People's Republic of China</td></tr><tr><td style=\"white-space:nowrap\">100000000353<a name=\"country-ema-cs-100000000353\"> </a></td><td>Republic of Cameroon</td></tr><tr><td style=\"white-space:nowrap\">100000000540<a name=\"country-ema-cs-100000000540\"> </a></td><td>United Republic of Tanzania</td></tr><tr><td style=\"white-space:nowrap\">100000000415<a name=\"country-ema-cs-100000000415\"> </a></td><td>Cooperative Republic of Guyana</td></tr><tr><td style=\"white-space:nowrap\">100000000347<a name=\"country-ema-cs-100000000347\"> </a></td><td>British Indian Ocean Territory</td></tr><tr><td style=\"white-space:nowrap\">100000000487<a name=\"country-ema-cs-100000000487\"> </a></td><td>Territory of Norfolk Island</td></tr><tr><td style=\"white-space:nowrap\">100000000439<a name=\"country-ema-cs-100000000439\"> </a></td><td>Republic of Korea</td></tr><tr><td style=\"white-space:nowrap\">100000000497<a name=\"country-ema-cs-100000000497\"> </a></td><td>Republic of Peru</td></tr><tr><td style=\"white-space:nowrap\">100000000380<a name=\"country-ema-cs-100000000380\"> </a></td><td>Commonwealth of Dominica</td></tr><tr><td style=\"white-space:nowrap\">100000000339<a name=\"country-ema-cs-100000000339\"> </a></td><td>Republic of Benin</td></tr><tr><td style=\"white-space:nowrap\">100000000483<a name=\"country-ema-cs-100000000483\"> </a></td><td>Republic of Nicaragua</td></tr><tr><td style=\"white-space:nowrap\">100000000368<a name=\"country-ema-cs-100000000368\"> </a></td><td>Republic of the Congo</td></tr><tr><td style=\"white-space:nowrap\">100000000352<a name=\"country-ema-cs-100000000352\"> </a></td><td>Kingdom of Cambodia</td></tr><tr><td style=\"white-space:nowrap\">100000000345<a name=\"country-ema-cs-100000000345\"> </a></td><td>Bouvet Island</td></tr><tr><td style=\"white-space:nowrap\">100000000349<a name=\"country-ema-cs-100000000349\"> </a></td><td>Republic of Bulgaria</td></tr><tr><td style=\"white-space:nowrap\">100000000383<a name=\"country-ema-cs-100000000383\"> </a></td><td>Republic of Ecuador</td></tr><tr><td style=\"white-space:nowrap\">100000000366<a name=\"country-ema-cs-100000000366\"> </a></td><td>Republic of Colombia</td></tr><tr><td style=\"white-space:nowrap\">100000000509<a name=\"country-ema-cs-100000000509\"> </a></td><td>Federation of Saint Kitts and Nevis</td></tr><tr><td style=\"white-space:nowrap\">100000000389<a name=\"country-ema-cs-100000000389\"> </a></td><td>Federal Democratic Republic of Ethiopia</td></tr><tr><td style=\"white-space:nowrap\">100000000385<a name=\"country-ema-cs-100000000385\"> </a></td><td>Republic of El Salvador</td></tr><tr><td style=\"white-space:nowrap\">100000000454<a name=\"country-ema-cs-100000000454\"> </a></td><td>Republic of Madagascar</td></tr><tr><td style=\"white-space:nowrap\">100000000443<a name=\"country-ema-cs-100000000443\"> </a></td><td>Republic of Latvia</td></tr><tr><td style=\"white-space:nowrap\">100000000512<a name=\"country-ema-cs-100000000512\"> </a></td><td>Saint Vincent and the Grenadines</td></tr><tr><td style=\"white-space:nowrap\">100000000493<a name=\"country-ema-cs-100000000493\"> </a></td><td>Occupied Palestinian Territory</td></tr><tr><td style=\"white-space:nowrap\">100000000410<a name=\"country-ema-cs-100000000410\"> </a></td><td>Territory of Guam</td></tr><tr><td style=\"white-space:nowrap\">100000000463<a name=\"country-ema-cs-100000000463\"> </a></td><td>Republic of Mauritius</td></tr><tr><td style=\"white-space:nowrap\">100000000428<a name=\"country-ema-cs-100000000428\"> </a></td><td>Isle of Man</td></tr><tr><td style=\"white-space:nowrap\">100000000360<a name=\"country-ema-cs-100000000360\"> </a></td><td>Republic of Chad</td></tr><tr><td style=\"white-space:nowrap\">100000000571<a name=\"country-ema-cs-100000000571\"> </a></td><td>Republic of Zambia</td></tr><tr><td style=\"white-space:nowrap\">100000000429<a name=\"country-ema-cs-100000000429\"> </a></td><td>State of Israel</td></tr><tr><td style=\"white-space:nowrap\">100000000424<a name=\"country-ema-cs-100000000424\"> </a></td><td>Republic of Indonesia</td></tr><tr><td style=\"white-space:nowrap\">100000000464<a name=\"country-ema-cs-100000000464\"> </a></td><td>Territorial Collectivity of Mayotte</td></tr><tr><td style=\"white-space:nowrap\">200000016424<a name=\"country-ema-cs-200000016424\"> </a></td><td>Cura'ao</td></tr><tr><td style=\"white-space:nowrap\">100000000495<a name=\"country-ema-cs-100000000495\"> </a></td><td>Independent State of Papua New Guinea</td></tr><tr><td style=\"white-space:nowrap\">100000000511<a name=\"country-ema-cs-100000000511\"> </a></td><td>Territorial Collectivity of Saint Pierre and Miquelon</td></tr><tr><td style=\"white-space:nowrap\">100000000465<a name=\"country-ema-cs-100000000465\"> </a></td><td>United Mexican States</td></tr><tr><td style=\"white-space:nowrap\">100000000503<a name=\"country-ema-cs-100000000503\"> </a></td><td>State of Qatar</td></tr><tr><td style=\"white-space:nowrap\">100000000543<a name=\"country-ema-cs-100000000543\"> </a></td><td>Togolese Republic</td></tr><tr><td style=\"white-space:nowrap\">100000000390<a name=\"country-ema-cs-100000000390\"> </a></td><td>European Union</td></tr><tr><td style=\"white-space:nowrap\">100000000507<a name=\"country-ema-cs-100000000507\"> </a></td><td>Republic of Rwanda</td></tr><tr><td style=\"white-space:nowrap\">100000000461<a name=\"country-ema-cs-100000000461\"> </a></td><td>Department of Martinique</td></tr><tr><td style=\"white-space:nowrap\">100000000400<a name=\"country-ema-cs-100000000400\"> </a></td><td>Gabonese Republic</td></tr><tr><td style=\"white-space:nowrap\">100000000423<a name=\"country-ema-cs-100000000423\"> </a></td><td>Republic of India</td></tr><tr><td style=\"white-space:nowrap\">100000000456<a name=\"country-ema-cs-100000000456\"> </a></td><td>Malaysia</td></tr><tr><td style=\"white-space:nowrap\">100000000451<a name=\"country-ema-cs-100000000451\"> </a></td><td>Grand Duchy of Luxembourg</td></tr><tr><td style=\"white-space:nowrap\">100000000535<a name=\"country-ema-cs-100000000535\"> </a></td><td>Kingdom of Sweden</td></tr><tr><td style=\"white-space:nowrap\">100000110973<a name=\"country-ema-cs-100000110973\"> </a></td><td>Republic of Kosovo</td></tr><tr><td style=\"white-space:nowrap\">100000000441<a name=\"country-ema-cs-100000000441\"> </a></td><td>Kyrgyz Republic</td></tr><tr><td style=\"white-space:nowrap\">100000000350<a name=\"country-ema-cs-100000000350\"> </a></td><td>Burkina Faso</td></tr><tr><td style=\"white-space:nowrap\">100000000536<a name=\"country-ema-cs-100000000536\"> </a></td><td>Swiss Confederation</td></tr><tr><td style=\"white-space:nowrap\">100000000356<a name=\"country-ema-cs-100000000356\"> </a></td><td>Republic of Cape Verde</td></tr><tr><td style=\"white-space:nowrap\">100000000486<a name=\"country-ema-cs-100000000486\"> </a></td><td>Republic of Niue</td></tr><tr><td style=\"white-space:nowrap\">100000000388<a name=\"country-ema-cs-100000000388\"> </a></td><td>Republic of Estonia</td></tr><tr><td style=\"white-space:nowrap\">100000000417<a name=\"country-ema-cs-100000000417\"> </a></td><td>Territory of Heard Island and McDonald Islands</td></tr><tr><td style=\"white-space:nowrap\">100000000416<a name=\"country-ema-cs-100000000416\"> </a></td><td>Republic of Haiti</td></tr><tr><td style=\"white-space:nowrap\">100000000414<a name=\"country-ema-cs-100000000414\"> </a></td><td>Republic of Guinea-Bissau</td></tr><tr><td style=\"white-space:nowrap\">100000000526<a name=\"country-ema-cs-100000000526\"> </a></td><td>Somalia</td></tr><tr><td style=\"white-space:nowrap\">100000000491<a name=\"country-ema-cs-100000000491\"> </a></td><td>Islamic Republic of Pakistan</td></tr><tr><td style=\"white-space:nowrap\">100000000333<a name=\"country-ema-cs-100000000333\"> </a></td><td>Kingdom of Bahrain</td></tr><tr><td style=\"white-space:nowrap\">100000000405<a name=\"country-ema-cs-100000000405\"> </a></td><td>Gibraltar</td></tr><tr><td style=\"white-space:nowrap\">100000000566<a name=\"country-ema-cs-100000000566\"> </a></td><td>Virgin Islands of the United States</td></tr><tr><td style=\"white-space:nowrap\">100000000565<a name=\"country-ema-cs-100000000565\"> </a></td><td>British Virgin Islands</td></tr><tr><td style=\"white-space:nowrap\">100000000397<a name=\"country-ema-cs-100000000397\"> </a></td><td>Department of French Guiana</td></tr><tr><td style=\"white-space:nowrap\">100000000316<a name=\"country-ema-cs-100000000316\"> </a></td><td>'land Islands</td></tr><tr><td style=\"white-space:nowrap\">100000000478<a name=\"country-ema-cs-100000000478\"> </a></td><td>Kingdom of the Netherlands</td></tr><tr><td style=\"white-space:nowrap\">100000000550<a name=\"country-ema-cs-100000000550\"> </a></td><td>Turkmenistan</td></tr><tr><td style=\"white-space:nowrap\">100000110993<a name=\"country-ema-cs-100000110993\"> </a></td><td>Saint Martin (French Part)</td></tr><tr><td style=\"white-space:nowrap\">100000000563<a name=\"country-ema-cs-100000000563\"> </a></td><td>Bolivarian Republic of Venezuela</td></tr><tr><td style=\"white-space:nowrap\">100000000332<a name=\"country-ema-cs-100000000332\"> </a></td><td>The Commonwealth of the Bahamas</td></tr><tr><td style=\"white-space:nowrap\">100000000438<a name=\"country-ema-cs-100000000438\"> </a></td><td>Democratic People's Republic of Korea</td></tr><tr><td style=\"white-space:nowrap\">100000000561<a name=\"country-ema-cs-100000000561\"> </a></td><td>Republic of Uzbekistan</td></tr><tr><td style=\"white-space:nowrap\">100000000419<a name=\"country-ema-cs-100000000419\"> </a></td><td>Republic of Honduras</td></tr><tr><td style=\"white-space:nowrap\">100000000411<a name=\"country-ema-cs-100000000411\"> </a></td><td>Republic of Guatemala</td></tr><tr><td style=\"white-space:nowrap\">100000000538<a name=\"country-ema-cs-100000000538\"> </a></td><td>Taiwan</td></tr><tr><td style=\"white-space:nowrap\">100000000546<a name=\"country-ema-cs-100000000546\"> </a></td><td>Republic of Trinidad and Tobago</td></tr><tr><td style=\"white-space:nowrap\">100000000394<a name=\"country-ema-cs-100000000394\"> </a></td><td>Republic of Finland</td></tr><tr><td style=\"white-space:nowrap\">100000000525<a name=\"country-ema-cs-100000000525\"> </a></td><td>Solomon Islands</td></tr><tr><td style=\"white-space:nowrap\">100000000544<a name=\"country-ema-cs-100000000544\"> </a></td><td>Tokelau</td></tr><tr><td style=\"white-space:nowrap\">100000000404<a name=\"country-ema-cs-100000000404\"> </a></td><td>Republic of Ghana</td></tr><tr><td style=\"white-space:nowrap\">100000000572<a name=\"country-ema-cs-100000000572\"> </a></td><td>Republic of Zimbabwe</td></tr><tr><td style=\"white-space:nowrap\">100000000318<a name=\"country-ema-cs-100000000318\"> </a></td><td>People's Democratic Republic of Algeria</td></tr><tr><td style=\"white-space:nowrap\">100000000391<a name=\"country-ema-cs-100000000391\"> </a></td><td>Faeroe Islands</td></tr><tr><td style=\"white-space:nowrap\">100000000433<a name=\"country-ema-cs-100000000433\"> </a></td><td>Jersey</td></tr><tr><td style=\"white-space:nowrap\">100000000357<a name=\"country-ema-cs-100000000357\"> </a></td><td>Cayman Islands</td></tr><tr><td style=\"white-space:nowrap\">100000000369<a name=\"country-ema-cs-100000000369\"> </a></td><td>Democratic Republic of the Congo</td></tr><tr><td style=\"white-space:nowrap\">100000000340<a name=\"country-ema-cs-100000000340\"> </a></td><td>Bermuda</td></tr><tr><td style=\"white-space:nowrap\">100000000413<a name=\"country-ema-cs-100000000413\"> </a></td><td>Republic of Guinea</td></tr><tr><td style=\"white-space:nowrap\">100000000329<a name=\"country-ema-cs-100000000329\"> </a></td><td>Commonwealth of Australia</td></tr><tr><td style=\"white-space:nowrap\">100000000375<a name=\"country-ema-cs-100000000375\"> </a></td><td>Republic of Cyprus</td></tr><tr><td style=\"white-space:nowrap\">100000000530<a name=\"country-ema-cs-100000000530\"> </a></td><td>Democratic Socialist Republic of Sri Lanka</td></tr><tr><td style=\"white-space:nowrap\">100000000408<a name=\"country-ema-cs-100000000408\"> </a></td><td>Grenada</td></tr><tr><td style=\"white-space:nowrap\">100000000444<a name=\"country-ema-cs-100000000444\"> </a></td><td>Lebanese Republic</td></tr><tr><td style=\"white-space:nowrap\">100000000527<a name=\"country-ema-cs-100000000527\"> </a></td><td>Republic of South Africa</td></tr><tr><td style=\"white-space:nowrap\">100000000533<a name=\"country-ema-cs-100000000533\"> </a></td><td>Svalbard and Jan Mayen Islands</td></tr><tr><td style=\"white-space:nowrap\">100000000505<a name=\"country-ema-cs-100000000505\"> </a></td><td>Romania</td></tr><tr><td style=\"white-space:nowrap\">100000000392<a name=\"country-ema-cs-100000000392\"> </a></td><td>Falkland Islands</td></tr><tr><td style=\"white-space:nowrap\">100000000472<a name=\"country-ema-cs-100000000472\"> </a></td><td>Kingdom of Morocco</td></tr><tr><td style=\"white-space:nowrap\">100000110974<a name=\"country-ema-cs-100000110974\"> </a></td><td>Saint Barthelemy</td></tr><tr><td style=\"white-space:nowrap\">100000000473<a name=\"country-ema-cs-100000000473\"> </a></td><td>Republic of Mozambique</td></tr><tr><td style=\"white-space:nowrap\">100000000568<a name=\"country-ema-cs-100000000568\"> </a></td><td>Western Sahara</td></tr><tr><td style=\"white-space:nowrap\">100000000370<a name=\"country-ema-cs-100000000370\"> </a></td><td>Cook Islands</td></tr><tr><td style=\"white-space:nowrap\">100000000330<a name=\"country-ema-cs-100000000330\"> </a></td><td>Republic of Austria</td></tr><tr><td style=\"white-space:nowrap\">100000000520<a name=\"country-ema-cs-100000000520\"> </a></td><td>Republic of Seychelles</td></tr><tr><td style=\"white-space:nowrap\">100000000363<a name=\"country-ema-cs-100000000363\"> </a></td><td>Christmas Island Territory</td></tr><tr><td style=\"white-space:nowrap\">100000000358<a name=\"country-ema-cs-100000000358\"> </a></td><td>Central African Republic</td></tr><tr><td style=\"white-space:nowrap\">100000000418<a name=\"country-ema-cs-100000000418\"> </a></td><td>the Holy See (Vatican City State)</td></tr><tr><td style=\"white-space:nowrap\">100000000395<a name=\"country-ema-cs-100000000395\"> </a></td><td>French Republic</td></tr><tr><td style=\"white-space:nowrap\">100000000315<a name=\"country-ema-cs-100000000315\"> </a></td><td>Islamic Republic of Afghanistan</td></tr><tr><td style=\"white-space:nowrap\">100000000346<a name=\"country-ema-cs-100000000346\"> </a></td><td>Federative Republic of Brazil</td></tr><tr><td style=\"white-space:nowrap\">100000000455<a name=\"country-ema-cs-100000000455\"> </a></td><td>Republic of Malawi</td></tr><tr><td style=\"white-space:nowrap\">100000000361<a name=\"country-ema-cs-100000000361\"> </a></td><td>Republic of Chile</td></tr><tr><td style=\"white-space:nowrap\">200000010721<a name=\"country-ema-cs-200000010721\"> </a></td><td>Other countries</td></tr><tr><td style=\"white-space:nowrap\">100000000528<a name=\"country-ema-cs-100000000528\"> </a></td><td>South Georgia and the South Sandwich Islands</td></tr><tr><td style=\"white-space:nowrap\">100000000515<a name=\"country-ema-cs-100000000515\"> </a></td><td>Democratic Republic of S'o Tom' and Pr'ncipe</td></tr><tr><td style=\"white-space:nowrap\">100000000564<a name=\"country-ema-cs-100000000564\"> </a></td><td>Socialist Republic of Viet Nam</td></tr><tr><td style=\"white-space:nowrap\">100000000321<a name=\"country-ema-cs-100000000321\"> </a></td><td>Republic of Angola</td></tr><tr><td style=\"white-space:nowrap\">100000000539<a name=\"country-ema-cs-100000000539\"> </a></td><td>Republic of Tajikistan</td></tr><tr><td style=\"white-space:nowrap\">100000000476<a name=\"country-ema-cs-100000000476\"> </a></td><td>Republic of Nauru</td></tr><tr><td style=\"white-space:nowrap\">100000000499<a name=\"country-ema-cs-100000000499\"> </a></td><td>Pitcairn Islands</td></tr><tr><td style=\"white-space:nowrap\">100000000425<a name=\"country-ema-cs-100000000425\"> </a></td><td>Islamic Republic of Iran</td></tr><tr><td style=\"white-space:nowrap\">100000000437<a name=\"country-ema-cs-100000000437\"> </a></td><td>Republic of Kiribati</td></tr><tr><td style=\"white-space:nowrap\">100000000381<a name=\"country-ema-cs-100000000381\"> </a></td><td>Dominican Republic</td></tr><tr><td style=\"white-space:nowrap\">100000000517<a name=\"country-ema-cs-100000000517\"> </a></td><td>Republic of Senegal</td></tr><tr><td style=\"white-space:nowrap\">100000000516<a name=\"country-ema-cs-100000000516\"> </a></td><td>Kingdom of Saudi Arabia</td></tr><tr><td style=\"white-space:nowrap\">100000000323<a name=\"country-ema-cs-100000000323\"> </a></td><td>Antarctica</td></tr><tr><td style=\"white-space:nowrap\">100000000555<a name=\"country-ema-cs-100000000555\"> </a></td><td>United Arab Emirates</td></tr><tr><td style=\"white-space:nowrap\">100000000569<a name=\"country-ema-cs-100000000569\"> </a></td><td>Republic of Yemen</td></tr><tr><td style=\"white-space:nowrap\">100000000407<a name=\"country-ema-cs-100000000407\"> </a></td><td>Greenland</td></tr><tr><td style=\"white-space:nowrap\">100000000502<a name=\"country-ema-cs-100000000502\"> </a></td><td>Commonwealth of Puerto Rico</td></tr><tr><td style=\"white-space:nowrap\">100000000531<a name=\"country-ema-cs-100000000531\"> </a></td><td>Republic of Sudan</td></tr><tr><td style=\"white-space:nowrap\">100000000372<a name=\"country-ema-cs-100000000372\"> </a></td><td>Republic of C'te d'Ivoire</td></tr><tr><td style=\"white-space:nowrap\">100000000325<a name=\"country-ema-cs-100000000325\"> </a></td><td>Argentine Republic</td></tr><tr><td style=\"white-space:nowrap\">100000000557<a name=\"country-ema-cs-100000000557\"> </a></td><td>United States of America</td></tr><tr><td style=\"white-space:nowrap\">100000000500<a name=\"country-ema-cs-100000000500\"> </a></td><td>Republic of Poland</td></tr><tr><td style=\"white-space:nowrap\">100000000532<a name=\"country-ema-cs-100000000532\"> </a></td><td>Republic of Suriname</td></tr><tr><td style=\"white-space:nowrap\">100000000399<a name=\"country-ema-cs-100000000399\"> </a></td><td>French Southern Territories</td></tr><tr><td style=\"white-space:nowrap\">100000000485<a name=\"country-ema-cs-100000000485\"> </a></td><td>Federal Republic of Nigeria</td></tr><tr><td style=\"white-space:nowrap\">100000000448<a name=\"country-ema-cs-100000000448\"> </a></td><td>Great Socialist People's Libyan Arab Jamahiriya</td></tr><tr><td style=\"white-space:nowrap\">100000000409<a name=\"country-ema-cs-100000000409\"> </a></td><td>Department of Guadeloupe</td></tr><tr><td style=\"white-space:nowrap\">100000000551<a name=\"country-ema-cs-100000000551\"> </a></td><td>Turks and Caicos Islands</td></tr><tr><td style=\"white-space:nowrap\">100000000541<a name=\"country-ema-cs-100000000541\"> </a></td><td>Kingdom of Thailand</td></tr><tr><td style=\"white-space:nowrap\">100000000458<a name=\"country-ema-cs-100000000458\"> </a></td><td>Republic of Mali</td></tr><tr><td style=\"white-space:nowrap\">100000000422<a name=\"country-ema-cs-100000000422\"> </a></td><td>Republic of Iceland</td></tr><tr><td style=\"white-space:nowrap\">100000000510<a name=\"country-ema-cs-100000000510\"> </a></td><td>Saint Lucia</td></tr><tr><td style=\"white-space:nowrap\">100000000338<a name=\"country-ema-cs-100000000338\"> </a></td><td>Belize</td></tr><tr><td style=\"white-space:nowrap\">100000000471<a name=\"country-ema-cs-100000000471\"> </a></td><td>Montserrat</td></tr><tr><td style=\"white-space:nowrap\">100000000348<a name=\"country-ema-cs-100000000348\"> </a></td><td>Negara Brunei Darussalam</td></tr><tr><td style=\"white-space:nowrap\">100000000319<a name=\"country-ema-cs-100000000319\"> </a></td><td>Territory of American Samoa</td></tr><tr><td style=\"white-space:nowrap\">100000000432<a name=\"country-ema-cs-100000000432\"> </a></td><td>Japan</td></tr><tr><td style=\"white-space:nowrap\">100000000559<a name=\"country-ema-cs-100000000559\"> </a></td><td>Eastern Republic of Uruguay</td></tr><tr><td style=\"white-space:nowrap\">100000000477<a name=\"country-ema-cs-100000000477\"> </a></td><td>Federal Democratic Republic of Nepal</td></tr><tr><td style=\"white-space:nowrap\">100000000434<a name=\"country-ema-cs-100000000434\"> </a></td><td>Hashemite Kingdom of Jordan</td></tr><tr><td style=\"white-space:nowrap\">100000000481<a name=\"country-ema-cs-100000000481\"> </a></td><td>Territory of New Caledonia and Dependencies</td></tr><tr><td style=\"white-space:nowrap\">100000000466<a name=\"country-ema-cs-100000000466\"> </a></td><td>Federated States of Micronesia</td></tr><tr><td style=\"white-space:nowrap\">100000000492<a name=\"country-ema-cs-100000000492\"> </a></td><td>Republic of Palau</td></tr><tr><td style=\"white-space:nowrap\">100000000513<a name=\"country-ema-cs-100000000513\"> </a></td><td>Independent State of Samoa</td></tr><tr><td style=\"white-space:nowrap\">100000000412<a name=\"country-ema-cs-100000000412\"> </a></td><td>Guernsey</td></tr><tr><td style=\"white-space:nowrap\">100000000334<a name=\"country-ema-cs-100000000334\"> </a></td><td>People's Republic of Bangladesh</td></tr><tr><td style=\"white-space:nowrap\">100000000460<a name=\"country-ema-cs-100000000460\"> </a></td><td>Republic of the Marshall Islands</td></tr><tr><td style=\"white-space:nowrap\">100000000341<a name=\"country-ema-cs-100000000341\"> </a></td><td>Kingdom of Bhutan</td></tr><tr><td style=\"white-space:nowrap\">100000000522<a name=\"country-ema-cs-100000000522\"> </a></td><td>Republic of Singapore</td></tr><tr><td style=\"white-space:nowrap\">100000000494<a name=\"country-ema-cs-100000000494\"> </a></td><td>Republic of Panama</td></tr><tr><td style=\"white-space:nowrap\">100000000529<a name=\"country-ema-cs-100000000529\"> </a></td><td>Kingdom of Spain</td></tr><tr><td style=\"white-space:nowrap\">100000000374<a name=\"country-ema-cs-100000000374\"> </a></td><td>Republic of Cuba</td></tr><tr><td style=\"white-space:nowrap\">100000000482<a name=\"country-ema-cs-100000000482\"> </a></td><td>New Zealand</td></tr><tr><td style=\"white-space:nowrap\">100000000351<a name=\"country-ema-cs-100000000351\"> </a></td><td>Republic of Burundi</td></tr><tr><td style=\"white-space:nowrap\">100000000475<a name=\"country-ema-cs-100000000475\"> </a></td><td>Republic of Namibia</td></tr><tr><td style=\"white-space:nowrap\">100000000420<a name=\"country-ema-cs-100000000420\"> </a></td><td>Hong Kong Special Administrative Region of the People's Republic of China</td></tr><tr><td style=\"white-space:nowrap\">100000000387<a name=\"country-ema-cs-100000000387\"> </a></td><td>State of Eritrea</td></tr><tr><td style=\"white-space:nowrap\">100000000462<a name=\"country-ema-cs-100000000462\"> </a></td><td>Islamic Republic of Mauritania</td></tr><tr><td style=\"white-space:nowrap\">100000000474<a name=\"country-ema-cs-100000000474\"> </a></td><td>Union of Myanmar</td></tr><tr><td style=\"white-space:nowrap\">100000000562<a name=\"country-ema-cs-100000000562\"> </a></td><td>Republic of Vanuatu</td></tr><tr><td style=\"white-space:nowrap\">100000000545<a name=\"country-ema-cs-100000000545\"> </a></td><td>Kingdom of Tonga</td></tr><tr><td style=\"white-space:nowrap\">100000000371<a name=\"country-ema-cs-100000000371\"> </a></td><td>Republic of Costa Rica</td></tr><tr><td style=\"white-space:nowrap\">100000000365<a name=\"country-ema-cs-100000000365\"> </a></td><td>Territory of Cocos (Keeling) Islands</td></tr><tr><td style=\"white-space:nowrap\">100000000327<a name=\"country-ema-cs-100000000327\"> </a></td><td>Aruba</td></tr><tr><td style=\"white-space:nowrap\">100000000498<a name=\"country-ema-cs-100000000498\"> </a></td><td>Republic of the Philippines</td></tr><tr><td style=\"white-space:nowrap\">100000000457<a name=\"country-ema-cs-100000000457\"> </a></td><td>Republic of Maldives</td></tr><tr><td style=\"white-space:nowrap\">100000000324<a name=\"country-ema-cs-100000000324\"> </a></td><td>Antigua and Barbuda</td></tr><tr><td style=\"white-space:nowrap\">100000000436<a name=\"country-ema-cs-100000000436\"> </a></td><td>Republic of Kenya</td></tr><tr><td style=\"white-space:nowrap\">100000000440<a name=\"country-ema-cs-100000000440\"> </a></td><td>State of Kuwait</td></tr><tr><td style=\"white-space:nowrap\">100000000490<a name=\"country-ema-cs-100000000490\"> </a></td><td>Sultanate of Oman</td></tr><tr><td style=\"white-space:nowrap\">100000000426<a name=\"country-ema-cs-100000000426\"> </a></td><td>Republic of Iraq</td></tr><tr><td style=\"white-space:nowrap\">100000000322<a name=\"country-ema-cs-100000000322\"> </a></td><td>Anguilla</td></tr><tr><td style=\"white-space:nowrap\">100000000459<a name=\"country-ema-cs-100000000459\"> </a></td><td>Republic of Malta</td></tr><tr><td style=\"white-space:nowrap\">100000000367<a name=\"country-ema-cs-100000000367\"> </a></td><td>Union of the Comoros</td></tr><tr><td style=\"white-space:nowrap\">100000000508<a name=\"country-ema-cs-100000000508\"> </a></td><td>Saint Helena</td></tr><tr><td style=\"white-space:nowrap\">100000000560<a name=\"country-ema-cs-100000000560\"> </a></td><td>Union of Soviet Socialist Republics</td></tr><tr><td style=\"white-space:nowrap\">100000000355<a name=\"country-ema-cs-100000000355\"> </a></td><td>Autonomous Community of the Canary Islands</td></tr><tr><td style=\"white-space:nowrap\">100000000378<a name=\"country-ema-cs-100000000378\"> </a></td><td>Diego Garcia</td></tr><tr><td style=\"white-space:nowrap\">100000000570<a name=\"country-ema-cs-100000000570\"> </a></td><td>Yugoslavia</td></tr><tr><td style=\"white-space:nowrap\">100000000382<a name=\"country-ema-cs-100000000382\"> </a></td><td>Democratic Republic of East Timor</td></tr><tr><td style=\"white-space:nowrap\">100000000447<a name=\"country-ema-cs-100000000447\"> </a></td><td>Libya Fezzan</td></tr><tr><td style=\"white-space:nowrap\">100000000396<a name=\"country-ema-cs-100000000396\"> </a></td><td>Metropolitan France</td></tr><tr><td style=\"white-space:nowrap\">100000000547<a name=\"country-ema-cs-100000000547\"> </a></td><td>Tristan da Cunha</td></tr><tr><td style=\"white-space:nowrap\">100000000480<a name=\"country-ema-cs-100000000480\"> </a></td><td>Neutral Zone</td></tr><tr><td style=\"white-space:nowrap\">100000000359<a name=\"country-ema-cs-100000000359\"> </a></td><td>Ceuta</td></tr><tr><td style=\"white-space:nowrap\">100000000364<a name=\"country-ema-cs-100000000364\"> </a></td><td>Clipperton Island</td></tr><tr><td style=\"white-space:nowrap\">100000000479<a name=\"country-ema-cs-100000000479\"> </a></td><td>Netherlands Antilles</td></tr><tr><td style=\"white-space:nowrap\">100000000328<a name=\"country-ema-cs-100000000328\"> </a></td><td>Ascension Island</td></tr><tr><td style=\"white-space:nowrap\">100000000519<a name=\"country-ema-cs-100000000519\"> </a></td><td>State Union of Serbia and Montenegro</td></tr><tr><td style=\"white-space:nowrap\">200000026063<a name=\"country-ema-cs-200000026063\"> </a></td><td>Republic of South Sudan</td></tr><tr><td style=\"white-space:nowrap\">100000000421<a name=\"country-ema-cs-100000000421\"> </a></td><td>Republic of Hungary</td></tr><tr><td style=\"white-space:nowrap\">100000000430<a name=\"country-ema-cs-100000000430\"> </a></td><td>Italian Republic</td></tr><tr><td style=\"white-space:nowrap\">100000000449<a name=\"country-ema-cs-100000000449\"> </a></td><td>Principality of Liechtenstein</td></tr><tr><td style=\"white-space:nowrap\">100000000452<a name=\"country-ema-cs-100000000452\"> </a></td><td>Macao Special Administrative Region of the People's Republic of China</td></tr><tr><td style=\"white-space:nowrap\">100000000453<a name=\"country-ema-cs-100000000453\"> </a></td><td>Republic of North Macedonia</td></tr><tr><td style=\"white-space:nowrap\">100000000468<a name=\"country-ema-cs-100000000468\"> </a></td><td>Principality of Monaco</td></tr><tr><td style=\"white-space:nowrap\">100000000470<a name=\"country-ema-cs-100000000470\"> </a></td><td>Montenegro</td></tr><tr><td style=\"white-space:nowrap\">100000000484<a name=\"country-ema-cs-100000000484\"> </a></td><td>Republic of Niger</td></tr><tr><td style=\"white-space:nowrap\">100000000489<a name=\"country-ema-cs-100000000489\"> </a></td><td>Kingdom of Norway</td></tr><tr><td style=\"white-space:nowrap\">100000000506<a name=\"country-ema-cs-100000000506\"> </a></td><td>Russian Federation</td></tr><tr><td style=\"white-space:nowrap\">100000000514<a name=\"country-ema-cs-100000000514\"> </a></td><td>Republic of San Marino</td></tr><tr><td style=\"white-space:nowrap\">100000000523<a name=\"country-ema-cs-100000000523\"> </a></td><td>Slovak Republic</td></tr><tr><td style=\"white-space:nowrap\">100000000524<a name=\"country-ema-cs-100000000524\"> </a></td><td>Republic of Slovenia</td></tr><tr><td style=\"white-space:nowrap\">100000000554<a name=\"country-ema-cs-100000000554\"> </a></td><td>Ukraine</td></tr><tr><td style=\"white-space:nowrap\">100000000556<a name=\"country-ema-cs-100000000556\"> </a></td><td>United Kingdom of Great Britain and Northern Ireland</td></tr><tr><td style=\"white-space:nowrap\">100000000326<a name=\"country-ema-cs-100000000326\"> </a></td><td>Republic of Armenia</td></tr><tr><td style=\"white-space:nowrap\">100000000518<a name=\"country-ema-cs-100000000518\"> </a></td><td>Republic of Serbia</td></tr><tr><td style=\"white-space:nowrap\">100000000331<a name=\"country-ema-cs-100000000331\"> </a></td><td>Republic of Azerbaijan</td></tr><tr><td style=\"white-space:nowrap\">100000000336<a name=\"country-ema-cs-100000000336\"> </a></td><td>Republic of Belarus</td></tr><tr><td style=\"white-space:nowrap\">100000000337<a name=\"country-ema-cs-100000000337\"> </a></td><td>Kingdom of Belgium</td></tr><tr><td style=\"white-space:nowrap\">240000000000<a name=\"country-ema-cs-240000000000\"> </a></td><td>United Kingdom (Northern Ireland)</td></tr><tr><td style=\"white-space:nowrap\">100000000373<a name=\"country-ema-cs-100000000373\"> </a></td><td>Republic of Croatia</td></tr><tr><td style=\"white-space:nowrap\">100000000376<a name=\"country-ema-cs-100000000376\"> </a></td><td>Czech Republic</td></tr><tr><td style=\"white-space:nowrap\">100000000377<a name=\"country-ema-cs-100000000377\"> </a></td><td>Kingdom of Denmark</td></tr><tr><td style=\"white-space:nowrap\">100000000403<a name=\"country-ema-cs-100000000403\"> </a></td><td>Federal Republic of Germany</td></tr><tr><td style=\"white-space:nowrap\">100000000406<a name=\"country-ema-cs-100000000406\"> </a></td><td>Hellenic Republic</td></tr><tr><td style=\"white-space:nowrap\">100000000317<a name=\"country-ema-cs-100000000317\"> </a></td><td>Republic of Albania</td></tr><tr><td style=\"white-space:nowrap\">100000000343<a name=\"country-ema-cs-100000000343\"> </a></td><td>Bosnia and Herzegovina</td></tr><tr><td style=\"white-space:nowrap\">100000000402<a name=\"country-ema-cs-100000000402\"> </a></td><td>Georgia</td></tr><tr><td style=\"white-space:nowrap\">100000000427<a name=\"country-ema-cs-100000000427\"> </a></td><td>Ireland</td></tr><tr><td style=\"white-space:nowrap\">100000000435<a name=\"country-ema-cs-100000000435\"> </a></td><td>Republic of Kazakhstan</td></tr><tr><td style=\"white-space:nowrap\">100000000467<a name=\"country-ema-cs-100000000467\"> </a></td><td>Republic of Moldova</td></tr><tr><td style=\"white-space:nowrap\">100000000501<a name=\"country-ema-cs-100000000501\"> </a></td><td>Portuguese Republic</td></tr><tr><td style=\"white-space:nowrap\">100000000549<a name=\"country-ema-cs-100000000549\"> </a></td><td>Republic of Turkey</td></tr></table></div>"
  },
  "url" : "https://spor.ema.europa.eu/v1/lists/100000000002",
  "version" : "0.1.0",
  "name" : "Country_EMA_CS",
  "title" : "Country EMA",
  "status" : "draft",
  "experimental" : false,
  "date" : "2024-10-11T11:06:08+00:00",
  "publisher" : "UNICOM",
  "contact" : [{
    "name" : "UNICOM",
    "telecom" : [{
      "system" : "url",
      "value" : "http://unicom-project.eu"
    }]
  }],
  "description" : "Country codes by EMA. Based on ISO 3166-1-2, recoded with RMS codes.",
  "caseSensitive" : true,
  "compositional" : false,
  "content" : "complete",
  "count" : 265,
  "concept" : [{
    "code" : "100000000344",
    "display" : "Republic of Botswana"
  },
  {
    "code" : "100000000552",
    "display" : "Tuvalu"
  },
  {
    "code" : "100000000537",
    "display" : "Syrian Arab Republic"
  },
  {
    "code" : "100000000504",
    "display" : "Department of R'union"
  },
  {
    "code" : "100000000354",
    "display" : "Canada"
  },
  {
    "code" : "100000000446",
    "display" : "Republic of Liberia"
  },
  {
    "code" : "100000000431",
    "display" : "Jamaica"
  },
  {
    "code" : "100000000401",
    "display" : "Republic of the Gambia"
  },
  {
    "code" : "100000000393",
    "display" : "Republic of the Fiji Islands"
  },
  {
    "code" : "100000000342",
    "display" : "Plurinational State of Bolivia"
  },
  {
    "code" : "100000000442",
    "display" : "Lao People's Democratic Republic"
  },
  {
    "code" : "100000000542",
    "display" : "Timor-Leste"
  },
  {
    "code" : "100000000335",
    "display" : "Barbados"
  },
  {
    "code" : "100000000521",
    "display" : "Republic of Sierra Leone"
  },
  {
    "code" : "100000000548",
    "display" : "Republic of Tunisia"
  },
  {
    "code" : "100000000469",
    "display" : "Mongolia"
  },
  {
    "code" : "100000000386",
    "display" : "Republic of Equatorial Guinea"
  },
  {
    "code" : "100000000445",
    "display" : "Kingdom of Lesotho"
  },
  {
    "code" : "100000000496",
    "display" : "Republic of Paraguay"
  },
  {
    "code" : "100000000379",
    "display" : "Republic of Djibouti"
  },
  {
    "code" : "100000000558",
    "display" : "United States Minor Outlying Islands"
  },
  {
    "code" : "100000000384",
    "display" : "Arab Republic of Egypt"
  },
  {
    "code" : "100000000534",
    "display" : "Kingdom of Eswatini"
  },
  {
    "code" : "100000000450",
    "display" : "Republic of Lithuania"
  },
  {
    "code" : "100000000567",
    "display" : "Territory of the Wallis and Futuna Islands"
  },
  {
    "code" : "100000000488",
    "display" : "Commonwealth of the Northern Mariana Islands"
  },
  {
    "code" : "100000000553",
    "display" : "Republic of Uganda"
  },
  {
    "code" : "100000000398",
    "display" : "Territory of French Polynesia"
  },
  {
    "code" : "100000000320",
    "display" : "Principality of Andorra"
  },
  {
    "code" : "100000000362",
    "display" : "People's Republic of China"
  },
  {
    "code" : "100000000353",
    "display" : "Republic of Cameroon"
  },
  {
    "code" : "100000000540",
    "display" : "United Republic of Tanzania"
  },
  {
    "code" : "100000000415",
    "display" : "Cooperative Republic of Guyana"
  },
  {
    "code" : "100000000347",
    "display" : "British Indian Ocean Territory"
  },
  {
    "code" : "100000000487",
    "display" : "Territory of Norfolk Island"
  },
  {
    "code" : "100000000439",
    "display" : "Republic of Korea"
  },
  {
    "code" : "100000000497",
    "display" : "Republic of Peru"
  },
  {
    "code" : "100000000380",
    "display" : "Commonwealth of Dominica"
  },
  {
    "code" : "100000000339",
    "display" : "Republic of Benin"
  },
  {
    "code" : "100000000483",
    "display" : "Republic of Nicaragua"
  },
  {
    "code" : "100000000368",
    "display" : "Republic of the Congo"
  },
  {
    "code" : "100000000352",
    "display" : "Kingdom of Cambodia"
  },
  {
    "code" : "100000000345",
    "display" : "Bouvet Island"
  },
  {
    "code" : "100000000349",
    "display" : "Republic of Bulgaria"
  },
  {
    "code" : "100000000383",
    "display" : "Republic of Ecuador"
  },
  {
    "code" : "100000000366",
    "display" : "Republic of Colombia"
  },
  {
    "code" : "100000000509",
    "display" : "Federation of Saint Kitts and Nevis"
  },
  {
    "code" : "100000000389",
    "display" : "Federal Democratic Republic of Ethiopia"
  },
  {
    "code" : "100000000385",
    "display" : "Republic of El Salvador"
  },
  {
    "code" : "100000000454",
    "display" : "Republic of Madagascar"
  },
  {
    "code" : "100000000443",
    "display" : "Republic of Latvia"
  },
  {
    "code" : "100000000512",
    "display" : "Saint Vincent and the Grenadines"
  },
  {
    "code" : "100000000493",
    "display" : "Occupied Palestinian Territory"
  },
  {
    "code" : "100000000410",
    "display" : "Territory of Guam"
  },
  {
    "code" : "100000000463",
    "display" : "Republic of Mauritius"
  },
  {
    "code" : "100000000428",
    "display" : "Isle of Man"
  },
  {
    "code" : "100000000360",
    "display" : "Republic of Chad"
  },
  {
    "code" : "100000000571",
    "display" : "Republic of Zambia"
  },
  {
    "code" : "100000000429",
    "display" : "State of Israel"
  },
  {
    "code" : "100000000424",
    "display" : "Republic of Indonesia"
  },
  {
    "code" : "100000000464",
    "display" : "Territorial Collectivity of Mayotte"
  },
  {
    "code" : "200000016424",
    "display" : "Cura'ao"
  },
  {
    "code" : "100000000495",
    "display" : "Independent State of Papua New Guinea"
  },
  {
    "code" : "100000000511",
    "display" : "Territorial Collectivity of Saint Pierre and Miquelon"
  },
  {
    "code" : "100000000465",
    "display" : "United Mexican States"
  },
  {
    "code" : "100000000503",
    "display" : "State of Qatar"
  },
  {
    "code" : "100000000543",
    "display" : "Togolese Republic"
  },
  {
    "code" : "100000000390",
    "display" : "European Union"
  },
  {
    "code" : "100000000507",
    "display" : "Republic of Rwanda"
  },
  {
    "code" : "100000000461",
    "display" : "Department of Martinique"
  },
  {
    "code" : "100000000400",
    "display" : "Gabonese Republic"
  },
  {
    "code" : "100000000423",
    "display" : "Republic of India"
  },
  {
    "code" : "100000000456",
    "display" : "Malaysia"
  },
  {
    "code" : "100000000451",
    "display" : "Grand Duchy of Luxembourg"
  },
  {
    "code" : "100000000535",
    "display" : "Kingdom of Sweden"
  },
  {
    "code" : "100000110973",
    "display" : "Republic of Kosovo"
  },
  {
    "code" : "100000000441",
    "display" : "Kyrgyz Republic"
  },
  {
    "code" : "100000000350",
    "display" : "Burkina Faso"
  },
  {
    "code" : "100000000536",
    "display" : "Swiss Confederation"
  },
  {
    "code" : "100000000356",
    "display" : "Republic of Cape Verde"
  },
  {
    "code" : "100000000486",
    "display" : "Republic of Niue"
  },
  {
    "code" : "100000000388",
    "display" : "Republic of Estonia"
  },
  {
    "code" : "100000000417",
    "display" : "Territory of Heard Island and McDonald Islands"
  },
  {
    "code" : "100000000416",
    "display" : "Republic of Haiti"
  },
  {
    "code" : "100000000414",
    "display" : "Republic of Guinea-Bissau"
  },
  {
    "code" : "100000000526",
    "display" : "Somalia"
  },
  {
    "code" : "100000000491",
    "display" : "Islamic Republic of Pakistan"
  },
  {
    "code" : "100000000333",
    "display" : "Kingdom of Bahrain"
  },
  {
    "code" : "100000000405",
    "display" : "Gibraltar"
  },
  {
    "code" : "100000000566",
    "display" : "Virgin Islands of the United States"
  },
  {
    "code" : "100000000565",
    "display" : "British Virgin Islands"
  },
  {
    "code" : "100000000397",
    "display" : "Department of French Guiana"
  },
  {
    "code" : "100000000316",
    "display" : "'land Islands"
  },
  {
    "code" : "100000000478",
    "display" : "Kingdom of the Netherlands"
  },
  {
    "code" : "100000000550",
    "display" : "Turkmenistan"
  },
  {
    "code" : "100000110993",
    "display" : "Saint Martin (French Part)"
  },
  {
    "code" : "100000000563",
    "display" : "Bolivarian Republic of Venezuela"
  },
  {
    "code" : "100000000332",
    "display" : "The Commonwealth of the Bahamas"
  },
  {
    "code" : "100000000438",
    "display" : "Democratic People's Republic of Korea"
  },
  {
    "code" : "100000000561",
    "display" : "Republic of Uzbekistan"
  },
  {
    "code" : "100000000419",
    "display" : "Republic of Honduras"
  },
  {
    "code" : "100000000411",
    "display" : "Republic of Guatemala"
  },
  {
    "code" : "100000000538",
    "display" : "Taiwan"
  },
  {
    "code" : "100000000546",
    "display" : "Republic of Trinidad and Tobago"
  },
  {
    "code" : "100000000394",
    "display" : "Republic of Finland"
  },
  {
    "code" : "100000000525",
    "display" : "Solomon Islands"
  },
  {
    "code" : "100000000544",
    "display" : "Tokelau"
  },
  {
    "code" : "100000000404",
    "display" : "Republic of Ghana"
  },
  {
    "code" : "100000000572",
    "display" : "Republic of Zimbabwe"
  },
  {
    "code" : "100000000318",
    "display" : "People's Democratic Republic of Algeria"
  },
  {
    "code" : "100000000391",
    "display" : "Faeroe Islands"
  },
  {
    "code" : "100000000433",
    "display" : "Jersey"
  },
  {
    "code" : "100000000357",
    "display" : "Cayman Islands"
  },
  {
    "code" : "100000000369",
    "display" : "Democratic Republic of the Congo"
  },
  {
    "code" : "100000000340",
    "display" : "Bermuda"
  },
  {
    "code" : "100000000413",
    "display" : "Republic of Guinea"
  },
  {
    "code" : "100000000329",
    "display" : "Commonwealth of Australia"
  },
  {
    "code" : "100000000375",
    "display" : "Republic of Cyprus"
  },
  {
    "code" : "100000000530",
    "display" : "Democratic Socialist Republic of Sri Lanka"
  },
  {
    "code" : "100000000408",
    "display" : "Grenada"
  },
  {
    "code" : "100000000444",
    "display" : "Lebanese Republic"
  },
  {
    "code" : "100000000527",
    "display" : "Republic of South Africa"
  },
  {
    "code" : "100000000533",
    "display" : "Svalbard and Jan Mayen Islands"
  },
  {
    "code" : "100000000505",
    "display" : "Romania"
  },
  {
    "code" : "100000000392",
    "display" : "Falkland Islands"
  },
  {
    "code" : "100000000472",
    "display" : "Kingdom of Morocco"
  },
  {
    "code" : "100000110974",
    "display" : "Saint Barthelemy"
  },
  {
    "code" : "100000000473",
    "display" : "Republic of Mozambique"
  },
  {
    "code" : "100000000568",
    "display" : "Western Sahara"
  },
  {
    "code" : "100000000370",
    "display" : "Cook Islands"
  },
  {
    "code" : "100000000330",
    "display" : "Republic of Austria"
  },
  {
    "code" : "100000000520",
    "display" : "Republic of Seychelles"
  },
  {
    "code" : "100000000363",
    "display" : "Christmas Island Territory"
  },
  {
    "code" : "100000000358",
    "display" : "Central African Republic"
  },
  {
    "code" : "100000000418",
    "display" : "the Holy See (Vatican City State)"
  },
  {
    "code" : "100000000395",
    "display" : "French Republic"
  },
  {
    "code" : "100000000315",
    "display" : "Islamic Republic of Afghanistan"
  },
  {
    "code" : "100000000346",
    "display" : "Federative Republic of Brazil"
  },
  {
    "code" : "100000000455",
    "display" : "Republic of Malawi"
  },
  {
    "code" : "100000000361",
    "display" : "Republic of Chile"
  },
  {
    "code" : "200000010721",
    "display" : "Other countries"
  },
  {
    "code" : "100000000528",
    "display" : "South Georgia and the South Sandwich Islands"
  },
  {
    "code" : "100000000515",
    "display" : "Democratic Republic of S'o Tom' and Pr'ncipe"
  },
  {
    "code" : "100000000564",
    "display" : "Socialist Republic of Viet Nam"
  },
  {
    "code" : "100000000321",
    "display" : "Republic of Angola"
  },
  {
    "code" : "100000000539",
    "display" : "Republic of Tajikistan"
  },
  {
    "code" : "100000000476",
    "display" : "Republic of Nauru"
  },
  {
    "code" : "100000000499",
    "display" : "Pitcairn Islands"
  },
  {
    "code" : "100000000425",
    "display" : "Islamic Republic of Iran"
  },
  {
    "code" : "100000000437",
    "display" : "Republic of Kiribati"
  },
  {
    "code" : "100000000381",
    "display" : "Dominican Republic"
  },
  {
    "code" : "100000000517",
    "display" : "Republic of Senegal"
  },
  {
    "code" : "100000000516",
    "display" : "Kingdom of Saudi Arabia"
  },
  {
    "code" : "100000000323",
    "display" : "Antarctica"
  },
  {
    "code" : "100000000555",
    "display" : "United Arab Emirates"
  },
  {
    "code" : "100000000569",
    "display" : "Republic of Yemen"
  },
  {
    "code" : "100000000407",
    "display" : "Greenland"
  },
  {
    "code" : "100000000502",
    "display" : "Commonwealth of Puerto Rico"
  },
  {
    "code" : "100000000531",
    "display" : "Republic of Sudan"
  },
  {
    "code" : "100000000372",
    "display" : "Republic of C'te d'Ivoire"
  },
  {
    "code" : "100000000325",
    "display" : "Argentine Republic"
  },
  {
    "code" : "100000000557",
    "display" : "United States of America"
  },
  {
    "code" : "100000000500",
    "display" : "Republic of Poland"
  },
  {
    "code" : "100000000532",
    "display" : "Republic of Suriname"
  },
  {
    "code" : "100000000399",
    "display" : "French Southern Territories"
  },
  {
    "code" : "100000000485",
    "display" : "Federal Republic of Nigeria"
  },
  {
    "code" : "100000000448",
    "display" : "Great Socialist People's Libyan Arab Jamahiriya"
  },
  {
    "code" : "100000000409",
    "display" : "Department of Guadeloupe"
  },
  {
    "code" : "100000000551",
    "display" : "Turks and Caicos Islands"
  },
  {
    "code" : "100000000541",
    "display" : "Kingdom of Thailand"
  },
  {
    "code" : "100000000458",
    "display" : "Republic of Mali"
  },
  {
    "code" : "100000000422",
    "display" : "Republic of Iceland"
  },
  {
    "code" : "100000000510",
    "display" : "Saint Lucia"
  },
  {
    "code" : "100000000338",
    "display" : "Belize"
  },
  {
    "code" : "100000000471",
    "display" : "Montserrat"
  },
  {
    "code" : "100000000348",
    "display" : "Negara Brunei Darussalam"
  },
  {
    "code" : "100000000319",
    "display" : "Territory of American Samoa"
  },
  {
    "code" : "100000000432",
    "display" : "Japan"
  },
  {
    "code" : "100000000559",
    "display" : "Eastern Republic of Uruguay"
  },
  {
    "code" : "100000000477",
    "display" : "Federal Democratic Republic of Nepal"
  },
  {
    "code" : "100000000434",
    "display" : "Hashemite Kingdom of Jordan"
  },
  {
    "code" : "100000000481",
    "display" : "Territory of New Caledonia and Dependencies"
  },
  {
    "code" : "100000000466",
    "display" : "Federated States of Micronesia"
  },
  {
    "code" : "100000000492",
    "display" : "Republic of Palau"
  },
  {
    "code" : "100000000513",
    "display" : "Independent State of Samoa"
  },
  {
    "code" : "100000000412",
    "display" : "Guernsey"
  },
  {
    "code" : "100000000334",
    "display" : "People's Republic of Bangladesh"
  },
  {
    "code" : "100000000460",
    "display" : "Republic of the Marshall Islands"
  },
  {
    "code" : "100000000341",
    "display" : "Kingdom of Bhutan"
  },
  {
    "code" : "100000000522",
    "display" : "Republic of Singapore"
  },
  {
    "code" : "100000000494",
    "display" : "Republic of Panama"
  },
  {
    "code" : "100000000529",
    "display" : "Kingdom of Spain"
  },
  {
    "code" : "100000000374",
    "display" : "Republic of Cuba"
  },
  {
    "code" : "100000000482",
    "display" : "New Zealand"
  },
  {
    "code" : "100000000351",
    "display" : "Republic of Burundi"
  },
  {
    "code" : "100000000475",
    "display" : "Republic of Namibia"
  },
  {
    "code" : "100000000420",
    "display" : "Hong Kong Special Administrative Region of the People's Republic of China"
  },
  {
    "code" : "100000000387",
    "display" : "State of Eritrea"
  },
  {
    "code" : "100000000462",
    "display" : "Islamic Republic of Mauritania"
  },
  {
    "code" : "100000000474",
    "display" : "Union of Myanmar"
  },
  {
    "code" : "100000000562",
    "display" : "Republic of Vanuatu"
  },
  {
    "code" : "100000000545",
    "display" : "Kingdom of Tonga"
  },
  {
    "code" : "100000000371",
    "display" : "Republic of Costa Rica"
  },
  {
    "code" : "100000000365",
    "display" : "Territory of Cocos (Keeling) Islands"
  },
  {
    "code" : "100000000327",
    "display" : "Aruba"
  },
  {
    "code" : "100000000498",
    "display" : "Republic of the Philippines"
  },
  {
    "code" : "100000000457",
    "display" : "Republic of Maldives"
  },
  {
    "code" : "100000000324",
    "display" : "Antigua and Barbuda"
  },
  {
    "code" : "100000000436",
    "display" : "Republic of Kenya"
  },
  {
    "code" : "100000000440",
    "display" : "State of Kuwait"
  },
  {
    "code" : "100000000490",
    "display" : "Sultanate of Oman"
  },
  {
    "code" : "100000000426",
    "display" : "Republic of Iraq"
  },
  {
    "code" : "100000000322",
    "display" : "Anguilla"
  },
  {
    "code" : "100000000459",
    "display" : "Republic of Malta"
  },
  {
    "code" : "100000000367",
    "display" : "Union of the Comoros"
  },
  {
    "code" : "100000000508",
    "display" : "Saint Helena"
  },
  {
    "code" : "100000000560",
    "display" : "Union of Soviet Socialist Republics"
  },
  {
    "code" : "100000000355",
    "display" : "Autonomous Community of the Canary Islands"
  },
  {
    "code" : "100000000378",
    "display" : "Diego Garcia"
  },
  {
    "code" : "100000000570",
    "display" : "Yugoslavia"
  },
  {
    "code" : "100000000382",
    "display" : "Democratic Republic of East Timor"
  },
  {
    "code" : "100000000447",
    "display" : "Libya Fezzan"
  },
  {
    "code" : "100000000396",
    "display" : "Metropolitan France"
  },
  {
    "code" : "100000000547",
    "display" : "Tristan da Cunha"
  },
  {
    "code" : "100000000480",
    "display" : "Neutral Zone"
  },
  {
    "code" : "100000000359",
    "display" : "Ceuta"
  },
  {
    "code" : "100000000364",
    "display" : "Clipperton Island"
  },
  {
    "code" : "100000000479",
    "display" : "Netherlands Antilles"
  },
  {
    "code" : "100000000328",
    "display" : "Ascension Island"
  },
  {
    "code" : "100000000519",
    "display" : "State Union of Serbia and Montenegro"
  },
  {
    "code" : "200000026063",
    "display" : "Republic of South Sudan"
  },
  {
    "code" : "100000000421",
    "display" : "Republic of Hungary"
  },
  {
    "code" : "100000000430",
    "display" : "Italian Republic"
  },
  {
    "code" : "100000000449",
    "display" : "Principality of Liechtenstein"
  },
  {
    "code" : "100000000452",
    "display" : "Macao Special Administrative Region of the People's Republic of China"
  },
  {
    "code" : "100000000453",
    "display" : "Republic of North Macedonia"
  },
  {
    "code" : "100000000468",
    "display" : "Principality of Monaco"
  },
  {
    "code" : "100000000470",
    "display" : "Montenegro"
  },
  {
    "code" : "100000000484",
    "display" : "Republic of Niger"
  },
  {
    "code" : "100000000489",
    "display" : "Kingdom of Norway"
  },
  {
    "code" : "100000000506",
    "display" : "Russian Federation"
  },
  {
    "code" : "100000000514",
    "display" : "Republic of San Marino"
  },
  {
    "code" : "100000000523",
    "display" : "Slovak Republic"
  },
  {
    "code" : "100000000524",
    "display" : "Republic of Slovenia"
  },
  {
    "code" : "100000000554",
    "display" : "Ukraine"
  },
  {
    "code" : "100000000556",
    "display" : "United Kingdom of Great Britain and Northern Ireland"
  },
  {
    "code" : "100000000326",
    "display" : "Republic of Armenia"
  },
  {
    "code" : "100000000518",
    "display" : "Republic of Serbia"
  },
  {
    "code" : "100000000331",
    "display" : "Republic of Azerbaijan"
  },
  {
    "code" : "100000000336",
    "display" : "Republic of Belarus"
  },
  {
    "code" : "100000000337",
    "display" : "Kingdom of Belgium"
  },
  {
    "code" : "240000000000",
    "display" : "United Kingdom (Northern Ireland)"
  },
  {
    "code" : "100000000373",
    "display" : "Republic of Croatia"
  },
  {
    "code" : "100000000376",
    "display" : "Czech Republic"
  },
  {
    "code" : "100000000377",
    "display" : "Kingdom of Denmark"
  },
  {
    "code" : "100000000403",
    "display" : "Federal Republic of Germany"
  },
  {
    "code" : "100000000406",
    "display" : "Hellenic Republic"
  },
  {
    "code" : "100000000317",
    "display" : "Republic of Albania"
  },
  {
    "code" : "100000000343",
    "display" : "Bosnia and Herzegovina"
  },
  {
    "code" : "100000000402",
    "display" : "Georgia"
  },
  {
    "code" : "100000000427",
    "display" : "Ireland"
  },
  {
    "code" : "100000000435",
    "display" : "Republic of Kazakhstan"
  },
  {
    "code" : "100000000467",
    "display" : "Republic of Moldova"
  },
  {
    "code" : "100000000501",
    "display" : "Portuguese Republic"
  },
  {
    "code" : "100000000549",
    "display" : "Republic of Turkey"
  }]
}