{
  "resourceType" : "Organization",
  "id" : "LOC-100002580-Zentiva",
  "meta" : {
    "profile" : ["http://unicom-project.eu/fhir/StructureDefinition/PPLOrganization"]
  },
  "text" : {
    "status" : "generated",
    "div" : "<div xmlns=\"http://www.w3.org/1999/xhtml\"><p class=\"res-header-id\"><b>Generated Narrative: Organization LOC-100002580-Zentiva</b></p><a name=\"LOC-100002580-Zentiva\"> </a><a name=\"hcLOC-100002580-Zentiva\"> </a><a name=\"LOC-100002580-Zentiva-en-US\"> </a><p><b>identifier</b>: <code>https://spor.ema.europa.eu/v1/locations</code>/LOC-100002580</p><p><b>name</b>: Zentiva k.s.</p></div>"
  },
  "identifier" : [{
    "system" : "https://spor.ema.europa.eu/v1/locations",
    "value" : "LOC-100002580"
  }],
  "name" : "Zentiva k.s."
}