{
  "resourceType" : "RegulatedAuthorization",
  "id" : "CanifugCremolum-EE-RA",
  "meta" : {
    "profile" : ["http://unicom-project.eu/fhir/StructureDefinition/PPLRegulatedAuthorization"]
  },
  "text" : {
    "status" : "generated",
    "div" : "<div xmlns=\"http://www.w3.org/1999/xhtml\"><p class=\"res-header-id\"><b>Generated Narrative: RegulatedAuthorization CanifugCremolum-EE-RA</b></p><a name=\"CanifugCremolum-EE-RA\"> </a><a name=\"hcCanifugCremolum-EE-RA\"> </a><a name=\"CanifugCremolum-EE-RA-en-US\"> </a><p><b>identifier</b>: 366201</p><p><b>subject</b>: <a href=\"MedicinalProductDefinition-CanifugCremolum-EE-MPD.html\">MedicinalProductDefinition: identifier = http://ema.europa.eu/fhir/mpId#EE-100004795-10280,http://ema.europa.eu/fhir/pmsId#EE00000003; domain = Human use; status = Current; combinedPharmaceuticalDoseForm = Cream + pessary; legalStatusOfSupply = Medicinal Product subject to medical prescription; classification = clotrimazole,clotrimazole</a></p><p><b>type</b>: <span title=\"Codes:{https://spor.ema.europa.eu/v1/lists/220000000060 220000000061}\">Marketing Authorisation</span></p><p><b>region</b>: <span title=\"Codes:{https://spor.ema.europa.eu/v1/lists/100000000002 100000000388}\">Republic of Estonia</span></p><p><b>status</b>: <span title=\"Codes:{https://spor.ema.europa.eu/v1/lists/100000072049 200000017708}\">Valid - Renewed/Varied</span></p><p><b>statusDate</b>: 2011-10-19</p><p><b>holder</b>: <a href=\"Organization-LOC-100004795-Wolff-Arzneimittel.html\">Organization Dr. August Wolff GmbH &amp; Co. KG Arzneimittel</a></p></div>"
  },
  "identifier" : [{
    "value" : "366201"
  }],
  "subject" : [{
    "reference" : "MedicinalProductDefinition/CanifugCremolum-EE-MPD"
  }],
  "type" : {
    "coding" : [{
      "system" : "https://spor.ema.europa.eu/v1/lists/220000000060",
      "code" : "220000000061",
      "display" : "Marketing Authorisation"
    }]
  },
  "region" : [{
    "coding" : [{
      "system" : "https://spor.ema.europa.eu/v1/lists/100000000002",
      "code" : "100000000388",
      "display" : "Republic of Estonia"
    }]
  }],
  "status" : {
    "coding" : [{
      "system" : "https://spor.ema.europa.eu/v1/lists/100000072049",
      "code" : "200000017708",
      "display" : "Valid - Renewed/Varied"
    }]
  },
  "statusDate" : "2011-10-19",
  "holder" : {
    "reference" : "Organization/LOC-100004795-Wolff-Arzneimittel"
  }
}