{
  "resourceType" : "ValueSet",
  "id" : "record-status-spor-vs",
  "text" : {
    "status" : "generated",
    "div" : "<div xmlns=\"http://www.w3.org/1999/xhtml\"><p class=\"res-header-id\"><b>Generated Narrative: ValueSet record-status-spor-vs</b></p><a name=\"record-status-spor-vs\"> </a><a name=\"hcrecord-status-spor-vs\"> </a><a name=\"record-status-spor-vs-en-US\"> </a><ul><li>Include all codes defined in <a href=\"CodeSystem-recordStatus-ema-cs.html\"><code>https://spor.ema.europa.eu/v1/lists/200000005003</code></a></li></ul></div>"
  },
  "url" : "http://unicom-project.eu/fhir/ValueSet/record-status-spor-vs",
  "version" : "0.1.0",
  "name" : "SporRecordStatus",
  "title" : "EMA SPOR Record Status",
  "status" : "draft",
  "experimental" : false,
  "date" : "2024-10-11T11:06:08+00:00",
  "publisher" : "UNICOM",
  "contact" : [{
    "name" : "UNICOM",
    "telecom" : [{
      "system" : "url",
      "value" : "http://unicom-project.eu"
    }]
  }],
  "description" : "Value set for record status.",
  "compose" : {
    "include" : [{
      "system" : "https://spor.ema.europa.eu/v1/lists/200000005003"
    }]
  }
}