{
  "resourceType" : "AdministrableProductDefinition",
  "id" : "CanifugCremolum-100mg-Pessary-EE-APD",
  "meta" : {
    "profile" : ["http://unicom-project.eu/fhir/StructureDefinition/PPLAdministrableProductDefinition"]
  },
  "text" : {
    "status" : "generated",
    "div" : "<div xmlns=\"http://www.w3.org/1999/xhtml\"><p class=\"res-header-id\"><b>Generated Narrative: AdministrableProductDefinition CanifugCremolum-100mg-Pessary-EE-APD</b></p><a name=\"CanifugCremolum-100mg-Pessary-EE-APD\"> </a><a name=\"hcCanifugCremolum-100mg-Pessary-EE-APD\"> </a><a name=\"hcCanifugCremolum-100mg-Pessary-EE-APD-en-US\"> </a><p><b>status</b>: Active</p><p><b>formOf</b>: <a href=\"MedicinalProductDefinition-CanifugCremolum-EE-MPD.html\">MedicinalProductDefinition: identifier = http://ema.europa.eu/fhir/mpId#EE-100004795-10280,http://ema.europa.eu/fhir/pmsId#EE00000003; domain = Human use; status = Current; combinedPharmaceuticalDoseForm = Cream + pessary; legalStatusOfSupply = Medicinal Product subject to medical prescription; classification = clotrimazole,clotrimazole</a></p><p><b>administrableDoseForm</b>: <span title=\"Codes:{https://spor.ema.europa.eu/v1/lists/200000000004 100000073815}\">Pessary</span></p><p><b>unitOfPresentation</b>: <span title=\"Codes:{https://spor.ema.europa.eu/v1/lists/200000000014 200000002137}\">Pessary</span></p><p><b>producedFrom</b>: <a href=\"ManufacturedItemDefinition-CanifugCremolum-100mg-Pessary-EE-MID.html\">ManufacturedItemDefinition: status = active; manufacturedDoseForm = Pessary; unitOfPresentation = Pessary</a></p><h3>RouteOfAdministrations</h3><table class=\"grid\"><tr><td style=\"display: none\">-</td><td><b>Code</b></td></tr><tr><td style=\"display: none\">*</td><td><span title=\"Codes:{https://spor.ema.europa.eu/v1/lists/100000073345 100000073639}\">Vaginal use</span></td></tr></table></div>"
  },
  "status" : "active",
  "formOf" : [{
    "reference" : "MedicinalProductDefinition/CanifugCremolum-EE-MPD"
  }],
  "administrableDoseForm" : {
    "coding" : [{
      "system" : "https://spor.ema.europa.eu/v1/lists/200000000004",
      "code" : "100000073815",
      "display" : "Pessary"
    }]
  },
  "unitOfPresentation" : {
    "coding" : [{
      "system" : "https://spor.ema.europa.eu/v1/lists/200000000014",
      "code" : "200000002137",
      "display" : "Pessary"
    }]
  },
  "producedFrom" : [{
    "reference" : "ManufacturedItemDefinition/CanifugCremolum-100mg-Pessary-EE-MID"
  }],
  "routeOfAdministration" : [{
    "code" : {
      "coding" : [{
        "system" : "https://spor.ema.europa.eu/v1/lists/100000073345",
        "code" : "100000073639",
        "display" : "Vaginal use"
      }]
    }
  }]
}