{
  "resourceType" : "ManufacturedItemDefinition",
  "id" : "CanifugCremolum-100mg-Pessary-EE-MID",
  "meta" : {
    "profile" : ["http://unicom-project.eu/fhir/StructureDefinition/PPLManufacturedItemDefinition"]
  },
  "text" : {
    "status" : "generated",
    "div" : "<div xmlns=\"http://www.w3.org/1999/xhtml\"><p class=\"res-header-id\"><b>Generated Narrative: ManufacturedItemDefinition CanifugCremolum-100mg-Pessary-EE-MID</b></p><a name=\"CanifugCremolum-100mg-Pessary-EE-MID\"> </a><a name=\"hcCanifugCremolum-100mg-Pessary-EE-MID\"> </a><a name=\"hcCanifugCremolum-100mg-Pessary-EE-MID-en-US\"> </a><p><b>status</b>: Active</p><p><b>manufacturedDoseForm</b>: <span title=\"Codes:{https://spor.ema.europa.eu/v1/lists/200000000004 100000073815}\">Pessary</span></p><p><b>unitOfPresentation</b>: <span title=\"Codes:{https://spor.ema.europa.eu/v1/lists/200000000014 200000002137}\">Pessary</span></p></div>"
  },
  "status" : "active",
  "manufacturedDoseForm" : {
    "coding" : [{
      "system" : "https://spor.ema.europa.eu/v1/lists/200000000004",
      "code" : "100000073815",
      "display" : "Pessary"
    }]
  },
  "unitOfPresentation" : {
    "coding" : [{
      "system" : "https://spor.ema.europa.eu/v1/lists/200000000014",
      "code" : "200000002137",
      "display" : "Pessary"
    }]
  }
}