{
  "resourceType" : "ManufacturedItemDefinition",
  "id" : "Cefuroxime-MIP-1500mg-EE-MID",
  "meta" : {
    "profile" : ["http://unicom-project.eu/fhir/StructureDefinition/PPLManufacturedItemDefinition"]
  },
  "text" : {
    "status" : "generated",
    "div" : "<div xmlns=\"http://www.w3.org/1999/xhtml\"><p class=\"res-header-id\"><b>Generated Narrative: ManufacturedItemDefinition Cefuroxime-MIP-1500mg-EE-MID</b></p><a name=\"Cefuroxime-MIP-1500mg-EE-MID\"> </a><a name=\"hcCefuroxime-MIP-1500mg-EE-MID\"> </a><a name=\"hcCefuroxime-MIP-1500mg-EE-MID-en-US\"> </a><p><b>status</b>: Active</p><p><b>manufacturedDoseForm</b>: <span title=\"Codes:{https://spor.ema.europa.eu/v1/lists/200000000004 100000116186}\">Powder for solution for injection/infusion</span></p><p><b>unitOfPresentation</b>: <span title=\"Codes:{https://spor.ema.europa.eu/v1/lists/200000000014 200000002158}\">Vial</span></p></div>"
  },
  "status" : "active",
  "manufacturedDoseForm" : {
    "coding" : [{
      "system" : "https://spor.ema.europa.eu/v1/lists/200000000004",
      "code" : "100000116186",
      "display" : "Powder for solution for injection/infusion"
    }]
  },
  "unitOfPresentation" : {
    "coding" : [{
      "system" : "https://spor.ema.europa.eu/v1/lists/200000000014",
      "code" : "200000002158",
      "display" : "Vial"
    }]
  }
}