{
  "resourceType" : "ManufacturedItemDefinition",
  "id" : "Agen-5mg-Tablet-EE-MID",
  "meta" : {
    "profile" : ["http://unicom-project.eu/fhir/StructureDefinition/PPLManufacturedItemDefinition"]
  },
  "text" : {
    "status" : "generated",
    "div" : "<div xmlns=\"http://www.w3.org/1999/xhtml\"><p class=\"res-header-id\"><b>Generated Narrative: ManufacturedItemDefinition Agen-5mg-Tablet-EE-MID</b></p><a name=\"Agen-5mg-Tablet-EE-MID\"> </a><a name=\"hcAgen-5mg-Tablet-EE-MID\"> </a><a name=\"hcAgen-5mg-Tablet-EE-MID-en-US\"> </a><p><b>status</b>: Active</p><p><b>manufacturedDoseForm</b>: <span title=\"Codes:{https://spor.ema.europa.eu/v1/lists/200000000004 100000073664}\">Tablet</span></p><p><b>unitOfPresentation</b>: <span title=\"Codes:{https://spor.ema.europa.eu/v1/lists/200000000014 200000002152}\">Tablet</span></p></div>"
  },
  "status" : "active",
  "manufacturedDoseForm" : {
    "coding" : [{
      "system" : "https://spor.ema.europa.eu/v1/lists/200000000004",
      "code" : "100000073664",
      "display" : "Tablet"
    }]
  },
  "unitOfPresentation" : {
    "coding" : [{
      "system" : "https://spor.ema.europa.eu/v1/lists/200000000014",
      "code" : "200000002152",
      "display" : "Tablet"
    }]
  }
}