{
  "resourceType" : "RegulatedAuthorization",
  "id" : "Agen-5mg-Tablet-EE-RA",
  "meta" : {
    "profile" : ["http://unicom-project.eu/fhir/StructureDefinition/PPLRegulatedAuthorization"]
  },
  "text" : {
    "status" : "generated",
    "div" : "<div xmlns=\"http://www.w3.org/1999/xhtml\"><p class=\"res-header-id\"><b>Generated Narrative: RegulatedAuthorization Agen-5mg-Tablet-EE-RA</b></p><a name=\"Agen-5mg-Tablet-EE-RA\"> </a><a name=\"hcAgen-5mg-Tablet-EE-RA\"> </a><a name=\"hcAgen-5mg-Tablet-EE-RA-en-US\"> </a><p><b>identifier</b>: 418303</p><p><b>subject</b>: <a href=\"MedicinalProductDefinition-Agen-5mg-Tablet-EE-MPD.html\">MedicinalProductDefinition: identifier = http://ema.europa.eu/fhir/mpId#EE-100002580-15547; domain = Human use; status = Current; combinedPharmaceuticalDoseForm = Tablet; legalStatusOfSupply = Medicinal product subject to medical prescription; classification = amlodipine,amlodipine</a></p><p><b>type</b>: <span title=\"Codes:{https://spor.ema.europa.eu/v1/lists/220000000060 220000000061}\">Marketing Authorisation</span></p><p><b>region</b>: <span title=\"Codes:{https://spor.ema.europa.eu/v1/lists/100000000002 100000000388}\">Republic of Estonia</span></p><p><b>status</b>: <span title=\"Codes:{https://spor.ema.europa.eu/v1/lists/100000072049 200000017708}\">Valid - Renewed/Varied</span></p><p><b>statusDate</b>: 2013-06-07</p><p><b>holder</b>: <a href=\"Organization-LOC-100002580-Zentiva.html\">Organization Zentiva k.s.</a></p></div>"
  },
  "identifier" : [{
    "value" : "418303"
  }],
  "subject" : [{
    "reference" : "MedicinalProductDefinition/Agen-5mg-Tablet-EE-MPD"
  }],
  "type" : {
    "coding" : [{
      "system" : "https://spor.ema.europa.eu/v1/lists/220000000060",
      "code" : "220000000061",
      "display" : "Marketing Authorisation"
    }]
  },
  "region" : [{
    "coding" : [{
      "system" : "https://spor.ema.europa.eu/v1/lists/100000000002",
      "code" : "100000000388",
      "display" : "Republic of Estonia"
    }]
  }],
  "status" : {
    "coding" : [{
      "system" : "https://spor.ema.europa.eu/v1/lists/100000072049",
      "code" : "200000017708",
      "display" : "Valid - Renewed/Varied"
    }]
  },
  "statusDate" : "2013-06-07",
  "holder" : {
    "reference" : "Organization/LOC-100002580-Zentiva"
  }
}