{
  "resourceType" : "ValueSet",
  "id" : "combination-pack",
  "text" : {
    "status" : "generated",
    "div" : "<div xmlns=\"http://www.w3.org/1999/xhtml\"><p class=\"res-header-id\"><b>Generated Narrative: ValueSet combination-pack</b></p><a name=\"combination-pack\"> </a><a name=\"hccombination-pack\"> </a><a name=\"hccombination-pack-en-US\"> </a><ul><li>Include these codes as defined in <code>https://standardterms.edqm.eu</code><table class=\"none\"><tr><td style=\"white-space:nowrap\"><b>Code</b></td><td><b>Display</b></td></tr><tr><td>14001000</td><td>Cream + pessary</td></tr><tr><td>14002000</td><td>Cutaneous solution + medicated sponge</td></tr><tr><td>14003000</td><td>Gastro-resistant tablet + rectal suspension</td></tr><tr><td>14004000</td><td>Vaginal capsule, soft + vaginal cream</td></tr><tr><td>14005000</td><td>Vaginal cream + vaginal tablet</td></tr><tr><td>14006000</td><td>Effervescent granules + film-coated tablet</td></tr><tr><td>14007000</td><td>Effervescent tablet + film-coated tablet</td></tr><tr><td>14008000</td><td>Tablet + vaginal tablet</td></tr><tr><td>14009000</td><td>Cream + vaginal capsule, soft</td></tr><tr><td>14010000</td><td>Cream + vaginal tablet</td></tr><tr><td>14011000</td><td>Film-coated tablet + pessary</td></tr><tr><td>14012000</td><td>Capsule, soft + tablet</td></tr><tr><td>14013000</td><td>Capsule, hard + tablet</td></tr><tr><td>14014000</td><td>Film-coated tablet + tablet</td></tr><tr><td>14015000</td><td>Ointment + vaginal tablet</td></tr><tr><td>14016000</td><td>Effervescent granules + gastro-resistant tablet</td></tr><tr><td>14017000</td><td>Eye drops, solution + eye ointment</td></tr></table></li></ul><p><b>Additional Language Displays</b></p><table class=\"codes\"><tr><td><b>Code</b></td><td><b>Deutsch (German, de)</b></td><td><b>Greek (el)</b></td><td><b>Spanish (es)</b></td><td><b>French (fr)</b></td><td><b>Italian (it)</b></td><td><b>Portuguese (pt)</b></td></tr><tr><td>14001000</td><td>Creme und Vaginalzäpfchen</td><td>Κρέμα +  Κολπικό υπόθετο</td><td>Crema + óvulo</td><td>Crème + ovule</td><td>Crema + ovulo</td><td>Creme + óvulo</td></tr><tr><td>14002000</td><td></td><td>Δερματικό διάλυμα + Σπόγγος φαρμακούχος</td><td>Solución cutánea + esponja medicamentosa</td><td>Solution cutanée + éponge médicamenteuse</td><td>Soluzione cutanea + spugna medicata</td><td>Solução cutânea + esponja medicamentosa</td></tr><tr><td>14003000</td><td>Magensaftresistente Tablette und Rektalsuspension</td><td>Γαστροανθεκτικό δισκίο + Ορθικό εναιώρημα</td><td>Comprimido gastrorresistente + suspensión rectal</td><td>Comprimé gastrorésistant + suspension rectale</td><td>Compressa gastroresistente + sospensione rettale</td><td>Comprimido gastrorresistente + suspensão retal</td></tr><tr><td>14004000</td><td>Weichkapsel zur vaginalen Anwendung und Vaginalcreme</td><td>Κολπικό καψάκιο, μαλακό + κολπική κρέμα</td><td>Cápsula blanda vaginal + crema vaginal</td><td>Capsule molle vaginale + crème vaginale</td><td>Capsula molle vaginale + crema vaginale</td><td>Cápsula mole vaginal + creme vaginal</td></tr><tr><td>14005000</td><td>Vaginalcreme und Vaginaltablette</td><td>Κολπική κρέμα + κολπικό δισκίο</td><td>Crema vaginal + comprimido vaginal</td><td>Crème vaginale + comprimé vaginal</td><td>Crema vaginale + compressa vaginale</td><td>Creme vaginal + comprimido vaginal</td></tr><tr><td>14006000</td><td>Brausegranulat und Filmtablette</td><td>Αναβράζοντα κοκκία + επικαλυμμένο με λεπτό υμένιο δισκίο</td><td>Granulado efervescente + comprimido recubierto con película</td><td>Granulés effervescents + comprimé pelliculé</td><td>Granulato effervescente + compressa rivestita con film</td><td>Granulado efervescente + comprimido revestido por película</td></tr><tr><td>14007000</td><td>Brausetablette und Filmtablette</td><td>Αναβράζον δισκίο +  επικαλυμμένο με λεπτό υμένιο δισκίο</td><td>Comprimido efervescente + comprimido recubierto con película</td><td>Comprimé effervescent + comprimé pelliculé</td><td>Compressa effervescente + compressa rivestita con film</td><td>Comprimido efervescente + comprimido revestido por película</td></tr><tr><td>14008000</td><td>Tablette und Vaginaltablette</td><td>Δισκίο + κολπικό δισκίο</td><td>Comprimido + comprimido vaginal</td><td>Comprimé + comprimé vaginal</td><td>Compressa + compressa vaginale</td><td>Comprimido + comprimido vaginal</td></tr><tr><td>14009000</td><td>Creme und Weichkapsel zur vaginalen Anwendung</td><td>Κρέμα + κολπικό καψάκιο, μαλακό</td><td>Crema + cápsula vaginal blanda</td><td>Crème + capsule molle vaginale</td><td>Crema + capsula molle vaginale</td><td>Creme + cápsula mole vaginal</td></tr><tr><td>14010000</td><td>Creme und Vaginaltablette</td><td>Κρέμα + κολπικό δισκίο</td><td>Crema + comprimido vaginal</td><td>Crème + comprimé vaginal</td><td>Crema + compressa vaginale</td><td>Creme + comprimido vaginal</td></tr><tr><td>14011000</td><td>Filmtablette und Vaginalzäpfchen</td><td>Επικαλυμμένο με λεπτό υμένιο δισκίο + κολπικό υπόθετο</td><td>Comprimido recubierto con película + óvulo</td><td></td><td>Compressa rivestita con film + ovulo</td><td>Comprimido revestido por película + óvulo</td></tr><tr><td>14012000</td><td>Weichkapsel und Tablette</td><td></td><td>Cápsula blanda + comprimido</td><td></td><td>Capsula molle + compressa</td><td>Cápsula mole + comprimido</td></tr><tr><td>14013000</td><td>Hartkapsel und Tablette</td><td></td><td>Cápsula dura + comprimido</td><td></td><td>Capsula rigida + compressa</td><td>Cápsula + comprimido</td></tr><tr><td>14014000</td><td>Filmtablette und Tablette</td><td></td><td>Comprimido recubierto con película + comprimido</td><td></td><td>Compressa rivestita con film + compressa</td><td>Comprimido revestido por película + comprimido</td></tr><tr><td>14015000</td><td></td><td></td><td>Pomada + comprimido vaginal</td><td></td><td>Unguento + compressa vaginale</td><td>Pomada + Comprimido vaginal</td></tr><tr><td>14016000</td><td></td><td></td><td>Granulado efervescente + Comprimido gastrorresistente</td><td>Granulés effervescents + comprimé gastrorésistant</td><td>Granulato effervescente + compressa gastroresistente</td><td>Granulado efervescente + comprimido gastrorresistente</td></tr><tr><td>14017000</td><td></td><td></td><td></td><td></td><td></td><td></td></tr></table></div>"
  },
  "url" : "http://unicom-project.eu/fhir/ValueSet/combination-pack",
  "version" : "0.1.0",
  "name" : "CombinationPack",
  "title" : "EDQM Combination Pack",
  "status" : "active",
  "experimental" : false,
  "date" : "2024-07-10T21:48:54+00:00",
  "publisher" : "UNICOM",
  "contact" : [{
    "name" : "UNICOM",
    "telecom" : [{
      "system" : "url",
      "value" : "http://unicom-project.eu"
    }]
  }],
  "description" : "ValueSet Combination pack (dose form) from EDQM, CMP, see https://standardterms.edqm.eu/#",
  "immutable" : false,
  "compose" : {
    "include" : [{
      "system" : "https://standardterms.edqm.eu",
      "concept" : [{
        "code" : "14001000",
        "display" : "Cream + pessary",
        "designation" : [{
          "language" : "de",
          "value" : "Creme und Vaginalzäpfchen"
        },
        {
          "language" : "el",
          "value" : "Κρέμα +  Κολπικό υπόθετο"
        },
        {
          "language" : "es",
          "value" : "Crema + óvulo"
        },
        {
          "language" : "fr",
          "value" : "Crème + ovule"
        },
        {
          "language" : "it",
          "value" : "Crema + ovulo"
        },
        {
          "language" : "pt",
          "value" : "Creme + óvulo"
        }]
      },
      {
        "code" : "14002000",
        "display" : "Cutaneous solution + medicated sponge",
        "designation" : [{
          "language" : "el",
          "value" : "Δερματικό διάλυμα + Σπόγγος φαρμακούχος"
        },
        {
          "language" : "es",
          "value" : "Solución cutánea + esponja medicamentosa"
        },
        {
          "language" : "fr",
          "value" : "Solution cutanée + éponge médicamenteuse"
        },
        {
          "language" : "it",
          "value" : "Soluzione cutanea + spugna medicata"
        },
        {
          "language" : "pt",
          "value" : "Solução cutânea + esponja medicamentosa"
        }]
      },
      {
        "code" : "14003000",
        "display" : "Gastro-resistant tablet + rectal suspension",
        "designation" : [{
          "language" : "de",
          "value" : "Magensaftresistente Tablette und Rektalsuspension"
        },
        {
          "language" : "el",
          "value" : "Γαστροανθεκτικό δισκίο + Ορθικό εναιώρημα"
        },
        {
          "language" : "es",
          "value" : "Comprimido gastrorresistente + suspensión rectal"
        },
        {
          "language" : "fr",
          "value" : "Comprimé gastrorésistant + suspension rectale"
        },
        {
          "language" : "it",
          "value" : "Compressa gastroresistente + sospensione rettale"
        },
        {
          "language" : "pt",
          "value" : "Comprimido gastrorresistente + suspensão retal"
        }]
      },
      {
        "code" : "14004000",
        "display" : "Vaginal capsule, soft + vaginal cream",
        "designation" : [{
          "language" : "de",
          "value" : "Weichkapsel zur vaginalen Anwendung und Vaginalcreme"
        },
        {
          "language" : "el",
          "value" : "Κολπικό καψάκιο, μαλακό + κολπική κρέμα"
        },
        {
          "language" : "es",
          "value" : "Cápsula blanda vaginal + crema vaginal"
        },
        {
          "language" : "fr",
          "value" : "Capsule molle vaginale + crème vaginale"
        },
        {
          "language" : "it",
          "value" : "Capsula molle vaginale + crema vaginale"
        },
        {
          "language" : "pt",
          "value" : "Cápsula mole vaginal + creme vaginal"
        }]
      },
      {
        "code" : "14005000",
        "display" : "Vaginal cream + vaginal tablet",
        "designation" : [{
          "language" : "de",
          "value" : "Vaginalcreme und Vaginaltablette"
        },
        {
          "language" : "el",
          "value" : "Κολπική κρέμα + κολπικό δισκίο"
        },
        {
          "language" : "es",
          "value" : "Crema vaginal + comprimido vaginal"
        },
        {
          "language" : "fr",
          "value" : "Crème vaginale + comprimé vaginal"
        },
        {
          "language" : "it",
          "value" : "Crema vaginale + compressa vaginale"
        },
        {
          "language" : "pt",
          "value" : "Creme vaginal + comprimido vaginal"
        }]
      },
      {
        "code" : "14006000",
        "display" : "Effervescent granules + film-coated tablet",
        "designation" : [{
          "language" : "de",
          "value" : "Brausegranulat und Filmtablette"
        },
        {
          "language" : "el",
          "value" : "Αναβράζοντα κοκκία + επικαλυμμένο με λεπτό υμένιο δισκίο"
        },
        {
          "language" : "es",
          "value" : "Granulado efervescente + comprimido recubierto con película"
        },
        {
          "language" : "fr",
          "value" : "Granulés effervescents + comprimé pelliculé"
        },
        {
          "language" : "it",
          "value" : "Granulato effervescente + compressa rivestita con film"
        },
        {
          "language" : "pt",
          "value" : "Granulado efervescente + comprimido revestido por película"
        }]
      },
      {
        "code" : "14007000",
        "display" : "Effervescent tablet + film-coated tablet",
        "designation" : [{
          "language" : "de",
          "value" : "Brausetablette und Filmtablette"
        },
        {
          "language" : "el",
          "value" : "Αναβράζον δισκίο +  επικαλυμμένο με λεπτό υμένιο δισκίο"
        },
        {
          "language" : "es",
          "value" : "Comprimido efervescente + comprimido recubierto con película"
        },
        {
          "language" : "fr",
          "value" : "Comprimé effervescent + comprimé pelliculé"
        },
        {
          "language" : "it",
          "value" : "Compressa effervescente + compressa rivestita con film"
        },
        {
          "language" : "pt",
          "value" : "Comprimido efervescente + comprimido revestido por película"
        }]
      },
      {
        "code" : "14008000",
        "display" : "Tablet + vaginal tablet",
        "designation" : [{
          "language" : "de",
          "value" : "Tablette und Vaginaltablette"
        },
        {
          "language" : "el",
          "value" : "Δισκίο + κολπικό δισκίο"
        },
        {
          "language" : "es",
          "value" : "Comprimido + comprimido vaginal"
        },
        {
          "language" : "fr",
          "value" : "Comprimé + comprimé vaginal"
        },
        {
          "language" : "it",
          "value" : "Compressa + compressa vaginale"
        },
        {
          "language" : "pt",
          "value" : "Comprimido + comprimido vaginal"
        }]
      },
      {
        "code" : "14009000",
        "display" : "Cream + vaginal capsule, soft",
        "designation" : [{
          "language" : "de",
          "value" : "Creme und Weichkapsel zur vaginalen Anwendung"
        },
        {
          "language" : "el",
          "value" : "Κρέμα + κολπικό καψάκιο, μαλακό"
        },
        {
          "language" : "es",
          "value" : "Crema + cápsula vaginal blanda"
        },
        {
          "language" : "fr",
          "value" : "Crème + capsule molle vaginale"
        },
        {
          "language" : "it",
          "value" : "Crema + capsula molle vaginale"
        },
        {
          "language" : "pt",
          "value" : "Creme + cápsula mole vaginal"
        }]
      },
      {
        "code" : "14010000",
        "display" : "Cream + vaginal tablet",
        "designation" : [{
          "language" : "de",
          "value" : "Creme und Vaginaltablette"
        },
        {
          "language" : "el",
          "value" : "Κρέμα + κολπικό δισκίο"
        },
        {
          "language" : "es",
          "value" : "Crema + comprimido vaginal"
        },
        {
          "language" : "fr",
          "value" : "Crème + comprimé vaginal"
        },
        {
          "language" : "it",
          "value" : "Crema + compressa vaginale"
        },
        {
          "language" : "pt",
          "value" : "Creme + comprimido vaginal"
        }]
      },
      {
        "code" : "14011000",
        "display" : "Film-coated tablet + pessary",
        "designation" : [{
          "language" : "de",
          "value" : "Filmtablette und Vaginalzäpfchen"
        },
        {
          "language" : "el",
          "value" : "Επικαλυμμένο με λεπτό υμένιο δισκίο + κολπικό υπόθετο"
        },
        {
          "language" : "es",
          "value" : "Comprimido recubierto con película + óvulo"
        },
        {
          "language" : "it",
          "value" : "Compressa rivestita con film + ovulo"
        },
        {
          "language" : "pt",
          "value" : "Comprimido revestido por película + óvulo"
        }]
      },
      {
        "code" : "14012000",
        "display" : "Capsule, soft + tablet",
        "designation" : [{
          "language" : "de",
          "value" : "Weichkapsel und Tablette"
        },
        {
          "language" : "es",
          "value" : "Cápsula blanda + comprimido"
        },
        {
          "language" : "it",
          "value" : "Capsula molle + compressa"
        },
        {
          "language" : "pt",
          "value" : "Cápsula mole + comprimido"
        }]
      },
      {
        "code" : "14013000",
        "display" : "Capsule, hard + tablet",
        "designation" : [{
          "language" : "de",
          "value" : "Hartkapsel und Tablette"
        },
        {
          "language" : "es",
          "value" : "Cápsula dura + comprimido"
        },
        {
          "language" : "it",
          "value" : "Capsula rigida + compressa"
        },
        {
          "language" : "pt",
          "value" : "Cápsula + comprimido"
        }]
      },
      {
        "code" : "14014000",
        "display" : "Film-coated tablet + tablet",
        "designation" : [{
          "language" : "de",
          "value" : "Filmtablette und Tablette"
        },
        {
          "language" : "es",
          "value" : "Comprimido recubierto con película + comprimido"
        },
        {
          "language" : "it",
          "value" : "Compressa rivestita con film + compressa"
        },
        {
          "language" : "pt",
          "value" : "Comprimido revestido por película + comprimido"
        }]
      },
      {
        "code" : "14015000",
        "display" : "Ointment + vaginal tablet",
        "designation" : [{
          "language" : "es",
          "value" : "Pomada + comprimido vaginal"
        },
        {
          "language" : "it",
          "value" : "Unguento + compressa vaginale"
        },
        {
          "language" : "pt",
          "value" : "Pomada + Comprimido vaginal"
        }]
      },
      {
        "code" : "14016000",
        "display" : "Effervescent granules + gastro-resistant tablet",
        "designation" : [{
          "language" : "es",
          "value" : "Granulado efervescente + Comprimido gastrorresistente"
        },
        {
          "language" : "fr",
          "value" : "Granulés effervescents + comprimé gastrorésistant"
        },
        {
          "language" : "it",
          "value" : "Granulato effervescente + compressa gastroresistente"
        },
        {
          "language" : "pt",
          "value" : "Granulado efervescente + comprimido gastrorresistente"
        }]
      },
      {
        "code" : "14017000",
        "display" : "Eye drops, solution + eye ointment"
      }]
    }]
  }
}