[
  {
    "id" : "edqm-ema-pharmaceuticalDoseForm-cm",
    "type" : "ConceptMap",
    "url" : "http://unicom-project.eu/fhir/ConceptMap/edqm-ema-pharmaceuticalDoseForm-cm",
    "version" : "0.1.0"
  },
  {
    "id" : "hl7.eu.fhir.unicom",
    "type" : "ImplementationGuide",
    "url" : "http://unicom-project.eu/fhir/ImplementationGuide/hl7.eu.fhir.unicom",
    "version" : "0.1.0",
    "name" : "UnicomIG"
  },
  {
    "id" : "Equivalent",
    "type" : "OperationDefinition",
    "url" : "http://unicom-project.eu/fhir/OperationDefinition/Equivalent",
    "version" : "0.1.0",
    "name" : "Equivalent"
  },
  {
    "id" : "country",
    "type" : "SearchParameter",
    "url" : "http://unicom-project.eu/fhir/SearchParameter/country",
    "version" : "0.1.0",
    "name" : "country"
  },
  {
    "id" : "name-language-correct",
    "type" : "SearchParameter",
    "url" : "http://unicom-project.eu/fhir/SearchParameter/name-language-correct",
    "version" : "0.1.0",
    "name" : "name-language-correct"
  },
  {
    "id" : "reference-strength-substance",
    "type" : "SearchParameter",
    "url" : "http://unicom-project.eu/fhir/SearchParameter/reference-strength-substance",
    "version" : "0.1.0",
    "name" : "reference-strength-substance"
  },
  {
    "id" : "strength-presentation-quantity",
    "type" : "SearchParameter",
    "url" : "http://unicom-project.eu/fhir/SearchParameter/strength-presentation-quantity",
    "version" : "0.1.0",
    "name" : "strength-presentation-quantity"
  },
  {
    "id" : "strength-presentation-ratio",
    "type" : "SearchParameter",
    "url" : "http://unicom-project.eu/fhir/SearchParameter/strength-presentation-ratio",
    "version" : "0.1.0",
    "name" : "strength-presentation-ratio"
  },
  {
    "id" : "strength-presentation-ratio-denominator",
    "type" : "SearchParameter",
    "url" : "http://unicom-project.eu/fhir/SearchParameter/strength-presentation-ratio-denominator",
    "version" : "0.1.0",
    "name" : "strength-presentation-ratio-numerator"
  },
  {
    "id" : "strength-presentation-ratio-numerator",
    "type" : "SearchParameter",
    "url" : "http://unicom-project.eu/fhir/SearchParameter/strength-presentation-ratio-numerator",
    "version" : "0.1.0",
    "name" : "strength-presentation-ratio-numerator"
  },
  {
    "id" : "strength-quantity-and-substance",
    "type" : "SearchParameter",
    "url" : "http://unicom-project.eu/fhir/SearchParameter/strength-quantity-and-substance",
    "version" : "0.1.0",
    "name" : "strength-quantity-and-substance"
  },
  {
    "id" : "strength-ratio-and-substance",
    "type" : "SearchParameter",
    "url" : "http://unicom-project.eu/fhir/SearchParameter/strength-ratio-and-substance",
    "version" : "0.1.0",
    "name" : "strength-ratio-and-substance"
  },
  {
    "id" : "AD",
    "type" : "StructureDefinition",
    "url" : "http://unicom-project.eu/fhir/StructureDefinition/AD",
    "version" : "0.1.0",
    "name" : "AD"
  },
  {
    "id" : "ANY",
    "type" : "StructureDefinition",
    "url" : "http://unicom-project.eu/fhir/StructureDefinition/ANY",
    "version" : "0.1.0",
    "name" : "ANY"
  },
  {
    "id" : "BL",
    "type" : "StructureDefinition",
    "url" : "http://unicom-project.eu/fhir/StructureDefinition/BL",
    "version" : "0.1.0",
    "name" : "BL"
  },
  {
    "id" : "CD",
    "type" : "StructureDefinition",
    "url" : "http://unicom-project.eu/fhir/StructureDefinition/CD",
    "version" : "0.1.0",
    "name" : "CD"
  },
  {
    "id" : "Class",
    "type" : "StructureDefinition",
    "url" : "http://unicom-project.eu/fhir/StructureDefinition/Class",
    "version" : "0.1.0",
    "name" : "Class"
  },
  {
    "id" : "CrossBorderProduct",
    "type" : "StructureDefinition",
    "url" : "http://unicom-project.eu/fhir/StructureDefinition/CrossBorderProduct",
    "version" : "0.1.0",
    "name" : "CrossBorderProduct"
  },
  {
    "id" : "DT",
    "type" : "StructureDefinition",
    "url" : "http://unicom-project.eu/fhir/StructureDefinition/DT",
    "version" : "0.1.0",
    "name" : "DT"
  },
  {
    "id" : "EN",
    "type" : "StructureDefinition",
    "url" : "http://unicom-project.eu/fhir/StructureDefinition/EN",
    "version" : "0.1.0",
    "name" : "EN"
  },
  {
    "id" : "FullMedicinalProduct",
    "type" : "StructureDefinition",
    "url" : "http://unicom-project.eu/fhir/StructureDefinition/FullMedicinalProduct",
    "version" : "0.1.0",
    "name" : "FullMedicinalProduct"
  },
  {
    "id" : "II",
    "type" : "StructureDefinition",
    "url" : "http://unicom-project.eu/fhir/StructureDefinition/II",
    "version" : "0.1.0",
    "name" : "II"
  },
  {
    "id" : "INT",
    "type" : "StructureDefinition",
    "url" : "http://unicom-project.eu/fhir/StructureDefinition/INT",
    "version" : "0.1.0",
    "name" : "INT"
  },
  {
    "id" : "ManufacturedMaterial",
    "type" : "StructureDefinition",
    "url" : "http://unicom-project.eu/fhir/StructureDefinition/ManufacturedMaterial",
    "version" : "0.1.0",
    "name" : "ManufacturedMaterial"
  },
  {
    "id" : "MedicationAsManufacturedItem",
    "type" : "StructureDefinition",
    "url" : "http://unicom-project.eu/fhir/StructureDefinition/MedicationAsManufacturedItem",
    "version" : "0.1.0",
    "name" : "MedicationAsManufacturedItem"
  },
  {
    "id" : "MedicationAsMedicinalProduct",
    "type" : "StructureDefinition",
    "url" : "http://unicom-project.eu/fhir/StructureDefinition/MedicationAsMedicinalProduct",
    "version" : "0.1.0",
    "name" : "MedicationAsMedicinalProduct"
  },
  {
    "id" : "MedicationModel",
    "type" : "StructureDefinition",
    "url" : "http://unicom-project.eu/fhir/StructureDefinition/MedicationModel",
    "version" : "0.1.0",
    "name" : "MedicationModel"
  },
  {
    "id" : "PPLAdministrableProductDefinition",
    "type" : "StructureDefinition",
    "url" : "http://unicom-project.eu/fhir/StructureDefinition/PPLAdministrableProductDefinition",
    "version" : "0.1.0",
    "name" : "PPLAdministrableProductDefinition"
  },
  {
    "id" : "PPLIngredient",
    "type" : "StructureDefinition",
    "url" : "http://unicom-project.eu/fhir/StructureDefinition/PPLIngredient",
    "version" : "0.1.0",
    "name" : "PPLIngredient"
  },
  {
    "id" : "PPLManufacturedItemDefinition",
    "type" : "StructureDefinition",
    "url" : "http://unicom-project.eu/fhir/StructureDefinition/PPLManufacturedItemDefinition",
    "version" : "0.1.0",
    "name" : "PPLManufacturedItemDefinition"
  },
  {
    "id" : "PPLMedicinalProductDefinition",
    "type" : "StructureDefinition",
    "url" : "http://unicom-project.eu/fhir/StructureDefinition/PPLMedicinalProductDefinition",
    "version" : "0.1.0",
    "name" : "PPLMedicinalProductDefinition"
  },
  {
    "id" : "PPLOrganization",
    "type" : "StructureDefinition",
    "url" : "http://unicom-project.eu/fhir/StructureDefinition/PPLOrganization",
    "version" : "0.1.0",
    "name" : "PPLOrganization"
  },
  {
    "id" : "PPLPackagedProductDefinition",
    "type" : "StructureDefinition",
    "url" : "http://unicom-project.eu/fhir/StructureDefinition/PPLPackagedProductDefinition",
    "version" : "0.1.0",
    "name" : "PPLPackagedProductDefinition"
  },
  {
    "id" : "PPLRegulatedAuthorization",
    "type" : "StructureDefinition",
    "url" : "http://unicom-project.eu/fhir/StructureDefinition/PPLRegulatedAuthorization",
    "version" : "0.1.0",
    "name" : "PPLRegulatedAuthorization"
  },
  {
    "id" : "PQ",
    "type" : "StructureDefinition",
    "url" : "http://unicom-project.eu/fhir/StructureDefinition/PQ",
    "version" : "0.1.0",
    "name" : "PQ"
  },
  {
    "id" : "REAL",
    "type" : "StructureDefinition",
    "url" : "http://unicom-project.eu/fhir/StructureDefinition/REAL",
    "version" : "0.1.0",
    "name" : "REAL"
  },
  {
    "id" : "RTO",
    "type" : "StructureDefinition",
    "url" : "http://unicom-project.eu/fhir/StructureDefinition/RTO",
    "version" : "0.1.0",
    "name" : "RTO"
  },
  {
    "id" : "ST",
    "type" : "StructureDefinition",
    "url" : "http://unicom-project.eu/fhir/StructureDefinition/ST",
    "version" : "0.1.0",
    "name" : "ST"
  },
  {
    "id" : "TS",
    "type" : "StructureDefinition",
    "url" : "http://unicom-project.eu/fhir/StructureDefinition/TS",
    "version" : "0.1.0",
    "name" : "TS"
  },
  {
    "id" : "TransitionAdministrableProductDefinition",
    "type" : "StructureDefinition",
    "url" : "http://unicom-project.eu/fhir/StructureDefinition/TransitionAdministrableProductDefinition",
    "version" : "0.1.0",
    "name" : "TransitionAdministrableProductDefinition"
  },
  {
    "id" : "TransitionIngredient",
    "type" : "StructureDefinition",
    "url" : "http://unicom-project.eu/fhir/StructureDefinition/TransitionIngredient",
    "version" : "0.1.0",
    "name" : "TransitionIngredient"
  },
  {
    "id" : "TransitionManufacturedItemDefinition",
    "type" : "StructureDefinition",
    "url" : "http://unicom-project.eu/fhir/StructureDefinition/TransitionManufacturedItemDefinition",
    "version" : "0.1.0",
    "name" : "TransitionManufacturedItemDefinition"
  },
  {
    "id" : "TransitionMedicinalProductDefinition",
    "type" : "StructureDefinition",
    "url" : "http://unicom-project.eu/fhir/StructureDefinition/TransitionMedicinalProductDefinition",
    "version" : "0.1.0",
    "name" : "TransitionMedicinalProductDefinition"
  },
  {
    "id" : "TransitionOrganization",
    "type" : "StructureDefinition",
    "url" : "http://unicom-project.eu/fhir/StructureDefinition/TransitionOrganization",
    "version" : "0.1.0",
    "name" : "TransitionOrganization"
  },
  {
    "id" : "TransitionPackagedProductDefinition",
    "type" : "StructureDefinition",
    "url" : "http://unicom-project.eu/fhir/StructureDefinition/TransitionPackagedProductDefinition",
    "version" : "0.1.0",
    "name" : "TransitionPackagedProductDefinition"
  },
  {
    "id" : "TransitionRegulatedAuthorization",
    "type" : "StructureDefinition",
    "url" : "http://unicom-project.eu/fhir/StructureDefinition/TransitionRegulatedAuthorization",
    "version" : "0.1.0",
    "name" : "TransitionRegulatedAuthorization"
  },
  {
    "id" : "Untyped",
    "type" : "StructureDefinition",
    "url" : "http://unicom-project.eu/fhir/StructureDefinition/Untyped",
    "version" : "0.1.0",
    "name" : "Untyped"
  },
  {
    "id" : "administrable-doseform",
    "type" : "StructureDefinition",
    "url" : "http://unicom-project.eu/fhir/StructureDefinition/administrable-doseform",
    "version" : "0.1.0",
    "name" : "AdministrableDoseForm"
  },
  {
    "id" : "medicinal-product-classification",
    "type" : "StructureDefinition",
    "url" : "http://unicom-project.eu/fhir/StructureDefinition/medicinal-product-classification",
    "version" : "0.1.0",
    "name" : "MedicinalProductClassification"
  },
  {
    "id" : "medicinal-product-name",
    "type" : "StructureDefinition",
    "url" : "http://unicom-project.eu/fhir/StructureDefinition/medicinal-product-name",
    "version" : "0.1.0",
    "name" : "MedicinalProductName"
  },
  {
    "id" : "administration-device",
    "type" : "ValueSet",
    "url" : "http://unicom-project.eu/fhir/ValueSet/administration-device",
    "version" : "0.1.0",
    "name" : "AdministrationDevice"
  },
  {
    "id" : "administration-method",
    "type" : "ValueSet",
    "url" : "http://unicom-project.eu/fhir/ValueSet/administration-method",
    "version" : "0.1.0",
    "name" : "AdministrationMethod"
  },
  {
    "id" : "all-units-vs",
    "type" : "ValueSet",
    "url" : "http://unicom-project.eu/fhir/ValueSet/all-units-vs",
    "version" : "0.1.0",
    "name" : "AllUnits"
  },
  {
    "id" : "atc-spor-vs",
    "type" : "ValueSet",
    "url" : "http://unicom-project.eu/fhir/ValueSet/atc-spor-vs",
    "version" : "0.1.0",
    "name" : "SporAtc"
  },
  {
    "id" : "authorised-doseform-vs",
    "type" : "ValueSet",
    "url" : "http://unicom-project.eu/fhir/ValueSet/authorised-doseform-vs",
    "version" : "0.1.0",
    "name" : "AuthorisedDoseForm"
  },
  {
    "id" : "basic-dose-form",
    "type" : "ValueSet",
    "url" : "http://unicom-project.eu/fhir/ValueSet/basic-dose-form",
    "version" : "0.1.0",
    "name" : "BasicDoseForm"
  },
  {
    "id" : "closure",
    "type" : "ValueSet",
    "url" : "http://unicom-project.eu/fhir/ValueSet/closure",
    "version" : "0.1.0",
    "name" : "Closure"
  },
  {
    "id" : "combination-pack",
    "type" : "ValueSet",
    "url" : "http://unicom-project.eu/fhir/ValueSet/combination-pack",
    "version" : "0.1.0",
    "name" : "CombinationPack"
  },
  {
    "id" : "combined-pharmaceutical-dose-form",
    "type" : "ValueSet",
    "url" : "http://unicom-project.eu/fhir/ValueSet/combined-pharmaceutical-dose-form",
    "version" : "0.1.0",
    "name" : "CombinedPharmaceuticalDoseForm"
  },
  {
    "id" : "combined-term",
    "type" : "ValueSet",
    "url" : "http://unicom-project.eu/fhir/ValueSet/combined-term",
    "version" : "0.1.0",
    "name" : "CombinedTerm"
  },
  {
    "id" : "container",
    "type" : "ValueSet",
    "url" : "http://unicom-project.eu/fhir/ValueSet/container",
    "version" : "0.1.0",
    "name" : "Container"
  },
  {
    "id" : "country-ema-vs",
    "type" : "ValueSet",
    "url" : "http://unicom-project.eu/fhir/ValueSet/country-ema-vs",
    "version" : "0.1.0",
    "name" : "CountryEMA"
  },
  {
    "id" : "country-iso-vs",
    "type" : "ValueSet",
    "url" : "http://unicom-project.eu/fhir/ValueSet/country-iso-vs",
    "version" : "0.1.0",
    "name" : "CountryISO"
  },
  {
    "id" : "domain-vs",
    "type" : "ValueSet",
    "url" : "http://unicom-project.eu/fhir/ValueSet/domain-vs",
    "version" : "0.1.0",
    "name" : "Domain"
  },
  {
    "id" : "ehdsi-ucum-unit",
    "type" : "ValueSet",
    "url" : "http://unicom-project.eu/fhir/ValueSet/ehdsi-ucum-unit",
    "version" : "0.1.0",
    "name" : "EhdsiUcumUnit"
  },
  {
    "id" : "intended-site",
    "type" : "ValueSet",
    "url" : "http://unicom-project.eu/fhir/ValueSet/intended-site",
    "version" : "0.1.0",
    "name" : "IntendedSite"
  },
  {
    "id" : "language-bcp-vs",
    "type" : "ValueSet",
    "url" : "http://unicom-project.eu/fhir/ValueSet/language-bcp-vs",
    "version" : "0.1.0",
    "name" : "LanguageBCP"
  },
  {
    "id" : "language-ema-vs",
    "type" : "ValueSet",
    "url" : "http://unicom-project.eu/fhir/ValueSet/language-ema-vs",
    "version" : "0.1.0",
    "name" : "LanguageEMA"
  },
  {
    "id" : "legal-status-for-the-supply-vs",
    "type" : "ValueSet",
    "url" : "http://unicom-project.eu/fhir/ValueSet/legal-status-for-the-supply-vs",
    "version" : "0.1.0",
    "name" : "LegalStatusForTheSupply"
  },
  {
    "id" : "marketing-status-spor-vs",
    "type" : "ValueSet",
    "url" : "http://unicom-project.eu/fhir/ValueSet/marketing-status-spor-vs",
    "version" : "0.1.0",
    "name" : "SporMarketingStatus"
  },
  {
    "id" : "material-vs",
    "type" : "ValueSet",
    "url" : "http://unicom-project.eu/fhir/ValueSet/material-vs",
    "version" : "0.1.0",
    "name" : "Material"
  },
  {
    "id" : "packaging-category",
    "type" : "ValueSet",
    "url" : "http://unicom-project.eu/fhir/ValueSet/packaging-category",
    "version" : "0.1.0",
    "name" : "PackagingCategory"
  },
  {
    "id" : "packaging-spor-vs",
    "type" : "ValueSet",
    "url" : "http://unicom-project.eu/fhir/ValueSet/packaging-spor-vs",
    "version" : "0.1.0",
    "name" : "SporPackaging"
  },
  {
    "id" : "patient-friendly-term",
    "type" : "ValueSet",
    "url" : "http://unicom-project.eu/fhir/ValueSet/patient-friendly-term",
    "version" : "0.1.0",
    "name" : "PatientFriendlyTerm"
  },
  {
    "id" : "pharmaceutical-dose-form",
    "type" : "ValueSet",
    "url" : "http://unicom-project.eu/fhir/ValueSet/pharmaceutical-dose-form",
    "version" : "0.1.0",
    "name" : "PharmaceuticalDoseForm"
  },
  {
    "id" : "pharmaceutical-doseform-vs",
    "type" : "ValueSet",
    "url" : "http://unicom-project.eu/fhir/ValueSet/pharmaceutical-doseform-vs",
    "version" : "0.1.0",
    "name" : "PharmaceuticalDoseForm"
  },
  {
    "id" : "record-status-spor-vs",
    "type" : "ValueSet",
    "url" : "http://unicom-project.eu/fhir/ValueSet/record-status-spor-vs",
    "version" : "0.1.0",
    "name" : "SporRecordStatus"
  },
  {
    "id" : "regulatory-status-spor-vs",
    "type" : "ValueSet",
    "url" : "http://unicom-project.eu/fhir/ValueSet/regulatory-status-spor-vs",
    "version" : "0.1.0",
    "name" : "SporRegulatoryStatus"
  },
  {
    "id" : "route-of-administration",
    "type" : "ValueSet",
    "url" : "http://unicom-project.eu/fhir/ValueSet/route-of-administration",
    "version" : "0.1.0",
    "name" : "RouteOfAdministration"
  },
  {
    "id" : "routes-and-methods-of-administration-vs",
    "type" : "ValueSet",
    "url" : "http://unicom-project.eu/fhir/ValueSet/routes-and-methods-of-administration-vs",
    "version" : "0.1.0",
    "name" : "RoutesAndMethodsOfAdministration"
  },
  {
    "id" : "shelflifetype-spor-vs",
    "type" : "ValueSet",
    "url" : "http://unicom-project.eu/fhir/ValueSet/shelflifetype-spor-vs",
    "version" : "0.1.0",
    "name" : "SporShelfLifeType"
  },
  {
    "id" : "substances-vs",
    "type" : "ValueSet",
    "url" : "http://unicom-project.eu/fhir/ValueSet/substances-vs",
    "version" : "0.1.0",
    "name" : "SubstancesSMS"
  },
  {
    "id" : "unit-of-measurement-vs",
    "type" : "ValueSet",
    "url" : "http://unicom-project.eu/fhir/ValueSet/unit-of-measurement-vs",
    "version" : "0.1.0",
    "name" : "UnitOfMeasurement"
  },
  {
    "id" : "unit-of-presentation",
    "type" : "ValueSet",
    "url" : "http://unicom-project.eu/fhir/ValueSet/unit-of-presentation",
    "version" : "0.1.0",
    "name" : "UnitOfPresentation"
  },
  {
    "id" : "unit-of-presentation-vs",
    "type" : "ValueSet",
    "url" : "http://unicom-project.eu/fhir/ValueSet/unit-of-presentation-vs",
    "version" : "0.1.0",
    "name" : "UnitOfPresentation"
  },
  {
    "id" : "whoatc-unicom",
    "type" : "ValueSet",
    "url" : "http://unicom-project.eu/fhir/ValueSet/whoatc-unicom",
    "version" : "0.1.0",
    "name" : "VsWhoAtcUnicom"
  },
  {
    "id" : "country-ema-cs",
    "type" : "CodeSystem",
    "url" : "https://spor.ema.europa.eu/v1/lists/100000000002",
    "version" : "0.1.0",
    "name" : "Country_EMA_CS"
  },
  {
    "id" : "domain-ema-cs",
    "type" : "CodeSystem",
    "url" : "https://spor.ema.europa.eu/v1/lists/100000000004",
    "version" : "0.1.0",
    "name" : "Domain_EMA_CS"
  },
  {
    "id" : "regulatoryStatus-ema-cs",
    "type" : "CodeSystem",
    "url" : "https://spor.ema.europa.eu/v1/lists/100000072049",
    "version" : "0.1.0",
    "name" : "RegulatoryStatus_EMA_CS"
  },
  {
    "id" : "legal-status-for-the-supply-ema-cs",
    "type" : "CodeSystem",
    "url" : "https://spor.ema.europa.eu/v1/lists/100000072051",
    "version" : "0.1.0",
    "name" : "LegalStatusForTheSupply_EMA_CS"
  },
  {
    "id" : "Marketing-Status-ema-cs",
    "type" : "CodeSystem",
    "url" : "https://spor.ema.europa.eu/v1/lists/100000072052",
    "version" : "0.1.0",
    "name" : "Marketing_Status_EMA_CS"
  },
  {
    "id" : "language-ema-cs",
    "type" : "CodeSystem",
    "url" : "https://spor.ema.europa.eu/v1/lists/100000072057",
    "version" : "0.1.0",
    "name" : "Language_EMA_CS"
  },
  {
    "id" : "routes-and-methods-of-administration-ema-cs",
    "type" : "CodeSystem",
    "url" : "https://spor.ema.europa.eu/v1/lists/100000073345",
    "version" : "0.1.0",
    "name" : "Routes_And_Methods_Of_Administration_EMA_CS"
  },
  {
    "id" : "packaging-ema-cs",
    "type" : "CodeSystem",
    "url" : "https://spor.ema.europa.eu/v1/lists/100000073346",
    "version" : "0.1.0",
    "name" : "Packaging_EMA_CS"
  },
  {
    "id" : "ATC-Human-EMA",
    "type" : "CodeSystem",
    "url" : "https://spor.ema.europa.eu/v1/lists/100000093533",
    "version" : "0.1.0",
    "name" : "ATC_Human_EMA"
  },
  {
    "id" : "unit-of-measurement-ema-cs",
    "type" : "CodeSystem",
    "url" : "https://spor.ema.europa.eu/v1/lists/100000110633",
    "version" : "0.1.0",
    "name" : "UnitOfMeasurement_EMA_CS"
  },
  {
    "id" : "pharmaceutical-dose-form-ema-cs",
    "type" : "CodeSystem",
    "url" : "https://spor.ema.europa.eu/v1/lists/200000000004",
    "version" : "0.1.0",
    "name" : "PharmaceuticalDoseForm_EMA_CS"
  },
  {
    "id" : "combined-pharmaceutical-dose-form-ema-cs",
    "type" : "CodeSystem",
    "url" : "https://spor.ema.europa.eu/v1/lists/200000000006",
    "version" : "0.1.0",
    "name" : "CombinedPharmaceuticalDoseForm_EMA_CS"
  },
  {
    "id" : "combined-term-ema-cs",
    "type" : "CodeSystem",
    "url" : "https://spor.ema.europa.eu/v1/lists/200000000007",
    "version" : "0.1.0",
    "name" : "CombinedTerm_EMA_CS"
  },
  {
    "id" : "combination-package-ema-cs",
    "type" : "CodeSystem",
    "url" : "https://spor.ema.europa.eu/v1/lists/200000000008",
    "version" : "0.1.0",
    "name" : "CombinationPackage_EMA_CS"
  },
  {
    "id" : "unit-of-presentation-ema-cs",
    "type" : "CodeSystem",
    "url" : "https://spor.ema.europa.eu/v1/lists/200000000014",
    "version" : "0.1.0",
    "name" : "UnitOfPresentation_EMA_CS"
  },
  {
    "id" : "material-ema-cs",
    "type" : "CodeSystem",
    "url" : "https://spor.ema.europa.eu/v1/lists/200000003199",
    "version" : "0.1.0",
    "name" : "Material_EMA_CS"
  },
  {
    "id" : "recordStatus-ema-cs",
    "type" : "CodeSystem",
    "url" : "https://spor.ema.europa.eu/v1/lists/200000005003",
    "version" : "0.1.0",
    "name" : "RecordStatus_EMA_CS"
  },
  {
    "id" : "substance-sms-cs",
    "type" : "CodeSystem",
    "url" : "https://spor.ema.europa.eu/v2/SubstanceDefinition",
    "version" : "0.1.0",
    "name" : "Substance_SMS_CS"
  }
]
