<?xml version="1.0" encoding="UTF-8"?><ValueSet xmlns="http://hl7.org/fhir"><id value="legal-status-for-the-supply-vs"/><text><status value="generated"/><div xmlns="http://www.w3.org/1999/xhtml"><ul><li>Include all codes defined in <a href="CodeSystem-legal-status-for-the-supply-ema-cs.html"><code>https://spor.ema.europa.eu/v1/lists/100000072051</code></a></li></ul></div></text><url value="http://unicom-project.eu/fhir/ValueSet/legal-status-for-the-supply-vs"/><version value="0.1.0"/><name value="LegalStatusForTheSupply"/><title value="EMA SPOR Legal Status for the Supply"/><status value="draft"/><experimental value="false"/><date value="2023-11-20T21:10:00+00:00"/><publisher value="UNICOM"/><contact><name value="UNICOM"/><telecom><system value="url"/><value value="http://unicom-project.eu"/></telecom></contact><description value="EMA SPOR RMS list"/><compose><include><system value="https://spor.ema.europa.eu/v1/lists/100000072051"/></include></compose></ValueSet>