<?xml version="1.0" encoding="UTF-8"?><ValueSet xmlns="http://hl7.org/fhir"><id value="unit-of-measurement-vs"/><text><status value="generated"/><div xmlns="http://www.w3.org/1999/xhtml"><ul><li>Include all codes defined in <a href="CodeSystem-unit-of-measurement-ema-cs.html"><code>https://spor.ema.europa.eu/v1/lists/100000110633</code></a></li></ul></div></text><url value="http://unicom-project.eu/fhir/ValueSet/unit-of-measurement-vs"/><version value="0.1.0"/><name value="UnitOfMeasurement"/><title value="EMA SPOR Unit of Measurement"/><status value="draft"/><experimental value="false"/><date value="2023-11-20T21:10:00+00:00"/><publisher value="UNICOM"/><contact><name value="UNICOM"/><telecom><system value="url"/><value value="http://unicom-project.eu"/></telecom></contact><description value="Units of measurement. EMA SPOR RMS list based on UCUM."/><compose><include><system value="https://spor.ema.europa.eu/v1/lists/100000110633"/></include></compose></ValueSet>