<?xml version="1.0" encoding="UTF-8"?><CodeSystem xmlns="http://hl7.org/fhir"><id value="combined-term-ema-cs"/><text><status value="generated"/><div xmlns="http://www.w3.org/1999/xhtml"><p>This case-insensitive code system <code>https://spor.ema.europa.eu/v1/lists/200000000007</code> defines the following codes:</p><table class="codes"><tr><td style="white-space:nowrap"><b>Code</b></td><td><b>Display</b></td></tr><tr><td style="white-space:nowrap">100000136320<a name="combined-term-ema-cs-100000136320"> </a></td><td>Eye drops, prolonged-release solution in single-dose container</td></tr><tr><td style="white-space:nowrap">100000136321<a name="combined-term-ema-cs-100000136321"> </a></td><td>Eye drops, suspension in single-dose container</td></tr><tr><td style="white-space:nowrap">100000136322<a name="combined-term-ema-cs-100000136322"> </a></td><td>Eye ointment in single-dose container</td></tr><tr><td style="white-space:nowrap">100000136323<a name="combined-term-ema-cs-100000136323"> </a></td><td>Granules for oral solution in sachet</td></tr><tr><td style="white-space:nowrap">200000017731<a name="combined-term-ema-cs-200000017731"> </a></td><td>Powder for oral suspension in sachet</td></tr><tr><td style="white-space:nowrap">100000166823<a name="combined-term-ema-cs-100000166823"> </a></td><td>Solution for injection in pre-filled injector</td></tr><tr><td style="white-space:nowrap">100000167461<a name="combined-term-ema-cs-100000167461"> </a></td><td>Solution for injection in dose-dispenser cartridge</td></tr><tr><td style="white-space:nowrap">100000174056<a name="combined-term-ema-cs-100000174056"> </a></td><td>Solution for injection in administration system</td></tr><tr><td style="white-space:nowrap">100000174057<a name="combined-term-ema-cs-100000174057"> </a></td><td>Powder and solvent for prolonged-release suspension for injection in pre-filled syringe</td></tr><tr><td style="white-space:nowrap">100000174058<a name="combined-term-ema-cs-100000174058"> </a></td><td>Powder for oral/rectal suspension in sachet</td></tr><tr><td style="white-space:nowrap">100000174059<a name="combined-term-ema-cs-100000174059"> </a></td><td>Suspension for injection in pre-filled injector</td></tr><tr><td style="white-space:nowrap">100000174060<a name="combined-term-ema-cs-100000174060"> </a></td><td>Gel in sachet</td></tr><tr><td style="white-space:nowrap">100000174061<a name="combined-term-ema-cs-100000174061"> </a></td><td>Oral suspension in pre-filled oral applicator</td></tr><tr><td style="white-space:nowrap">100000174062<a name="combined-term-ema-cs-100000174062"> </a></td><td>Oral emulsion in sachet</td></tr><tr><td style="white-space:nowrap">100000174063<a name="combined-term-ema-cs-100000174063"> </a></td><td>Oral paste in sachet</td></tr><tr><td style="white-space:nowrap">100000174064<a name="combined-term-ema-cs-100000174064"> </a></td><td>Powder and solvent for prolonged-release suspension for injection in pre-filled pen</td></tr><tr><td style="white-space:nowrap">200000018794<a name="combined-term-ema-cs-200000018794"> </a></td><td>Oral solution in multidose container with metering pump</td></tr><tr><td style="white-space:nowrap">100000156069<a name="combined-term-ema-cs-100000156069"> </a></td><td>Film-coated tablet and gastro-resistant granules in sachet</td></tr><tr><td style="white-space:nowrap">100000156090<a name="combined-term-ema-cs-100000156090"> </a></td><td>Ear drops, solution in single-dose container</td></tr><tr><td style="white-space:nowrap">100000171807<a name="combined-term-ema-cs-100000171807"> </a></td><td>Granules in single-dose container</td></tr><tr><td style="white-space:nowrap">100000172024<a name="combined-term-ema-cs-100000172024"> </a></td><td>Syrup in sachet</td></tr><tr><td style="white-space:nowrap">100000172025<a name="combined-term-ema-cs-100000172025"> </a></td><td>Emulsion for infusion in administration system</td></tr><tr><td style="white-space:nowrap">200000025956<a name="combined-term-ema-cs-200000025956"> </a></td><td>Film-coated granules in single-dose container</td></tr><tr><td style="white-space:nowrap">200000027808<a name="combined-term-ema-cs-200000027808"> </a></td><td>Dispersion for injection in pre-filled syringe</td></tr><tr><td style="white-space:nowrap">200000003532<a name="combined-term-ema-cs-200000003532"> </a></td><td>Powder and solvent for suspension for injection in multidose container</td></tr><tr><td style="white-space:nowrap">200000003533<a name="combined-term-ema-cs-200000003533"> </a></td><td>Solution for injection in multidose container</td></tr><tr><td style="white-space:nowrap">200000003534<a name="combined-term-ema-cs-200000003534"> </a></td><td>Suspension for injection in multidose container</td></tr><tr><td style="white-space:nowrap">200000003542<a name="combined-term-ema-cs-200000003542"> </a></td><td>Granules in capsule for opening</td></tr><tr><td style="white-space:nowrap">200000003970<a name="combined-term-ema-cs-200000003970"> </a></td><td>Prolonged-release suspension for injection in pre-filled pen</td></tr><tr><td style="white-space:nowrap">200000003584<a name="combined-term-ema-cs-200000003584"> </a></td><td>Solution for injection in vial</td></tr><tr><td style="white-space:nowrap">200000005491<a name="combined-term-ema-cs-200000005491"> </a></td><td>Nasal powder in single-dose container</td></tr><tr><td style="white-space:nowrap">200000010389<a name="combined-term-ema-cs-200000010389"> </a></td><td>Solution for infusion in cartridge</td></tr><tr><td style="white-space:nowrap">200000010633<a name="combined-term-ema-cs-200000010633"> </a></td><td>Solution for injection in pre-filled syringe in disposable cassette</td></tr><tr><td style="white-space:nowrap">200000010731<a name="combined-term-ema-cs-200000010731"> </a></td><td>Oral powder in single-dose container</td></tr><tr><td style="white-space:nowrap">100000073997<a name="combined-term-ema-cs-100000073997"> </a></td><td>Eye drops, solution in single-dose container</td></tr><tr><td style="white-space:nowrap">100000074028<a name="combined-term-ema-cs-100000074028"> </a></td><td>Pillules in single-dose container</td></tr><tr><td style="white-space:nowrap">100000074039<a name="combined-term-ema-cs-100000074039"> </a></td><td>Solution for injection in pre-filled pen</td></tr><tr><td style="white-space:nowrap">100000074046<a name="combined-term-ema-cs-100000074046"> </a></td><td>Solution for injection in cartridge</td></tr><tr><td style="white-space:nowrap">100000074047<a name="combined-term-ema-cs-100000074047"> </a></td><td>Solution for injection in pre-filled syringe</td></tr><tr><td style="white-space:nowrap">100000074050<a name="combined-term-ema-cs-100000074050"> </a></td><td>Suspension for injection in pre-filled pen</td></tr><tr><td style="white-space:nowrap">100000074062<a name="combined-term-ema-cs-100000074062"> </a></td><td>Suspension for injection in cartridge</td></tr><tr><td style="white-space:nowrap">100000074063<a name="combined-term-ema-cs-100000074063"> </a></td><td>Suspension for injection in pre-filled syringe</td></tr><tr><td style="white-space:nowrap">200000002333<a name="combined-term-ema-cs-200000002333"> </a></td><td>Eye drops</td></tr><tr><td style="white-space:nowrap">200000015352<a name="combined-term-ema-cs-200000015352"> </a></td><td>Oral powder in capsules for opening</td></tr><tr><td style="white-space:nowrap">200000015396<a name="combined-term-ema-cs-200000015396"> </a></td><td>Transdermal gel in sachet</td></tr><tr><td style="white-space:nowrap">100000075575<a name="combined-term-ema-cs-100000075575"> </a></td><td>Solution for infusion in administration system</td></tr><tr><td style="white-space:nowrap">100000075582<a name="combined-term-ema-cs-100000075582"> </a></td><td>Herbal tea in bag</td></tr><tr><td style="white-space:nowrap">100000075583<a name="combined-term-ema-cs-100000075583"> </a></td><td>Intravitreal implant in applicator</td></tr><tr><td style="white-space:nowrap">100000075585<a name="combined-term-ema-cs-100000075585"> </a></td><td>Powder and solvent for solution for injection in pre-filled syringe</td></tr><tr><td style="white-space:nowrap">100000075588<a name="combined-term-ema-cs-100000075588"> </a></td><td>Solution for injection/infusion in pre-filled syringe</td></tr><tr><td style="white-space:nowrap">200000015536<a name="combined-term-ema-cs-200000015536"> </a></td><td>Concentrate for dispersion for injection</td></tr><tr><td style="white-space:nowrap">200000002380<a name="combined-term-ema-cs-200000002380"> </a></td><td>Cutaneous solution in single-dose container</td></tr><tr><td style="white-space:nowrap">100000116144<a name="combined-term-ema-cs-100000116144"> </a></td><td>Coated granules in sachet</td></tr><tr><td style="white-space:nowrap">100000116166<a name="combined-term-ema-cs-100000116166"> </a></td><td>Nasal spray, solution in single-dose container</td></tr><tr><td style="white-space:nowrap">100000116178<a name="combined-term-ema-cs-100000116178"> </a></td><td>Powder and solvent for suspension for injection in pre-filled syringe</td></tr><tr><td style="white-space:nowrap">100000116190<a name="combined-term-ema-cs-100000116190"> </a></td><td>Solution for injection in needle-free injector</td></tr><tr><td style="white-space:nowrap">200000016198<a name="combined-term-ema-cs-200000016198"> </a></td><td>Oral solution in bottle</td></tr><tr><td style="white-space:nowrap">200000016458<a name="combined-term-ema-cs-200000016458"> </a></td><td>Oral suspension in single-dose container</td></tr><tr><td style="white-space:nowrap">100000125712<a name="combined-term-ema-cs-100000125712"> </a></td><td>Gel in pressurised container</td></tr><tr><td style="white-space:nowrap">100000125738<a name="combined-term-ema-cs-100000125738"> </a></td><td>Ear drops, suspension in single-dose container</td></tr><tr><td style="white-space:nowrap">100000125739<a name="combined-term-ema-cs-100000125739"> </a></td><td>Emulsion for injection/infusion in pre-filled syringe</td></tr><tr><td style="white-space:nowrap">100000125740<a name="combined-term-ema-cs-100000125740"> </a></td><td>Eye gel in single-dose container</td></tr><tr><td style="white-space:nowrap">100000125741<a name="combined-term-ema-cs-100000125741"> </a></td><td>Gastro-resistant granules for oral suspension in sachet</td></tr><tr><td style="white-space:nowrap">100000125742<a name="combined-term-ema-cs-100000125742"> </a></td><td>Granules for oral suspension in sachet</td></tr><tr><td style="white-space:nowrap">100000125743<a name="combined-term-ema-cs-100000125743"> </a></td><td>Granules in sachet</td></tr><tr><td style="white-space:nowrap">100000125744<a name="combined-term-ema-cs-100000125744"> </a></td><td>Nasal drops, solution in single-dose container</td></tr><tr><td style="white-space:nowrap">100000125745<a name="combined-term-ema-cs-100000125745"> </a></td><td>Oral powder in sachet</td></tr><tr><td style="white-space:nowrap">100000125748<a name="combined-term-ema-cs-100000125748"> </a></td><td>Powder and solvent for solution for injection in cartridge</td></tr><tr><td style="white-space:nowrap">100000125749<a name="combined-term-ema-cs-100000125749"> </a></td><td>Powder and solvent for solution for injection in pre-filled pen</td></tr><tr><td style="white-space:nowrap">100000125752<a name="combined-term-ema-cs-100000125752"> </a></td><td>Powder for oral solution in sachet</td></tr><tr><td style="white-space:nowrap">100000125753<a name="combined-term-ema-cs-100000125753"> </a></td><td>Implant in pre-filled syringe</td></tr><tr><td style="white-space:nowrap">100000125756<a name="combined-term-ema-cs-100000125756"> </a></td><td>Oral solution in sachet</td></tr><tr><td style="white-space:nowrap">100000125757<a name="combined-term-ema-cs-100000125757"> </a></td><td>Oral solution in single-dose container</td></tr><tr><td style="white-space:nowrap">100000125758<a name="combined-term-ema-cs-100000125758"> </a></td><td>Oral suspension in sachet</td></tr><tr><td style="white-space:nowrap">100000125762<a name="combined-term-ema-cs-100000125762"> </a></td><td>Solution and suspension for suspension for injection in pre-filled syringe</td></tr><tr><td style="white-space:nowrap">100000125773<a name="combined-term-ema-cs-100000125773"> </a></td><td>Prolonged-release granules for oral suspension in sachet</td></tr><tr><td style="white-space:nowrap">100000125774<a name="combined-term-ema-cs-100000125774"> </a></td><td>Prolonged-release granules in sachet</td></tr><tr><td style="white-space:nowrap">100000125775<a name="combined-term-ema-cs-100000125775"> </a></td><td>Prolonged-release suspension for injection in pre-filled syringe</td></tr><tr><td style="white-space:nowrap">100000125776<a name="combined-term-ema-cs-100000125776"> </a></td><td>Solution for infusion in pre-filled syringe</td></tr></table></div></text><url value="https://spor.ema.europa.eu/v1/lists/200000000007"/><version value="0.1.0"/><name value="CombinedTerm_EMA_CS"/><title value="Combined Term EMA"/><status value="draft"/><experimental value="false"/><date value="2023-12-11T14:40:01+00:00"/><publisher value="UNICOM"/><contact><name value="UNICOM"/><telecom><system value="url"/><value value="http://unicom-project.eu"/></telecom></contact><description value="Combined Term. Based on EDQM. Re-coded with RMS codes. Only used for authorised dose form."/><caseSensitive value="false"/><compositional value="false"/><content value="complete"/><count value="79"/><concept><code value="100000136320"/><display value="Eye drops, prolonged-release solution in single-dose container"/></concept><concept><code value="100000136321"/><display value="Eye drops, suspension in single-dose container"/></concept><concept><code value="100000136322"/><display value="Eye ointment in single-dose container"/></concept><concept><code value="100000136323"/><display value="Granules for oral solution in sachet"/></concept><concept><code value="200000017731"/><display value="Powder for oral suspension in sachet"/></concept><concept><code value="100000166823"/><display value="Solution for injection in pre-filled injector"/></concept><concept><code value="100000167461"/><display value="Solution for injection in dose-dispenser cartridge"/></concept><concept><code value="100000174056"/><display value="Solution for injection in administration system"/></concept><concept><code value="100000174057"/><display value="Powder and solvent for prolonged-release suspension for injection in pre-filled syringe"/></concept><concept><code value="100000174058"/><display value="Powder for oral/rectal suspension in sachet"/></concept><concept><code value="100000174059"/><display value="Suspension for injection in pre-filled injector"/></concept><concept><code value="100000174060"/><display value="Gel in sachet"/></concept><concept><code value="100000174061"/><display value="Oral suspension in pre-filled oral applicator"/></concept><concept><code value="100000174062"/><display value="Oral emulsion in sachet"/></concept><concept><code value="100000174063"/><display value="Oral paste in sachet"/></concept><concept><code value="100000174064"/><display value="Powder and solvent for prolonged-release suspension for injection in pre-filled pen"/></concept><concept><code value="200000018794"/><display value="Oral solution in multidose container with metering pump"/></concept><concept><code value="100000156069"/><display value="Film-coated tablet and gastro-resistant granules in sachet"/></concept><concept><code value="100000156090"/><display value="Ear drops, solution in single-dose container"/></concept><concept><code value="100000171807"/><display value="Granules in single-dose container"/></concept><concept><code value="100000172024"/><display value="Syrup in sachet"/></concept><concept><code value="100000172025"/><display value="Emulsion for infusion in administration system"/></concept><concept><code value="200000025956"/><display value="Film-coated granules in single-dose container"/></concept><concept><code value="200000027808"/><display value="Dispersion for injection in pre-filled syringe"/></concept><concept><code value="200000003532"/><display value="Powder and solvent for suspension for injection in multidose container"/></concept><concept><code value="200000003533"/><display value="Solution for injection in multidose container"/></concept><concept><code value="200000003534"/><display value="Suspension for injection in multidose container"/></concept><concept><code value="200000003542"/><display value="Granules in capsule for opening"/></concept><concept><code value="200000003970"/><display value="Prolonged-release suspension for injection in pre-filled pen"/></concept><concept><code value="200000003584"/><display value="Solution for injection in vial"/></concept><concept><code value="200000005491"/><display value="Nasal powder in single-dose container"/></concept><concept><code value="200000010389"/><display value="Solution for infusion in cartridge"/></concept><concept><code value="200000010633"/><display value="Solution for injection in pre-filled syringe in disposable cassette"/></concept><concept><code value="200000010731"/><display value="Oral powder in single-dose container"/></concept><concept><code value="100000073997"/><display value="Eye drops, solution in single-dose container"/></concept><concept><code value="100000074028"/><display value="Pillules in single-dose container"/></concept><concept><code value="100000074039"/><display value="Solution for injection in pre-filled pen"/></concept><concept><code value="100000074046"/><display value="Solution for injection in cartridge"/></concept><concept><code value="100000074047"/><display value="Solution for injection in pre-filled syringe"/></concept><concept><code value="100000074050"/><display value="Suspension for injection in pre-filled pen"/></concept><concept><code value="100000074062"/><display value="Suspension for injection in cartridge"/></concept><concept><code value="100000074063"/><display value="Suspension for injection in pre-filled syringe"/></concept><concept><code value="200000002333"/><display value="Eye drops"/></concept><concept><code value="200000015352"/><display value="Oral powder in capsules for opening"/></concept><concept><code value="200000015396"/><display value="Transdermal gel in sachet"/></concept><concept><code value="100000075575"/><display value="Solution for infusion in administration system"/></concept><concept><code value="100000075582"/><display value="Herbal tea in bag"/></concept><concept><code value="100000075583"/><display value="Intravitreal implant in applicator"/></concept><concept><code value="100000075585"/><display value="Powder and solvent for solution for injection in pre-filled syringe"/></concept><concept><code value="100000075588"/><display value="Solution for injection/infusion in pre-filled syringe"/></concept><concept><code value="200000015536"/><display value="Concentrate for dispersion for injection"/></concept><concept><code value="200000002380"/><display value="Cutaneous solution in single-dose container"/></concept><concept><code value="100000116144"/><display value="Coated granules in sachet"/></concept><concept><code value="100000116166"/><display value="Nasal spray, solution in single-dose container"/></concept><concept><code value="100000116178"/><display value="Powder and solvent for suspension for injection in pre-filled syringe"/></concept><concept><code value="100000116190"/><display value="Solution for injection in needle-free injector"/></concept><concept><code value="200000016198"/><display value="Oral solution in bottle"/></concept><concept><code value="200000016458"/><display value="Oral suspension in single-dose container"/></concept><concept><code value="100000125712"/><display value="Gel in pressurised container"/></concept><concept><code value="100000125738"/><display value="Ear drops, suspension in single-dose container"/></concept><concept><code value="100000125739"/><display value="Emulsion for injection/infusion in pre-filled syringe"/></concept><concept><code value="100000125740"/><display value="Eye gel in single-dose container"/></concept><concept><code value="100000125741"/><display value="Gastro-resistant granules for oral suspension in sachet"/></concept><concept><code value="100000125742"/><display value="Granules for oral suspension in sachet"/></concept><concept><code value="100000125743"/><display value="Granules in sachet"/></concept><concept><code value="100000125744"/><display value="Nasal drops, solution in single-dose container"/></concept><concept><code value="100000125745"/><display value="Oral powder in sachet"/></concept><concept><code value="100000125748"/><display value="Powder and solvent for solution for injection in cartridge"/></concept><concept><code value="100000125749"/><display value="Powder and solvent for solution for injection in pre-filled pen"/></concept><concept><code value="100000125752"/><display value="Powder for oral solution in sachet"/></concept><concept><code value="100000125753"/><display value="Implant in pre-filled syringe"/></concept><concept><code value="100000125756"/><display value="Oral solution in sachet"/></concept><concept><code value="100000125757"/><display value="Oral solution in single-dose container"/></concept><concept><code value="100000125758"/><display value="Oral suspension in sachet"/></concept><concept><code value="100000125762"/><display value="Solution and suspension for suspension for injection in pre-filled syringe"/></concept><concept><code value="100000125773"/><display value="Prolonged-release granules for oral suspension in sachet"/></concept><concept><code value="100000125774"/><display value="Prolonged-release granules in sachet"/></concept><concept><code value="100000125775"/><display value="Prolonged-release suspension for injection in pre-filled syringe"/></concept><concept><code value="100000125776"/><display value="Solution for infusion in pre-filled syringe"/></concept></CodeSystem>